review_group_id,v1_economic_facility_id,ticker,period_end,observation_date,borrower_norm,lot_count,source_row_count,raw_identifiers_json,raw_row_ids_json,v1_spreads_json,v1_maturities_json,v1_facility_types_json,v1_liens_json,proposed_v2_key_count,proposed_v2_keys_sha256,auto_v1_merges_multiple_v2_groups,proposed_grouping,manual_same_economic_facility,review_notes
AGG_MULTI_cc3b8732f19d777d,EF_031936c96b4ab26ba2c00b81b3d3,MAIN,2024-03-31,2023-12-31,american nuts,2,2,"[""American Nuts, LLC, Secured Debt 1"",""American Nuts, LLC, Secured Debt 2""]","[""317be89f4d86a353b04350e7"",""6f11c23572b8f2c6bf346d2f""]","[""0.0975""]","[""UNKNOWN""]","[""other_debt""]","[""secured_unspecified""]",2,93b0719bee59ff8bc75b45e9ccb79550595cc275734e2a09644179dda804c4bb,True,"split by exact spread, exact maturity and canonical tranche text",,
AGG_MULTI_95cd30424e092a30,EF_03e74506de3bc6dab8c59fdd37ad,FSK,2024-06-30,2024-06-30,global lending services abf financial services,3,3,"[""Global Lending Services LLC, ABF Equity, Financial Services"",""Global Lending Services LLC, ABF Equity, Financial Services 1"",""Global Lending Services LLC, ABF Equity, Financial Services 2""]","[""5988caca64586a25b177570c"",""8c2f8a72f6817d8e7eb244c0"",""ff1e6ee6a26b3358f1c75fe7""]","[""UNKNOWN""]","[""UNKNOWN""]","[""common_equity""]","[""unknown""]",3,8016da05d0ccf3be8784765f99dc52209aa5f6bb03622c7c6e85a6dee6a78f2b,True,"split by exact spread, exact maturity and canonical tranche text",,
AGG_MULTI_708b17ac4bed42ed,EF_04529405ea8b8ce18d6e13062aee,BCRED,2024-09-30,2024-09-30,g and a partners ii,2,2,"[""G&A Partners Holding Company II, LLC 1"",""G&A Partners Holding Company II, LLC 2""]","[""07cd7dc536b16431c668314f"",""90e96020761ef1f2fc2e5304""]","[""0.0550""]","[""UNKNOWN""]","[""unknown""]","[""unknown""]",2,1ba39e7db93ba9ad3a4fd5db4c2ac9d08dc0de7b7eef0d3d0a89229e0618c397,True,"split by exact spread, exact maturity and canonical tranche text",,
AGG_MULTI_d734dfda1d341429,EF_084a65a0219556bc681a1902de2c,GBDC,2024-09-30,2024-09-30,entomo brands acquisitions,3,3,"[""Entomo Brands Acquisitions, Inc., Senior secured 1"",""Entomo Brands Acquisitions, Inc., Senior secured 2"",""Entomo Brands Acquisitions, Inc., Senior secured 3""]","[""156fdbd9fbda56cdbeef2af9"",""4ceaf7a7ec806973f1130176"",""b8b9c1705ea3bc5aedd0b4f9""]","[""0.0550""]","[""UNKNOWN""]","[""other_debt""]","[""secured_unspecified""]",3,c7d7e660d2ea84ed88677a8ab71a979ef6fccdd8994aa908d57399cb5d0659f2,True,"split by exact spread, exact maturity and canonical tranche text",,
AGG_MULTI_1949a63bea725d4c,EF_0ec837e51dc4f862c33c7dfd51b1,MAIN,2024-12-31,2024-12-31,victory energy operations,2,2,"[""Victory Energy Operations, LLC, Secured Debt 1"",""Victory Energy Operations, LLC, Secured Debt 2""]","[""3af4c2721963de50686c865a"",""e5be45df54c7abcc7ef0c09f""]","[""UNKNOWN""]","[""UNKNOWN""]","[""other_debt""]","[""secured_unspecified""]",2,94a3113ae4fa8ec28f79bcd3e666907818f394a6bb18604bfef28c74fb19d8f4,True,"split by exact spread, exact maturity and canonical tranche text",,
AGG_MULTI_70514fd432572493,EF_1199728b1521b55ea10cc692cfc8,ARCC,2025-09-30,2025-09-30,people,2,2,"[""People Corporation, First lien senior secured revolving loan"",""People Corporation, First lien senior secured revolving loan 2""]","[""0fb66b4b76ebc5eb2b2590d0"",""30715e6949d32037b8dca38b""]","[""0.0525""]","[""UNKNOWN""]","[""revolver""]","[""first_lien""]",2,a467084ec44b2c5bdbfb9e6b8786a4171db17c61c49034d632dd7c9761e7863c,True,"split by exact spread, exact maturity and canonical tranche text",,
AGG_MULTI_c07ab68be26c5e7c,EF_11f5ce1ab0a27f1578fdf96ee860,GBDC,2024-09-30,2023-09-30,p and p food safety one stop,3,3,"[""P&P Food Safety Holdings, Inc., One stop 1"",""P&P Food Safety Holdings, Inc., One stop 2"",""P&P Food Safety Holdings, Inc., One stop 3""]","[""4b62c92a82c4a1a289a23a50"",""51cf0b26e1493f3d38492714"",""54efd979e7b19f3faae14fff""]","[""0.0600""]","[""UNKNOWN""]","[""unknown""]","[""unknown""]",3,7709746e4cb35bb37e83155718d448fc583d54c57fa16d7d5a03945e85d80490,True,"split by exact spread, exact maturity and canonical tranche text",,
AGG_MULTI_bb85bf7aba00cefc,EF_13e1bd8ce6c2b6ea0a9137403eb3,OCIC,2024-03-31,2023-12-31,walker edison furniture,2,2,"[""Walker Edison Furniture Company LLC, First lien senior secured delayed draw term loan 1"",""Walker Edison Furniture Company LLC, First lien senior secured delayed draw term loan 2""]","[""1ad6caef96a5af2187327c03"",""556c2236c02b269983e19df9""]","[""UNKNOWN""]","[""UNKNOWN""]","[""delayed_draw""]","[""first_lien""]",2,766106de21e7f225c7943e92aeb7f863e198291adbae0217fea11e6de490c3a4,True,"split by exact spread, exact maturity and canonical tranche text",,
AGG_MULTI_55a393d7d51ca931,EF_159f9aa1e5b6f22b829d488e77f9,GBDC,2024-12-31,2024-09-30,wbz investment one stop,5,5,"[""WBZ Investment, LLC, One stop 1"",""WBZ Investment, LLC, One stop 2"",""WBZ Investment, LLC, One stop 3"",""WBZ Investment, LLC, One stop 4"",""WBZ Investment, LLC, One stop 5""]","[""23849c1139fb21912a3babe5"",""27340ed6a362b9618bef1ff2"",""63a56139bb76e94b68397c88"",""a8cdaa971cc258961b8a1459"",""b35eef5b4d1a26d4c8d136b1""]","[""0.0675""]","[""UNKNOWN""]","[""unknown""]","[""unknown""]",5,a5c9ac06bca3046204d099ba58d9b128492ff505989d67948cf10e23010bbb72,True,"split by exact spread, exact maturity and canonical tranche text",,
AGG_MULTI_cb9fdf0b5defe5ea,EF_19e26bf1e58df37677bde8d5c0c0,ARCC,2025-03-31,2025-03-31,nelipak nelipak european cooperatief u a knpak and paknk netherlands treasury b v,2,2,"[""Nelipak Holding Company, Nelipak European Holdings Cooperatief U.A., KNPAK Holdings, LP and PAKNK Netherlands Treasury B.V., First lien senior secured loan 1"",""Nelipak Holding Company, Nelipak European Holdings Cooperatief U.A., KNPAK Holdings, LP and PAKNK Netherlands Treasury B.V., First lien senior secured loan 2""]","[""152fe1e1a7263c51c4af3861"",""b888e709d84719ec82c9aecf""]","[""0.0550""]","[""UNKNOWN""]","[""other_debt""]","[""first_lien""]",2,b57b1c69a093ee45ddb670cede20a190bd441d9205a27a01221919c3d6dec936,True,"split by exact spread, exact maturity and canonical tranche text",,
AGG_MULTI_c03bab6ffc375ddf,EF_1c8f3492991916ad8996ae53a260,GBDC,2025-03-31,2025-03-31,inhabit iq,3,3,"[""Inhabit IQ Inc. 1"",""Inhabit IQ Inc. 2"",""Inhabit IQ Inc. 3""]","[""12e69d910dafc0d4581aca9f"",""150f61b65da1a1a9aebab9d5"",""857de2b846f8e16e70a42d46""]","[""0.0450""]","[""UNKNOWN""]","[""unknown""]","[""unknown""]",3,2c709091a0f762bd2db5ab06a22e124b8466b87002870d59fd328cc2b760aa15,True,"split by exact spread, exact maturity and canonical tranche text",,
AGG_MULTI_6520c07115996fae,EF_22b38c3358e8254ffa5a8b9baf46,GBDC,2025-03-31,2024-09-30,shoes for crews global,3,3,"[""Shoes For Crews Global, LLC, Senior secured 1"",""Shoes For Crews Global, LLC, Senior secured 3"",""Shoes For Crews Global, LLC, Senior secured 4""]","[""9df1b9ccdb72962098e074cb"",""ae1dd4b270e339b529f5379e"",""bac172bdfde3a999c3989e4f""]","[""0.0650""]","[""UNKNOWN""]","[""other_debt""]","[""secured_unspecified""]",3,f606b4f8a18b8e4a83b0a18f5da1b52ea8d2fab4d7ea1c895b7ce9e9ff87bf55,True,"split by exact spread, exact maturity and canonical tranche text",,
AGG_MULTI_47fa1a40906dd089,EF_2664c14a9e09816df161a13f0c50,GBDC,2024-06-30,2024-06-30,reaction biology one stop,4,4,"[""Reaction Biology Corporation, One stop 1"",""Reaction Biology Corporation, One stop 2"",""Reaction Biology Corporation, One stop 3"",""Reaction Biology Corporation, One stop 4""]","[""073f9723c090d98959af9d2b"",""c2ce4a0096b403a28d170231"",""eb0089c0b2652a1701aae42a"",""f94ffc9b30cdb554a9112612""]","[""0.0690""]","[""UNKNOWN""]","[""unknown""]","[""unknown""]",4,01b0fd3eb0bce0f0bc1e9e415e3af0e00e81a1ab5bad3dde8b606259abad8307,True,"split by exact spread, exact maturity and canonical tranche text",,
AGG_MULTI_b6246b61ea14f368,EF_267b201529dbfeeae26b251491e8,BCRED,2024-09-30,2024-09-30,petrus buyer,2,2,"[""Petrus Buyer Inc 1"",""Petrus Buyer Inc 2""]","[""1f092a71caa222394a45ee7f"",""c91ad6f9b088fd2b482ecdfa""]","[""0.0525""]","[""UNKNOWN""]","[""unknown""]","[""unknown""]",2,60155b3e7fb7927ea777162b5c94f48665b11a96fe4f64d43fad2ae9861c79b8,True,"split by exact spread, exact maturity and canonical tranche text",,
AGG_MULTI_b554c16ca3b83fda,EF_2857d4843503ec55c81da40c9822,ARCC,2025-06-30,2025-06-30,datix bidco and rl datix usa,2,2,"[""Datix Bidco Limited and RL Datix Holdings (USA), Inc., First lien senior secured loan 1"",""Datix Bidco Limited and RL Datix Holdings (USA), Inc., First lien senior secured loan 2""]","[""db4a0c7a859384684eb60be8"",""f59fef7359f88bfc84c897ec""]","[""0.0525""]","[""UNKNOWN""]","[""other_debt""]","[""first_lien""]",2,6e993608439856f08af9f92836619a70841e56b7cd8c424a61d335ca430e9a8f,True,"split by exact spread, exact maturity and canonical tranche text",,
AGG_MULTI_87a2e69e022edf28,EF_28e9952439c7f7ad220d137dff1d,GBDC,2024-09-30,2023-09-30,beco one stop,3,3,"[""BECO Holding Company, Inc., One stop 1"",""BECO Holding Company, Inc., One stop 2"",""BECO Holding Company, Inc., One stop 3""]","[""07dac4a0ba7741b9ab255f0e"",""6b63bd2730f7cb8ee6f86adf"",""f8cfa4c16972b6c1c9c9dc17""]","[""0.0525""]","[""UNKNOWN""]","[""unknown""]","[""unknown""]",3,f22e5d4fcc5aeaee5d08253bf974cdaab64659ba6fca6bb71897b08bd51384db,True,"split by exact spread, exact maturity and canonical tranche text",,
AGG_MULTI_479b9b301fc629ac,EF_2c10af6a49723f8e4732172e1a1d,BCRED,2024-06-30,2023-12-31,great day improvements,2,2,"[""Great Day Improvements, LLC 1"",""Great Day Improvements, LLC 2""]","[""3061e4e6fe288d8f7e8a5f67"",""a41749f2ec1aaf25f4f88475""]","[""0.0625""]","[""UNKNOWN""]","[""unknown""]","[""unknown""]",2,e926952b22c05d3569ec150accecfb83e66c0ca6f0c2daa4c34d0a86b633e661,True,"split by exact spread, exact maturity and canonical tranche text",,
AGG_MULTI_ae821701ee298524,EF_329495d1d6bd3e65527b6173b709,GBDC,2024-03-31,2024-03-31,virginia green acquisition one stop,3,3,"[""Virginia Green Acquisition, LLC, One stop 1"",""Virginia Green Acquisition, LLC, One stop 2"",""Virginia Green Acquisition, LLC, One stop 3""]","[""1735a3596d9e9df9256d64f5"",""2fbb4d4f0aa96713ec11774b"",""8c05d57f28c179aea178d00c""]","[""0.0550""]","[""UNKNOWN""]","[""unknown""]","[""unknown""]",3,6a51f17de0c905ca4a6caed1d160053d1c0c2502949671b816ed13d7dd274892,True,"split by exact spread, exact maturity and canonical tranche text",,
AGG_MULTI_42dce42c498bc81d,EF_33bb50be5316dccb566cc53f4737,OCIC,2024-09-30,2023-12-31,wrench,2,2,"[""Wrench Group LLC, First lien senior secured loan"",""Wrench Group LLC, First lien senior secured loan 2""]","[""9be2307ef6213dbe56bfa1cc"",""e2b9d3852cccd2ce24937357""]","[""0.0400""]","[""UNKNOWN""]","[""other_debt""]","[""first_lien""]",2,d63c61da9b58710641bd9f434e36f17fb94fb1d6f1f2ba69e42da10dae387389,True,"split by exact spread, exact maturity and canonical tranche text",,
AGG_MULTI_6edaeaae7a7a41ba,EF_349bad14a63b329a64eb2ce63c1b,GBDC,2024-12-31,2024-12-31,varicent intermediate one stop,2,2,"[""Varicent Intermediate Holdings Corporation, One stop 1"",""Varicent Intermediate Holdings Corporation, One stop 3""]","[""3f85305a869c2a3a59c46151"",""f7e8a90d8e9b311933eb94c4""]","[""0.0600""]","[""UNKNOWN""]","[""unknown""]","[""unknown""]",2,5eecfee185f6b913b3965a4496fc90c657255e7ef768e29bd4689615f7f7b218,True,"split by exact spread, exact maturity and canonical tranche text",,
AGG_MULTI_8ca5e68f194c2256,EF_354f4fe46b42c3235176db86f216,GBDC,2024-12-31,2024-09-30,workforce software stock,2,2,"[""Workforce Software, LLC, Common stock 1"",""Workforce Software, LLC, Common stock 2""]","[""c613a3769fd23746a8ca824d"",""d56aa161efffdaaabc78385e""]","[""UNKNOWN""]","[""UNKNOWN""]","[""common_equity""]","[""unknown""]",2,8f1d6700e285cedd9a687189a73b50a723294267ddd8fe5386aefd90b466dd96,True,"split by exact spread, exact maturity and canonical tranche text",,
AGG_MULTI_96b44795a3ccf133,EF_356b2937b4803eef3ca3adee40fd,ARCC,2024-09-30,2024-09-30,st athena global and st athena global,2,2,"[""St Athena Global LLC and St Athena Global Holdings Limited, First lien senior secured loan 1"",""St Athena Global LLC and St Athena Global Holdings Limited, First lien senior secured loan 2""]","[""1d0891f71bc49124574ac86b"",""49eb710e7d3dd23ebb6f841d""]","[""0.0525""]","[""UNKNOWN""]","[""other_debt""]","[""first_lien""]",2,059b3945df26c04abb85d50ec5115a0d5d18fd6ada366c3b4143b9eec9340bc5,True,"split by exact spread, exact maturity and canonical tranche text",,
AGG_MULTI_0c9818ea1563d2aa,EF_398eae42b6536a9c47e90a62ed7d,GBDC,2025-06-30,2024-09-30,optimizely north america one stop,4,4,"[""Optimizely North America, Inc., One stop 1"",""Optimizely North America, Inc., One stop 3"",""Optimizely North America, Inc., One stop 4"",""Optimizely North America, Inc., One stop 5""]","[""187382a0b5c9619857e9268d"",""2019731615895cc90f46cc90"",""28bcd8fba379a003dc142315"",""c6bb76cfd087441dd0972263""]","[""0.0525""]","[""UNKNOWN""]","[""unknown""]","[""unknown""]",4,9e687a975ae9e0b5ef6eed56812f900bf8583d3832cad635a6edd698d6984616,True,"split by exact spread, exact maturity and canonical tranche text",,
AGG_MULTI_104202b884a5c637,EF_3b7669348ce0fbda76dd602dc082,GBDC,2023-12-31,2023-12-31,watermill express one stop,3,3,"[""Watermill Express, LLC, One stop 1"",""Watermill Express, LLC, One stop 2"",""Watermill Express, LLC, One stop 3""]","[""487bf2a829c64743a3fc97da"",""69f1e27945e1f880a628684a"",""faccd33870a884b8b0bbf4e2""]","[""0.0500""]","[""UNKNOWN""]","[""unknown""]","[""unknown""]",3,b2986e55880f0d647a5d6ba04ca45354d59be2d6d36eda0e2ed77ed34130fd85,True,"split by exact spread, exact maturity and canonical tranche text",,
AGG_MULTI_4520001986d238fe,EF_401ea6d2d0db498cda340c128143,BCRED,2024-03-31,2024-03-31,sunshine cadence holdco,2,2,"[""Sunshine Cadence Holdco, LLC 2"",""Sunshine Cadence Holdco, LLC 3""]","[""de6783159a1470da447704a8"",""f7c5c27447a8c20b44934211""]","[""0.0650""]","[""UNKNOWN""]","[""unknown""]","[""unknown""]",2,374157937a07a1205e93163b1369113996f9b6307223c3dcecc5b141b41653c3,True,"split by exact spread, exact maturity and canonical tranche text",,
AGG_MULTI_7f0f8d055b2f79ac,EF_45314bae19d87f2f7273cf6b8244,FSK,2025-03-31,2024-12-31,foundation risk partners insurance,3,3,"[""Foundation Risk Partners Corp, Insurance 1"",""Foundation Risk Partners Corp, Insurance 2"",""Foundation Risk Partners Corp, Insurance 3""]","[""080b09b56cd5141981212fea"",""a56eabfceceb3d8a5778ad1d"",""db20fcf329ecd436c6e3243f""]","[""0.0525""]","[""UNKNOWN""]","[""unknown""]","[""unknown""]",3,b60ce1b1e847d241e55fa82d0549b108393c0b506e0f4008d83fea2a955d8df4,True,"split by exact spread, exact maturity and canonical tranche text",,
AGG_MULTI_59ef008cf6710386,EF_45c99cb695ed888b2cc789dd6c5a,FSK,2023-12-31,2023-12-31,lakeview farms food beverage and tobacco,3,3,"[""Lakeview Farms Inc,Food, Beverage & Tobacco,1"",""Lakeview Farms Inc,Food, Beverage & Tobacco,2"",""Lakeview Farms Inc,Food, Beverage & Tobacco,3""]","[""00b2b7c55bfa85af82abf943"",""37ddaacea1bf798df70e5ab6"",""dca10ffd472bb0133183882d""]","[""0.0575""]","[""UNKNOWN""]","[""unknown""]","[""unknown""]",3,ebfaf4053f9be10d5a0b4edf4fe34fcb6deb7a93a6390715dd9a351812512662,True,"split by exact spread, exact maturity and canonical tranche text",,
AGG_MULTI_0469ac2f5ac2cc0d,EF_48d8361c2c595e39c9b4194c3dfb,MAIN,2024-06-30,2024-06-30,harris preston fund investments interests hpep,2,2,"[""Harris Preston Fund Investments, LP Interests (HPEP 3, L.P.)"",""Harris Preston Fund Investments, LP Interests (HPEP 4, L.P.)""]","[""2bc988a2dd3ad52c9112fe93"",""71f63c95c5aa2dfecc0e7019""]","[""UNKNOWN""]","[""UNKNOWN""]","[""unknown""]","[""unknown""]",2,d2365c37773820013764e6204c09c7383091273a2244a8da39cc0dd396d4309c,True,"split by exact spread, exact maturity and canonical tranche text",,
AGG_MULTI_c32b1b1210e91356,EF_4a43d23174552ec1175c1abe8732,MAIN,2025-09-30,2025-09-30,adams publishing,2,2,"[""Adams Publishing Group, LLC, Secured Debt 1"",""Adams Publishing Group, LLC, Secured Debt 2""]","[""6c7e0936f30690dae05c6dad"",""fd8763619b7f6d04c5a775df""]","[""0.0700""]","[""UNKNOWN""]","[""other_debt""]","[""secured_unspecified""]",2,fcdd211102649cd222f02ba5a6dee125bcf35e3505dd658db4aef6070ae834ff,True,"split by exact spread, exact maturity and canonical tranche text",,
AGG_MULTI_7e5af9e26eb709be,EF_4aa40a619d9f65d81cef19965fff,BCRED,2024-12-31,2023-12-31,high street buyer,2,2,"[""High Street Buyer, Inc. 1"",""High Street Buyer, Inc. 2""]","[""032eaafff6f86dde3b31e794"",""119492a84ecb41b1b73b09d4""]","[""0.0575""]","[""UNKNOWN""]","[""unknown""]","[""unknown""]",2,d34311c43fdbce3dcb4c28cb31a6bb1be98c36e61ff17d54e7438a9d2916b3ad,True,"split by exact spread, exact maturity and canonical tranche text",,
AGG_MULTI_53ee1a62616b87fb,EF_4ce0fb0721791ed7c76b1fb0a625,GBDC,2024-12-31,2024-12-31,riskonnect parent one stop,3,3,"[""Riskonnect Parent, LLC., One stop 3"",""Riskonnect Parent, LLC., One stop 4"",""Riskonnect Parent, LLC., One stop 6""]","[""00c0aa8b6d1902474df609fe"",""38ab13bb241217de91852482"",""4326956f7a53199f255ef9ee""]","[""0.0525""]","[""UNKNOWN""]","[""unknown""]","[""unknown""]",3,0b3dc13c79bda7083aab5d9a67c76f6801fc3b7c5544bb581bd840ef45c9b049,True,"split by exact spread, exact maturity and canonical tranche text",,
AGG_MULTI_82d7c2809d4cda2b,EF_52440d1139ec5db064d2b891bfd9,FSK,2024-06-30,2023-12-31,altitude ii irl wh borrower dac capital goods,2,2,"[""Altitude II IRL WH Borrower DAC, Revolver, Capital Goods 1"",""Altitude II IRL WH Borrower DAC, Revolver, Capital Goods 2""]","[""198f8696d22f272510dd14aa"",""d723f360b4c4d089df2d98cc""]","[""0.1000""]","[""UNKNOWN""]","[""revolver""]","[""unknown""]",2,d8fd1391e232478afb0390ffcf6e23c458acfc356d334e64dee20f846b9a4666,True,"split by exact spread, exact maturity and canonical tranche text",,
AGG_MULTI_81239fe9c2371724,EF_534f788d6915e083b57c5f7dc29a,MFIC,2025-06-30,2024-12-31,beverage food and tobacco turkey hill thlp plus floor date,2,2,"[""Beverage, Food & Tobacco Turkey Hill THLP CO. LLC First Lien Secured Debt - Term Loan SOFR+600 Cash plus 2.00% PIK, 1.00% Floor Maturity Date 05/31/25"",""Beverage, Food & Tobacco Turkey Hill THLP CO. LLC First Lien Secured Debt - Term Loan SOFR+600 Cash plus 6.00% PIK, 1.00% Floor Maturity Date 05/31/25""]","[""7f8e9458f429d916e72f065e"",""841f1ac5e4f3307eb50acdf1""]","[""0.0600""]","[""2025-05-31""]","[""term_loan""]","[""first_lien""]",2,7238555a43c24fb5f5010e089782cd070544c078d4ef7302fd1fdbc0f44ceb63,True,"split by exact spread, exact maturity and canonical tranche text",,
AGG_MULTI_f0563f6a94f72ea7,EF_548537cc67c03b387a5a2294805e,GBDC,2025-03-31,2024-09-30,gty technology one stop,2,2,"[""GTY Technology Holdings, Inc., One stop 4"",""GTY Technology Holdings, Inc., One stop 6""]","[""65f9ffe3d4673306b23c976b"",""b3f6327739714da326614550""]","[""0.0713""]","[""UNKNOWN""]","[""unknown""]","[""unknown""]",2,cb0fae8d962392c0c78ada9843b94336224852b2455f4a245d5fc649f61b31fb,True,"split by exact spread, exact maturity and canonical tranche text",,
AGG_MULTI_be7d628e41cafce2,EF_55dc92ae87665ca243c3155690eb,HPS,2025-06-30,2024-12-31,auditboard,2,2,"[""Auditboard, Inc. 1"",""Auditboard, Inc. 2""]","[""849082fc3ce1307b4c00ebc1"",""da022326c65fef77b9cf6cc3""]","[""UNKNOWN""]","[""UNKNOWN""]","[""unknown""]","[""unknown""]",2,db08cf719ffa5bef1ac88b61dd849734dcbd9f81c67dfdbbcc92421f16939688,True,"split by exact spread, exact maturity and canonical tranche text",,
AGG_MULTI_41f109b7efa54890,EF_5ae2ab8866b92c7d32e50d252cca,GSBD,2024-12-31,2024-12-31,nvestment investments united states the center for orthopedic and research excellence dba hopco industry health care providers and services interest rate reference rate and spread,4,4,"[""nvestment Debt Investments - 216.8% United States 210.4% 1st Lien/Senior Secured Debt 195.8% The Center for Orthopedic and Research Excellence, Inc. (dba HOPCo) Industry Health Care Providers & Services Interest Rate 10.66% Reference Rate and Spread"",""nvestment Debt Investments - 216.8% United States 210.4% 1st Lien/Senior Secured Debt 195.8% The Center for Orthopedic and Research Excellence, Inc. (dba HOPCo) Industry Health Care Providers & Services Interest Rate 10.67% Reference Rate and Spread"",""nvestment Debt Investments - 216.8% United States 210.4% 1st Lien/Senior Secured Debt 195.8% The Center for Orthopedic and Research Excellence, Inc. (dba HOPCo) Industry Health Care Providers & Services Interest Rate 10.74% Reference Rate and Spread"",""nvestment Debt Investments - 216.8% United States 210.4% 1st Lien/Senior Secured Debt 195.8% The Center for Orthopedic and Research Excellence, Inc. (dba HOPCo) Industry Health Care Providers & Services Interest Rate 10.76% Reference Rate and Spread""]","[""39fda51df3a6bdfaf7a397aa"",""6ec507045a59bbb88d5ce777"",""d61ddc683f75b675cc6fda4e"",""e0454a9d622d0feeb45fecc9""]","[""0.0600""]","[""2025-08-15""]","[""other_debt""]","[""first_lien""]",4,27ebdd3e8a6444b8562c8db5b6bb54444e023604e00ef372a787cd48b5d23987,True,"split by exact spread, exact maturity and canonical tranche text",,
AGG_MULTI_9792ea3609740491,EF_5ae91c29ae9bf441428dfe8451b6,GBDC,2024-09-30,2023-09-30,reaction biology one stop,5,5,"[""Reaction Biology Corporation, One stop 1"",""Reaction Biology Corporation, One stop 2"",""Reaction Biology Corporation, One stop 3"",""Reaction Biology Corporation, One stop 4"",""Reaction Biology Corporation, One stop 5""]","[""136231e99c3e71e9c25cf76f"",""61503e02d4e43fe3e9692e74"",""7282a8eb9de9c61fef265b01"",""834b8f474c514de6ec578595"",""a0c18751e3dc97f8a2afe599""]","[""0.0525""]","[""UNKNOWN""]","[""unknown""]","[""unknown""]",5,248e27332d361030ec948972f811c9baf95d5767306748b294b6225a19182916,True,"split by exact spread, exact maturity and canonical tranche text",,
AGG_MULTI_189c014486021e07,EF_5f3d1bd89019155a83c287588289,MAIN,2024-03-31,2023-12-31,johnson downie opco,2,2,"[""Johnson Downie Opco, LLC, Secured Debt 1"",""Johnson Downie Opco, LLC, Secured Debt 2""]","[""84512eaf4f56195598ea3f52"",""d83e669212cf2ab5a3feddd0""]","[""UNKNOWN""]","[""UNKNOWN""]","[""other_debt""]","[""secured_unspecified""]",2,296f257add64ef754dedfc9fd010938407c49d3b274897bfae4f1ec215a0aeb4,True,"split by exact spread, exact maturity and canonical tranche text",,
AGG_MULTI_3338f3aa94d9ad72,EF_609f1d9f6387543626a0728cd7af,NMFC,2024-03-31,2023-12-31,imo investor undrawn,2,2,"[""IMO Investor Holdings, Inc., First lien - Undrawn 1"",""IMO Investor Holdings, Inc., First lien - Undrawn 2""]","[""8d8cff933fd093208e747f73"",""9061d9556778bfd714672a69""]","[""UNKNOWN""]","[""UNKNOWN""]","[""other_debt""]","[""first_lien""]",2,9ce543b689f1710832f2f7b531ae216356d009c9d9578ab33119ace112473bcc,True,"split by exact spread, exact maturity and canonical tranche text",,
AGG_MULTI_1b19e27ff96cd29a,EF_646d0a4ae04ac62efa61a3c49e2e,GBDC,2024-09-30,2024-09-30,yi one stop,3,3,"[""YI, LLC, One stop 1"",""YI, LLC, One stop 2"",""YI, LLC, One stop 3""]","[""ae5681a0832c6ce36b6624ad"",""b4c5684e66c73700ead0ab6d"",""e4989e7d9393c440102f8249""]","[""0.0575""]","[""UNKNOWN""]","[""unknown""]","[""unknown""]",3,65ba1d46807fb4420797e28859761e38bdb37dcb891cb6314acdc942dba136f6,True,"split by exact spread, exact maturity and canonical tranche text",,
AGG_MULTI_a4b82c21846aaaa4,EF_664f70efe45ed3582384cdf2a07e,GBDC,2023-12-31,2023-12-31,southern veterinary partners stock,2,2,"[""Southern Veterinary Partners, LLC, Preferred stock 1"",""Southern Veterinary Partners, LLC, Preferred stock 2""]","[""083755fb446bbed448bd7238"",""751012e553b7dd419e125391""]","[""UNKNOWN""]","[""UNKNOWN""]","[""preferred_equity""]","[""unknown""]",2,cc42549333b577cb495064def8b6e2e6915c78ace9e1e2465efa609230526708,True,"split by exact spread, exact maturity and canonical tranche text",,
AGG_MULTI_7f921d22bf831b8c,EF_6746b337c92836301d5ed101e688,HPS,2024-06-30,2024-06-30,artisan bidco,2,2,"[""Artisan Bidco, Inc. 1"",""Artisan Bidco, Inc. 3""]","[""289b9775aebe42688b834e4f"",""cbb98d6c8fb9c536f086bf71""]","[""0.0700""]","[""UNKNOWN""]","[""unknown""]","[""unknown""]",2,3d2ad4318db518031a127f9be93caf28445eaf3bc9f9958399a974e6b4fbf9c3,True,"split by exact spread, exact maturity and canonical tranche text",,
AGG_MULTI_25c7898b4c1cbb22,EF_6a5327d4a86a962411021d4a9726,FSK,2025-09-30,2024-12-31,veriforce software and services,4,4,"[""Veriforce LLC, Software & Services 1"",""Veriforce LLC, Software & Services 2"",""Veriforce LLC, Software & Services 3"",""Veriforce LLC, Software & Services 4""]","[""0cfc47f210eefe6fec17d2b2"",""557545e287cd036fc8e27cca"",""5d6d86592bee9be0cdc008c5"",""97655531fbdf46909c6162c7""]","[""0.0500""]","[""UNKNOWN""]","[""unknown""]","[""unknown""]",4,54aec517a8a27bcebce87af57ce1ebe91ce7ffff8ee80e5b9eeb9d33f621e05f,True,"split by exact spread, exact maturity and canonical tranche text",,
AGG_MULTI_53c634c52ecb066a,EF_6bbb41fc91bda6ef99de1dc18b02,BXSL,2024-12-31,2024-12-31,caerus us,5,5,"[""Caerus US 1, Inc. 1"",""Caerus US 1, Inc. 2"",""Caerus US 1, Inc. 3"",""Caerus US 1, Inc. 4"",""Caerus US 1, Inc. 5""]","[""16a35037d3f57fe058316547"",""47bbb8adc4c49441010c03bd"",""4cacf4891e11fb37ab78d40b"",""7713cf8798576d64a9e10a6c"",""e752ab6d8d5fb7366459de3f""]","[""0.0500""]","[""UNKNOWN""]","[""unknown""]","[""unknown""]",5,b7c4de39f94ddc549dd8d30515614e5abcd31fea5d17463d99e4bb80b3fb15ad,True,"split by exact spread, exact maturity and canonical tranche text",,
AGG_MULTI_3402710d5c857c81,EF_6e2cd3f72e5e8f4c79928cb5c258,ARCC,2024-12-31,2024-12-31,vpp intermediate and vpp,4,4,"[""VPP Intermediate Holdings, LLC and VPP Group Holdings, L.P., First lien senior secured loan 1"",""VPP Intermediate Holdings, LLC and VPP Group Holdings, L.P., First lien senior secured loan 2"",""VPP Intermediate Holdings, LLC and VPP Group Holdings, L.P., First lien senior secured loan 3"",""VPP Intermediate Holdings, LLC and VPP Group Holdings, L.P., First lien senior secured loan 4""]","[""34f88f77e71318e38b351b6d"",""9b03c78a9cc56d9a919c2fba"",""a081c6af8a73069df8e63e94"",""fb4de64257de091aab7d102c""]","[""0.0575""]","[""UNKNOWN""]","[""other_debt""]","[""first_lien""]",4,3e19409cf7927764566e8b55b5f4fc6c80f19652bfdccaa60677a35132461ce9,True,"split by exact spread, exact maturity and canonical tranche text",,
AGG_MULTI_aafe53c8e8666e45,EF_71f1f29c1e76dbacf2d1f0bda0fe,MAIN,2024-12-31,2023-12-31,adams publishing,2,2,"[""Adams Publishing Group, LLC, Secured Debt 1"",""Adams Publishing Group, LLC, Secured Debt 2""]","[""03901f7b13a709495ce38f7b"",""329ecbb7ab63a4cf50e2d6fe""]","[""0.0700""]","[""UNKNOWN""]","[""other_debt""]","[""secured_unspecified""]",2,b3bec6b5bf37c04a5e0ac1ae51d48a79ceb089576022ed9934bd2d820b9269ad,True,"split by exact spread, exact maturity and canonical tranche text",,
AGG_MULTI_295af7e0532973c9,EF_72ee724118c07d2dd8ca11c4528e,BCRED,2025-09-30,2024-12-31,dta intermediate ii,2,2,"[""DTA Intermediate II Ltd. 1"",""DTA Intermediate II Ltd. 2""]","[""7d74f400d1f3b734d4a67541"",""b9d6f0a3ed238e9b217696c0""]","[""0.0525""]","[""UNKNOWN""]","[""unknown""]","[""unknown""]",2,94e23de4115bb56045e39380aa43c16273213029cfa17e3c876948e8ecb7e747,True,"split by exact spread, exact maturity and canonical tranche text",,
AGG_MULTI_ffbc9240c8a44da3,EF_7353b851c6ce8748d2678a1660b8,NMFC,2024-09-30,2023-12-31,cardinal parent,2,2,"[""Cardinal Parent, Inc., First lien - Funded"",""Cardinal Parent, Inc., First lien 1""]","[""05283a586c31eec37c1da059"",""7eda53510cd6c7e990ab5631""]","[""0.0450""]","[""UNKNOWN""]","[""other_debt""]","[""first_lien""]",2,ad72b22ca38e6b6f1dd2aa395405418a8de5c080b199b7891341b7d2a2c38bd5,True,"split by exact spread, exact maturity and canonical tranche text",,
AGG_MULTI_a89a5eb109936ccb,EF_73a59ab07df825ad1fb88bbbe581,NMFC,2024-09-30,2024-09-30,calabrio,2,2,"[""Calabrio, Inc., First lien 1"",""Calabrio, Inc., First lien 2""]","[""4ec50a51b3b58a961785ed4f"",""aba911ce150b340d4e1bd6dd""]","[""0.0550""]","[""UNKNOWN""]","[""other_debt""]","[""first_lien""]",2,0d2457af94a077dda06ddd77ee775ddc2b79faa6f800544e9635a630a288edbb,True,"split by exact spread, exact maturity and canonical tranche text",,
AGG_MULTI_88b9a169d52d11e5,EF_73c7cb4796ffb5db5284e99c8398,BCRED,2024-03-31,2023-12-31,smile doctors emerald jv,2,2,"[""Smile Doctors, LLC, Emerald JV LP 1"",""Smile Doctors, LLC, Emerald JV LP 2""]","[""95e281939893438eca571057"",""a167bfb9634e4072b34c038b""]","[""0.0575""]","[""UNKNOWN""]","[""unknown""]","[""unknown""]",2,fe68afb0267a0564ccf8a0f9a63ff785fdb97e5f9cbd69551f62eab4b1802209,True,"split by exact spread, exact maturity and canonical tranche text",,
AGG_MULTI_cc468741b05cb13b,EF_82aa291555be8355d65dbc841ddd,ARCC,2024-06-30,2023-12-31,flinn scientific and wci quantum,2,2,"[""Flinn Scientific, Inc. and WCI-Quantum Holdings, Inc., First lien senior secured loan 1"",""Flinn Scientific, Inc. and WCI-Quantum Holdings, Inc., First lien senior secured loan 2""]","[""b929310dd379de87fcedd482"",""ca33821306337a59d4c542a6""]","[""0.0550""]","[""UNKNOWN""]","[""other_debt""]","[""first_lien""]",2,3988d58dbd900757c590b8a3ee8de3e65af598559bad1e0bc7df76fabd76767c,True,"split by exact spread, exact maturity and canonical tranche text",,
AGG_MULTI_16566f6162891a85,EF_8445e5bf4a438ed2b3c7e14f7be7,NMFC,2025-03-31,2024-12-31,unitek global services,2,2,"[""UniTek Global Services, Inc., Second lien 1"",""UniTek Global Services, Inc., Second lien 2""]","[""aec4a4bbdde1967a67f24338"",""e67920c109afd13bbcb1f18f""]","[""UNKNOWN""]","[""UNKNOWN""]","[""other_debt""]","[""second_lien""]",2,2eca44a283697efb53004137c7672b0e6a71f5d24313ceb2589eb1722bfae273,True,"split by exact spread, exact maturity and canonical tranche text",,
AGG_MULTI_decbae2d733e10df,EF_868ef033e078084e8ad03e38addf,GBDC,2025-03-31,2024-09-30,juvare one stop,4,4,"[""Juvare, LLC, One stop 1"",""Juvare, LLC, One stop 2"",""Juvare, LLC, One stop 3"",""Juvare, LLC, One stop 4""]","[""4774a3911b5397a7c2129d6b"",""64e46763ee4b1a392b4a7027"",""da5c04b17586002cbeab7eae"",""eaf3d22c28ca07c717e39b05""]","[""0.0625""]","[""UNKNOWN""]","[""unknown""]","[""unknown""]",4,1af7c2ee475b8933ac3ba9b853c68123fc4384077168331d28c6675e5c5982c5,True,"split by exact spread, exact maturity and canonical tranche text",,
AGG_MULTI_ef0b4812a0e04db6,EF_8789a8049698b17ea6d6a918a68c,GBDC,2024-03-31,2024-03-31,kodiak cakes,2,2,"[""Kodiak Cakes, LLC, Senior secured 1"",""Kodiak Cakes, LLC, Senior secured 2""]","[""557f84fcf44ab1a60e0cc2f2"",""7d83cb9246e3d238be338713""]","[""0.0675""]","[""UNKNOWN""]","[""other_debt""]","[""secured_unspecified""]",2,faecc9f370d2cd0bb7053e03d73c5f6d83b0233087edfb6a6b7af5ae103ab505,True,"split by exact spread, exact maturity and canonical tranche text",,
AGG_MULTI_9d84a2342dfaa490,EF_87e1cee4f398ef8dd3b7dc395b86,GBDC,2024-03-31,2023-09-30,active day one stop,8,8,"[""Active Day, Inc., One stop 1"",""Active Day, Inc., One stop 2"",""Active Day, Inc., One stop 3"",""Active Day, Inc., One stop 4"",""Active Day, Inc., One stop 5"",""Active Day, Inc., One stop 6"",""Active Day, Inc., One stop 7"",""Active Day, Inc., One stop 8""]","[""0fd1ac76978f8154a6ce506b"",""22039bcd979d3b67839aa129"",""40f9d6e96ad7376772fccb0e"",""5565575c342c2144ec10e836"",""71622faa0b55c233cd805920"",""7359ba2ab159ac27cff6e223"",""83046e99ed705e139cad044c"",""d421bf2bef6af11afb7b68a0""]","[""0.0575""]","[""UNKNOWN""]","[""unknown""]","[""unknown""]",8,53f40f1883bacdb088d555c3bf44f1f175ff5c5188b7968a829ee66377dd788f,True,"split by exact spread, exact maturity and canonical tranche text",,
AGG_MULTI_e5b6f2f05c0372a8,EF_87f80f2f9b33c91c34e308da614c,MFIC,2024-03-31,2023-12-31,healthcare and pharmaceuticals cnsi acentra fka cnsi floor date,2,2,"[""Healthcare & Pharmaceuticals CNSI Acentra Holdings, LLC (fka CNSI Holdings, LLC) First Lien Secured Debt SOFR+650, 0.50% Floor Maturity Date 12/15/28"",""Healthcare & Pharmaceuticals CNSI Acentra Holdings, LLC (fka CNSI Holdings, LLC) First Lien Secured Debt SOFR+650, 0.50% Floor Maturity Date 12/17/28""]","[""0ee4df04a0941806b2a92006"",""5946af34a919fc834a08c4e7""]","[""0.0650""]","[""2028-12-15"",""2028-12-17""]","[""other_debt""]","[""first_lien""]",2,7ed663b6942160830e47878f305d0c9c54bbf6b946ecd5b153d8b39dbda43ca4,True,"split by exact spread, exact maturity and canonical tranche text",,
AGG_MULTI_6e15883f30cba131,EF_886672a7ac1c1901484e784e9520,OCIC,2024-09-30,2024-09-30,cloud software,2,2,"[""Cloud Software Group, Inc., First lien senior secured loan 1"",""Cloud Software Group, Inc., First lien senior secured loan 2""]","[""57bb3255e43b6253b71260b1"",""cbe246f9d41fc38efd45f4fa""]","[""0.0400""]","[""UNKNOWN""]","[""other_debt""]","[""first_lien""]",2,458762a3406e37c5f2f73855a60cb2620dbfc98185c846966c9a6b4e83060073,True,"split by exact spread, exact maturity and canonical tranche text",,
AGG_MULTI_544509b56aeae258,EF_88e0ff6e26f8cb713fe106ddfd7e,HTGC,2023-12-31,2023-12-31,investments media content info and fever labs date september floor rate exit fee,2,2,"[""Debt Investments Media/Content/Info and Fever Labs, Inc., Senior Secured, Maturity Date September 2025, Prime + 3.50%, Floor rate 9.00%, 3.00% Exit Fee"",""Debt Investments Media/Content/Info and Fever Labs, Inc., Senior Secured, Maturity Date September 2026, Prime + 3.50%, Floor rate 9.00%, 4.00% Exit Fee""]","[""a6f3037d65b91c2e2716a223"",""c967698101b5f3781e088538""]","[""0.0350""]","[""UNKNOWN""]","[""other_debt""]","[""secured_unspecified""]",2,2b776c98926b6f831cb5bd80d5a907d83ba6f87e7649d363ab8415010472fcb5,True,"split by exact spread, exact maturity and canonical tranche text",,
AGG_MULTI_b91ceb555d9e60cb,EF_88efdbfcbd57255e00f8a66f6ac8,BXSL,2025-09-30,2024-12-31,stamps com,2,2,"[""Stamps.com, Inc."",""Stamps.com, Inc. 1""]","[""3affdb01cfd34fb286e82db2"",""516f35bca61de4fe70cc9652""]","[""0.0575""]","[""UNKNOWN""]","[""unknown""]","[""unknown""]",2,e121ffaa059bd02301f19ff0658ce604012f7535d18f93da0b09bb1869af978f,True,"split by exact spread, exact maturity and canonical tranche text",,
AGG_MULTI_eaaf1bcc4661e0b8,EF_8bdab4052b6da04665eb416bd45e,ARCC,2024-12-31,2023-12-31,project potter buyer and project potter parent,3,3,"[""Project Potter Buyer, LLC and Project Potter Parent, L.P., First lien senior secured loan 1"",""Project Potter Buyer, LLC and Project Potter Parent, L.P., First lien senior secured loan 2"",""Project Potter Buyer, LLC and Project Potter Parent, L.P., First lien senior secured loan 3""]","[""7f9b8a3281d113074609d203"",""cab6cd0706eb68335531b216"",""d2455ee9a32f063a7185d89c""]","[""0.0675""]","[""UNKNOWN""]","[""other_debt""]","[""first_lien""]",3,a276c009a4194abe724a6a9be59f038466eb3fbb79a383fcbd1831f1bceb74f7,True,"split by exact spread, exact maturity and canonical tranche text",,
AGG_MULTI_fc3b458d980c856e,EF_9106fbe354b51a1b0852b2b8cc5b,GBDC,2023-12-31,2023-12-31,barteca restaurants one stop,3,3,"[""Barteca Restaurants, LLC, One stop 1"",""Barteca Restaurants, LLC, One stop 2"",""Barteca Restaurants, LLC, One stop 3""]","[""09fbef440a2f625e4a9dd7d6"",""69e1aa05be248ba9e3b2215a"",""9e06e4a6a3da77a859a0fe71""]","[""0.0600""]","[""UNKNOWN""]","[""unknown""]","[""unknown""]",3,aad7950ac643b9e6e9eb9aa3f7b25e2ed51811159ca766376351a9dc7a2d471b,True,"split by exact spread, exact maturity and canonical tranche text",,
AGG_MULTI_36f4c93f3ae4508d,EF_91bd35fccbcecca870191eec53a7,GBDC,2023-12-31,2023-09-30,jhcc one stop,5,5,"[""JHCC Holdings LLC, One stop 1"",""JHCC Holdings LLC, One stop 2"",""JHCC Holdings LLC, One stop 3"",""JHCC Holdings LLC, One stop 4"",""JHCC Holdings LLC, One stop 5""]","[""3cefd505abf3a5c7fc84f11a"",""4069fb0db3f64a7cee815fda"",""7c86af04b120abc0a5986393"",""80fe23d74123349fc1755109"",""84f9a5a1bcdd00d50c2f105a""]","[""0.0525""]","[""UNKNOWN""]","[""unknown""]","[""unknown""]",5,daee4494222a17514a89c7276a454447d217ee0e369c6ae43a96607ac72cbbae,True,"split by exact spread, exact maturity and canonical tranche text",,
AGG_MULTI_45e58cce67e151b4,EF_93b3d60408271b58b8ff5bbe3775,GBDC,2024-06-30,2023-09-30,acuity eyecare one stop,9,9,"[""Acuity Eyecare Holdings, LLC, One stop 11"",""Acuity Eyecare Holdings, LLC, One stop 14"",""Acuity Eyecare Holdings, LLC, One stop 15"",""Acuity Eyecare Holdings, LLC, One stop 3"",""Acuity Eyecare Holdings, LLC, One stop 4"",""Acuity Eyecare Holdings, LLC, One stop 5"",""Acuity Eyecare Holdings, LLC, One stop 6"",""Acuity Eyecare Holdings, LLC, One stop 8"",""Acuity Eyecare Holdings, LLC, One stop 9""]","[""1e926fe87b6c06445bf93e8f"",""25e68eb71cde88c349a4ef91"",""46a16afe612caca14d964b76"",""5401afe2457a9c37ee473e63"",""85ce625ae916c1ddce566b51"",""8dbaeec14d972f03e52904c7"",""a4d840f066109771c68ee3f8"",""fd18efcec455a9dbd7fd51c2"",""fe52c2a67554bb7a3590929c""]","[""0.0625""]","[""UNKNOWN""]","[""unknown""]","[""unknown""]",9,68bb24499c21e2115df1ac66296e8216dfd3ceaafa90c4de4fad24bf0d810381,True,"split by exact spread, exact maturity and canonical tranche text",,
AGG_MULTI_176accccaa109aaf,EF_95f7dbafaeb90d5bebdf5c017e90,MAIN,2025-03-31,2025-03-31,monitorus,3,3,"[""MonitorUS Holding, LLC, Secured Debt 1"",""MonitorUS Holding, LLC, Secured Debt 2"",""MonitorUS Holding, LLC, Secured Debt 3""]","[""95d64c53077242777efa2681"",""e3bc3848adf7cc6eaecc2e13"",""fc0e8acfabe3087be0cbad57""]","[""0.0625""]","[""UNKNOWN""]","[""other_debt""]","[""secured_unspecified""]",3,64db3ac62ea0545012f63be1083352e4f0d4d9b502e5183021edf045c7cf0db6,True,"split by exact spread, exact maturity and canonical tranche text",,
AGG_MULTI_3f99c3c3510bdcbd,EF_98d046e4e752917eb32a1d97243b,GBDC,2025-03-31,2025-03-31,surewerx purchaser iii and jet equipment and tools one stop,5,5,"[""Surewerx Purchaser III, Inc. & Jet Equipment & Tools Ltd., One stop 1"",""Surewerx Purchaser III, Inc. & Jet Equipment & Tools Ltd., One stop 2"",""Surewerx Purchaser III, Inc. & Jet Equipment & Tools Ltd., One stop 3"",""Surewerx Purchaser III, Inc. & Jet Equipment & Tools Ltd., One stop 4"",""Surewerx Purchaser III, Inc. & Jet Equipment & Tools Ltd., One stop 5""]","[""02c9ddd8122b53488914cd8c"",""0a72a91b779ba8e44a7d7594"",""40594cc7413443342dd9c4d3"",""84c5449740b90eb2b964233d"",""c766a01282998a4dab88bd10""]","[""0.0525""]","[""UNKNOWN""]","[""unknown""]","[""unknown""]",5,d77a4514afc4b5818617f66903d56b46434823530209996a8d3867ec8447229c,True,"split by exact spread, exact maturity and canonical tranche text",,
AGG_MULTI_7c58bab9047f5fe2,EF_9f178fe5fa7e4e6783204e5c71bb,GBDC,2025-09-30,2024-09-30,sage dental management units,2,2,"[""Sage Dental Management, LLC, LLC units 1"",""Sage Dental Management, LLC, LLC units 2""]","[""088a04c35cbba09098c22182"",""6a5617c25e5cd07d58f74fd4""]","[""UNKNOWN""]","[""UNKNOWN""]","[""unknown""]","[""unknown""]",2,fba9a4e4383b4d4f980e7bf75a8c0352e5389e8989d8fb718c3cc8462606a875,True,"split by exact spread, exact maturity and canonical tranche text",,
AGG_MULTI_d726e8cef2cbab27,EF_a40dcb023d6f88e1d4e6e77f5f00,GBDC,2025-06-30,2025-06-30,erc topco one stop,2,2,"[""ERC Topco Holdings, LLC, One stop 2"",""ERC Topco Holdings, LLC, One stop 3""]","[""416282891084f64bba4c4bd5"",""7d82e405e524f97275df9de9""]","[""0.0550""]","[""UNKNOWN""]","[""unknown""]","[""unknown""]",2,0179ac4660c532ef979e31a47bf8f84e4dff1157977c019232935923c8fba71d,True,"split by exact spread, exact maturity and canonical tranche text",,
AGG_MULTI_06b98addba89f69f,EF_a4c9cccf5f4ee37c832e0f86afc6,ARCC,2025-06-30,2025-06-30,continental acquisition,2,2,"[""Continental Acquisition Holdings, Inc., First lien senior secured loan 1"",""Continental Acquisition Holdings, Inc., First lien senior secured loan 2""]","[""2ea9c5c355db1d83467ab2db"",""e36479a08277aaa0686f7512""]","[""UNKNOWN""]","[""UNKNOWN""]","[""other_debt""]","[""first_lien""]",2,4b79cd56c7feb52195a406e0bb21c968763b291efcf5d49c15186ab413d78ca1,True,"split by exact spread, exact maturity and canonical tranche text",,
AGG_MULTI_ea11d79414645062,EF_a55caac00a04f658a804b99cb2ab,GSBD,2024-12-31,2023-12-31,investment investment united states workforce software industry software interest rate reference rate and spread s incl,2,2,"[""Investment Debt Investment - 208.9% United States 198.5% 1st Lien/Senior Secured Debt - 186.1% WorkForce Software, LLC Industry Software Interest Rate 12.79% Reference Rate and Spread S + 7.25% (Incl. 3.00% PIK) Maturity 07/31/25"",""Investment Debt Investment - 208.9% United States 198.5% 1st Lien/Senior Secured Debt - 186.1% WorkForce Software, LLC Industry Software Interest Rate 12.82% Reference Rate and Spread S + 7.25% (Incl. 3.00% PIK) Maturity 07/31/25""]","[""c379b7928e05357605bbb45a"",""fe1829d9d92f98367968e18f""]","[""0.0725""]","[""2025-07-31""]","[""other_debt""]","[""first_lien""]",2,144d64411bba4d95bff12b757224ad9fd1587a70ad1e1d74c72f18d63d1508ae,True,"split by exact spread, exact maturity and canonical tranche text",,
AGG_MULTI_f593e5ff828335d2,EF_a6f55cecd4b272bbc8d81a9ce3e2,OCSL,2025-03-31,2025-03-31,mcafee,2,2,"[""McAfee Corp, First Lien Term Loan"",""McAfee Corp., First Lien Term Loan""]","[""638d1b957d8ca988cb39529b"",""7709be0eee1712fd9cf794a2""]","[""0.0300""]","[""UNKNOWN""]","[""term_loan""]","[""first_lien""]",1,718f6448113854a9fe959f3cbc1bb64c6104b19a28f9c5b77c4e7be72ee46fcd,False,"split by exact spread, exact maturity and canonical tranche text",,
AGG_MULTI_244d9f61cb7a16f8,EF_a76826e2f344521162584bdd3ccf,GBDC,2024-03-31,2023-09-30,marcone yellowstone buyer one stop,4,4,"[""Marcone Yellowstone Buyer Inc, One stop 1"",""Marcone Yellowstone Buyer Inc, One stop 2"",""Marcone Yellowstone Buyer Inc, One stop 3"",""Marcone Yellowstone Buyer Inc, One stop 4""]","[""1f98d694536a5c9ad4dd6766"",""499ffad490152b7f61ae980a"",""8a749510b93cfa2cda706c3f"",""fa3d4ab93bf96f643ff01cd7""]","[""0.0625""]","[""UNKNOWN""]","[""unknown""]","[""unknown""]",4,638fdaa4dea49e08fcb1941d7781e97891a1df74033bda1ed04d9851f4b864ed,True,"split by exact spread, exact maturity and canonical tranche text",,
AGG_MULTI_cc716f5d24ef83a8,EF_b0d37ced53e6fddbbb91f2fd4a2f,GBDC,2023-12-31,2023-12-31,disa,3,3,"[""DISA Holdings Corp., Senior secured 1"",""DISA Holdings Corp., Senior secured 2"",""DISA Holdings Corp., Senior secured 3""]","[""0ecc96d0b862ae96a1e47f02"",""7d6c460d547ab16e3796e010"",""fb23f8b1aa34c9c05572de3e""]","[""0.0550""]","[""UNKNOWN""]","[""other_debt""]","[""secured_unspecified""]",3,9807f802faa114a9c769277a647959043657677f68e0160fb2af821fd10e3fe8,True,"split by exact spread, exact maturity and canonical tranche text",,
AGG_MULTI_38bc3de66f049673,EF_b180e118d099b2856976c2c40146,GBDC,2024-06-30,2024-06-30,avg intermediate and avg subsidiary one stop,5,5,"[""AVG Intermediate Holdings & AVG Subsidiary Holdings LLC, One stop 1"",""AVG Intermediate Holdings & AVG Subsidiary Holdings LLC, One stop 2"",""AVG Intermediate Holdings & AVG Subsidiary Holdings LLC, One stop 3"",""AVG Intermediate Holdings & AVG Subsidiary Holdings LLC, One stop 4"",""AVG Intermediate Holdings & AVG Subsidiary Holdings LLC, One stop 5""]","[""306ed877f46aa0c208d33716"",""b2aa8c8b4358f00b786748ab"",""d2557abc76fde92f31e7b28d"",""ea61cdda3907206ab809b475"",""ed59263f27b67252dc1f5c8c""]","[""0.0600""]","[""UNKNOWN""]","[""unknown""]","[""unknown""]",5,a60716a2f5f556774b2b98282783191a87c53dae49f2a22a53670bd262b0c74e,True,"split by exact spread, exact maturity and canonical tranche text",,
AGG_MULTI_32b0f3872d442c6c,EF_b2a9174ebdd9de03c110d95f6f01,MAIN,2024-12-31,2024-12-31,garyline,2,2,"[""Garyline, LLC., Secured Debt 1"",""Garyline, LLC., Secured Debt 2""]","[""81264cc36cc4081dfa7db674"",""f2a9cb36ba353f2512e44b98""]","[""0.0675""]","[""UNKNOWN""]","[""other_debt""]","[""secured_unspecified""]",2,277154ab7a3e9e7653953ff569e73cf6fff874fe077c839d12feb0811ae228de,True,"split by exact spread, exact maturity and canonical tranche text",,
AGG_MULTI_0c96a034d2933362,EF_b4e4b2ef111faab7b3ef517a10df,MAIN,2025-09-30,2025-09-30,insight borrower,2,2,"[""Insight Borrower Corporation, Secured Debt 1"",""Insight Borrower Corporation, Secured Debt 2""]","[""9e6c6cbd235d86e392f9e25b"",""b1ad43360a7a33d1d1d7c195""]","[""0.0625""]","[""UNKNOWN""]","[""other_debt""]","[""secured_unspecified""]",2,d3288f5e2a7856877433cda729e8296f0a3c70f4be13d5533a5f1411bd943873,True,"split by exact spread, exact maturity and canonical tranche text",,
AGG_MULTI_17313ec5db369b3a,EF_b6df95bca9032a250cde901bd13b,GBDC,2025-03-31,2025-03-31,symplr software stock,3,3,"[""Symplr Software, Inc., Preferred stock 1"",""Symplr Software, Inc., Preferred stock 3"",""Symplr Software, Inc., Preferred stock 4""]","[""528e34627bf7b2ebf8bb1cb1"",""a8fcf37ac7008ed875e46afd"",""f124ba2f559377dd0d738f47""]","[""UNKNOWN""]","[""UNKNOWN""]","[""preferred_equity""]","[""unknown""]",3,e5a0c28a7b8955255ca7eaabb9a4803b3f206658d844c4ff112d1cf09c680232,True,"split by exact spread, exact maturity and canonical tranche text",,
AGG_MULTI_06f6de0e14373ba5,EF_bbac99c7f865a7772cdc7735b280,BCRED,2024-09-30,2023-12-31,nmc crimson,2,2,"[""NMC Crimson Holdings, Inc. 1"",""NMC Crimson Holdings, Inc. 2""]","[""2d7698eb75595753203f37cc"",""46b5047613cf3f5e0765bc2a""]","[""0.0609""]","[""UNKNOWN""]","[""unknown""]","[""unknown""]",2,c22e577a7931b186cbe252af37f3f0475ff75fef99d8474a427e4825290e28ae,True,"split by exact spread, exact maturity and canonical tranche text",,
AGG_MULTI_bd089f37d6fad95d,EF_bf1c15bc365b333e463a176b67ae,BCRED,2025-06-30,2025-06-30,galaxy clo,2,2,"[""Galaxy 34 CLO, Ltd. - Subordinated Notes"",""Galaxy 35 CLO, Ltd. - Subordinated Notes""]","[""b2c5850ee6abdc557ca2d2ad"",""eb2f8f5a17b6321e0cf86ca6""]","[""UNKNOWN""]","[""UNKNOWN""]","[""unknown""]","[""subordinated""]",2,ea230d3055053a610810e2131de2f285b78afe19bde203116d83e5c6a2494ecd,True,"split by exact spread, exact maturity and canonical tranche text",,
AGG_MULTI_a7e4253dedef6861,EF_c45e2980f90301ef4dbdea2a4380,FSK,2024-12-31,2023-12-31,partssource health care equipment and services,4,4,"[""PartsSource Inc, Health Care Equipment & Services 1"",""PartsSource Inc, Health Care Equipment & Services 2"",""PartsSource Inc, Health Care Equipment & Services 3"",""PartsSource Inc, Health Care Equipment & Services 4""]","[""0ca6271bbd46ef4692232ca4"",""a25ddfbb7f24860415db6641"",""af8c3b4ab6dc0a731443d8fc"",""f466a1be7f5e44ff1ede5b8c""]","[""0.0575""]","[""UNKNOWN""]","[""unknown""]","[""unknown""]",4,9826ec4855d4970380af0e3e7f7338e628400e0a3a9fd26090edb655f1c01aca,True,"split by exact spread, exact maturity and canonical tranche text",,
AGG_MULTI_2272006d8d1f20db,EF_c543a26d7241264bacda03d017fd,HPS,2025-03-31,2024-12-31,artifact bidco,3,3,"[""Artifact Bidco, Inc. 1"",""Artifact Bidco, Inc. 3"",""Artifact Bidco, Inc. 4""]","[""66158e58c8d6e19acbc65d9f"",""6926a424d549c74c01090457"",""8742b482df96381dbd750747""]","[""UNKNOWN""]","[""UNKNOWN""]","[""unknown""]","[""unknown""]",3,9d561d3bdf80555f1afdc147e9b4a034d3205a1849c671acd82151915d50c7b2,True,"split by exact spread, exact maturity and canonical tranche text",,
AGG_MULTI_b17127d42148dee8,EF_c5e8e48a62b4977b41115c0609aa,BCRED,2024-06-30,2024-06-30,whcg purchaser iii,2,2,"[""WHCG Purchaser III, Inc. 1"",""WHCG Purchaser III, Inc. 2""]","[""820cc75ed6a648360bafe9d1"",""e49bb79d0280994b22a464d0""]","[""0.0575""]","[""UNKNOWN""]","[""unknown""]","[""unknown""]",2,4e4a4e7a6d7c0a311e0f27a0af4a288aad093c3d80e7e207d794c2c07a98b0ed,True,"split by exact spread, exact maturity and canonical tranche text",,
AGG_MULTI_ddced7885782be18,EF_c717acc989c8c64dde6c6767249b,MAIN,2025-03-31,2025-03-31,gradeeight,2,2,"[""GradeEight Corp., Secured Debt 2"",""GradeEight Corp., Secured Debt 3""]","[""158f8e5610353d51ce964132"",""6d6d468b6b438aa9b5f56df5""]","[""0.0725""]","[""UNKNOWN""]","[""other_debt""]","[""secured_unspecified""]",2,591f236f7f652f4d0665e91ea94a9713a5bee81d2431a6e5c8a7ab992e58b5b4,True,"split by exact spread, exact maturity and canonical tranche text",,
AGG_MULTI_e28ef5344882bfb5,EF_c790ab369f8186d5c9cf3824d543,BXSL,2024-12-31,2024-12-31,tei intermediate,2,2,"[""TEI Intermediate LLC 1"",""TEI Intermediate LLC 2""]","[""26145bf4cbdc5633dee8595e"",""f6be28a6f51ca5115b32861f""]","[""0.0475""]","[""UNKNOWN""]","[""unknown""]","[""unknown""]",2,1583aefebfec17506bfc71c599dd0bb24006beb9204bde16f74636b5c126427f,True,"split by exact spread, exact maturity and canonical tranche text",,
AGG_MULTI_e6bad2a82a430a7e,EF_c8baefb82a32612fedad10bbe777,GSBD,2025-06-30,2024-12-31,investment investments canada recochem industry chemicals interest rate reference rate and spread c,2,2,"[""Investment Debt Investments - 216.8% Canada - 4.5% 1st Lien/Senior Secured Debt - 4.5% Recochem, Inc Industry Chemicals Interest Rate 9.54% Reference Rate and Spread C + 5.75% Maturity 11/01/30"",""Investment Debt Investments - 216.8% Canada - 4.5% 1st Lien/Senior Secured Debt - 4.5% Recochem, Inc Industry Chemicals Interest Rate 9.66% Reference Rate and Spread C + 5.75% Maturity 11/01/30""]","[""7db8082a53aedcfc2451d6ef"",""8f30b1cac4655136662d7d76""]","[""0.0575""]","[""2030-11-01""]","[""other_debt""]","[""first_lien""]",2,b275c88a8d95c41712c42866130ac2fb21462e4ebe9dcea24a317cde7a0c6617,True,"split by exact spread, exact maturity and canonical tranche text",,
AGG_MULTI_8725c2006ff778b6,EF_ca5f281a0654114c1e1d614cda96,ARCC,2023-12-31,2022-12-31,display saldon and fastsigns,3,3,"[""Display Holding Company, Inc., Saldon Holdings, Inc. and Fastsigns Holdings Inc., First lien senior secured loan 1"",""Display Holding Company, Inc., Saldon Holdings, Inc. and Fastsigns Holdings Inc., First lien senior secured loan 2"",""Display Holding Company, Inc., Saldon Holdings, Inc. and Fastsigns Holdings Inc., First lien senior secured loan 3""]","[""571c55b833bf72b98666df72"",""62fa55efa65d1e9a13712684"",""6d83723ad68cf1cb3f7e744a""]","[""0.0565""]","[""UNKNOWN""]","[""other_debt""]","[""first_lien""]",3,b12afeed680d5f5c2ac245fafc060df189808ba9d8d935f1125d4d83f97f3c91,True,"split by exact spread, exact maturity and canonical tranche text",,
AGG_MULTI_476257a9fbf0d992,EF_cb3e2aa3a7ee7c47a7a734367d09,NMFC,2024-09-30,2024-09-30,nelipak undrawn,4,4,"[""Nelipak Holding Company, First lien - Undrawn 1"",""Nelipak Holding Company, First lien - Undrawn 2"",""Nelipak Holding Company, First lien - Undrawn 3"",""Nelipak Holding Company, First lien - Undrawn 4""]","[""281fb4f448cf4c7e0d6272f8"",""3392877bf69b34f969662bb8"",""72cec6b8a2e95b0b839298e4"",""ea91e34557f576fa37560882""]","[""UNKNOWN""]","[""UNKNOWN""]","[""other_debt""]","[""first_lien""]",4,fbdc3147726d4a41cb90d5b59354f3e95f32542741ada03f3c14ebc72f8f91e4,True,"split by exact spread, exact maturity and canonical tranche text",,
AGG_MULTI_050790401ae9f198,EF_d354c6b3c45dbdc5bfa13ace7a56,NMFC,2024-09-30,2023-12-31,houghton mifflin harcourt,2,3,"[""Houghton Mifflin Harcourt Company, First lien"",""Houghton Mifflin Harcourt Company, First lien - Funded"",""Houghton Mifflin Harcourt Company, First lien - Funded""]","[""2ac4f874b4e3fb42377cd16d"",""d0bd956aab07035348e8a4fd"",""fbb469af05da3532efd643cf""]","[""0.0525""]","[""UNKNOWN""]","[""other_debt""]","[""first_lien""]",2,015e64f37f5ffd4d3d39ad2b2b351b6d9e30b9d56eb638ecaabc96cc981ea58a,True,"split by exact spread, exact maturity and canonical tranche text",,
AGG_MULTI_c7cea184fddf5cbd,EF_d9d9466b832bf5f3b32239bcfb9d,FSK,2023-12-31,2023-12-31,foundation consumer brands pharmaceuticals biotechnology and life sciences,2,2,"[""Foundation Consumer Brands LLC,Pharmaceuticals, Biotechnology & Life Sciences,1"",""Foundation Consumer Brands LLC,Pharmaceuticals, Biotechnology & Life Sciences,2""]","[""5c16c3eb6a916e6a635626fa"",""86053418076e67c6bff2af0f""]","[""0.0625""]","[""UNKNOWN""]","[""unknown""]","[""unknown""]",2,bddb9b953ac64c44089431fd95b39dbf30b15278895b02dd371adf84371cc641,True,"split by exact spread, exact maturity and canonical tranche text",,
AGG_MULTI_7e966cf880cc6fb5,EF_da7c13c963737f80a83eb5816749,FSK,2024-09-30,2023-12-31,circana f k a npd consumer services,2,2,"[""Circana Group (f.k.a. NPD Group), Consumer Services 1"",""Circana Group (f.k.a. NPD Group), Consumer Services 3""]","[""2236f2979293d9aca3c14c20"",""9c933c427f0a6258c839d78c""]","[""0.0575""]","[""UNKNOWN""]","[""unknown""]","[""unknown""]",2,6a7c1837b6e12673bd6594e9be1e9831f1b2e2e1a59a247eb9dab1c51fc801d6,True,"split by exact spread, exact maturity and canonical tranche text",,
AGG_MULTI_84d3b2120ef96ab6,EF_db79b4ff9ba188a0ffadd4761275,GBDC,2025-09-30,2025-09-30,critical start one stop,2,2,"[""Critical Start, Inc., One stop 1"",""Critical Start, Inc., One stop 2""]","[""03515039f93688fa1bd39eb7"",""7313758de53320da8a023874""]","[""0.0675""]","[""UNKNOWN""]","[""unknown""]","[""unknown""]",2,b09f887f44083583fcf420de544701250b56e128b9c37cc10ca09a6452ec7dce,True,"split by exact spread, exact maturity and canonical tranche text",,
AGG_MULTI_331428c6e66b5d6e,EF_dc0ad877d8fe6a458872228e58cb,HPS,2024-09-30,2023-12-31,cadence southwick,2,2,"[""Cadence - Southwick, Inc. 1"",""Cadence - Southwick, Inc. 2""]","[""97f04a7d36b15c353e8aa33f"",""b5d1d3a625c7296fed3ea5e0""]","[""0.0675""]","[""UNKNOWN""]","[""unknown""]","[""unknown""]",2,8bfcbb8db7c47a4da361ed772f01cadb955bacbb579098f2db6a60bbe204599c,True,"split by exact spread, exact maturity and canonical tranche text",,
AGG_MULTI_764d7366ffe2ad74,EF_ea8d7d67c80d2395db257cb7629c,GBDC,2025-03-31,2024-09-30,trinity air consultants one stop,4,4,"[""Trinity Air Consultants Holdings Corporation, One stop 1"",""Trinity Air Consultants Holdings Corporation, One stop 2"",""Trinity Air Consultants Holdings Corporation, One stop 3"",""Trinity Air Consultants Holdings Corporation, One stop 4""]","[""425b07d1a9f3127b4dc551da"",""573a08f21a4a5ded8c48c531"",""acd03ff8c750fd9c5ebcded4"",""f52361d04c9a23b19cbbea99""]","[""0.0525""]","[""UNKNOWN""]","[""unknown""]","[""unknown""]",4,a5811d44c36c41d3638f1a043c20327806ed525692838b9723e6f8f04a0c2e33,True,"split by exact spread, exact maturity and canonical tranche text",,
AGG_MULTI_8a36be30635af3e2,EF_eacf47138a149b1b677a891ed968,FSK,2024-12-31,2023-12-31,civica software and services,3,3,"[""Civica Group Ltd, Software & Services 1"",""Civica Group Ltd, Software & Services 2"",""Civica Group Ltd, Software & Services 3""]","[""654527d0f8a94ea90e87906f"",""84f954e4d8264d2bbc22bff4"",""94a1f4f84b7bb97d321ccd9f""]","[""0.0625""]","[""UNKNOWN""]","[""unknown""]","[""unknown""]",3,d37d69df3b3fe46dd71f1b96651eb0210b137906c25c7010ab90cd05ecf69573,True,"split by exact spread, exact maturity and canonical tranche text",,
AGG_MULTI_c8e0100685e73c3a,EF_ec256bbec36d1ce29912c761ca72,OCSL,2025-06-30,2024-09-30,legends hospitality specialized consumer services,2,2,"[""Legends Hospitality Holding Company, LLC, Specialized Consumer Services, First Lien Term Loan 1"",""Legends Hospitality Holding Company, LLC, Specialized Consumer Services, First Lien Term Loan 2""]","[""f31df887320edeb8af4ba2d0"",""f32bf220d2ec4d4ba148b9cf""]","[""0.0500""]","[""UNKNOWN""]","[""term_loan""]","[""first_lien""]",2,ab6c5d9485273a261858ce9040a5e566bec9f9bb05aa92c22d159ba728b3e697,True,"split by exact spread, exact maturity and canonical tranche text",,
AGG_MULTI_9e7f2ae5e6f09d1a,EF_ecae562b65b81ca108660a41d509,MAIN,2024-09-30,2023-12-31,compass systems and sales,2,2,"[""Compass Systems & Sales, LLC, Secured Debt 1"",""Compass Systems & Sales, LLC, Secured Debt 2""]","[""2db07efb1451a23da13c3107"",""62799ca920fa95d49a88a28f""]","[""UNKNOWN""]","[""UNKNOWN""]","[""other_debt""]","[""secured_unspecified""]",2,0840a5d830a1549961b9100b58749f78a5ab97d2e60971fbca665d7ca15d0e2e,True,"split by exact spread, exact maturity and canonical tranche text",,
AGG_MULTI_09e69bdb6d4b59ac,EF_f031db35e315606b0f125a56bd71,GBDC,2024-12-31,2024-09-30,amberfield acquisition one stop,3,3,"[""Amberfield Acquisition Co., One stop 1"",""Amberfield Acquisition Co., One stop 2"",""Amberfield Acquisition Co., One stop 3""]","[""907e5d1051f7adc47d0b5baa"",""bae4c74d20fbf5893f82f03d"",""faf4b5a094cbc27f40ec00af""]","[""0.0500""]","[""UNKNOWN""]","[""unknown""]","[""unknown""]",3,ba0c923533463ed80586dff3b8d9fdf1691feb13bfafc8722cb06d20fad9f273,True,"split by exact spread, exact maturity and canonical tranche text",,
AGG_MULTI_65b76257a8114f67,EF_f35a7628ff84f72a990d1da45182,BXSL,2025-06-30,2024-12-31,mri software,3,3,"[""MRI Software, LLC 1"",""MRI Software, LLC 2"",""MRI Software, LLC 3""]","[""1de2abb37e43acb11ccd7c67"",""6561dddb262c9bb79c8abaa0"",""ad326a265573222c91fc70fb""]","[""0.0475""]","[""UNKNOWN""]","[""unknown""]","[""unknown""]",3,cc27ec28ce38315c83a10281b0ca9489a9e6cd54d3fc07579b1741d06a80f929,True,"split by exact spread, exact maturity and canonical tranche text",,
AGG_MULTI_b77c3bf9a4fb1095,EF_f43e01834021b99768bd3429a537,CGBD,2025-03-31,2024-12-31,excelitas technologies capital equipment,2,2,"[""First Lien Debt, Excelitas Technologies Corp., Capital Equipment 1"",""First Lien Debt, Excelitas Technologies Corp., Capital Equipment 2""]","[""291a6263ad930471ec33dbf8"",""84f23d4d15452149102d9c19""]","[""0.0525""]","[""UNKNOWN""]","[""other_debt""]","[""first_lien""]",2,d8f818cb364e31a056950e405cba7d86db1deb0cbe7da542c007945309884d0a,True,"split by exact spread, exact maturity and canonical tranche text",,
AGG_MULTI_01fd96bec4e5ec87,EF_f64809e6ec312776f81e44e1124e,HPS,2024-06-30,2024-06-30,associations finance,4,4,"[""Associations Finance, Inc. 2"",""Associations Finance, Inc. 3"",""Associations Finance, Inc. 4"",""Associations Finance, Inc. 5""]","[""04c7bc9cc80926a916b78c37"",""2c17c56c4ea5d0d9ec5aeb1f"",""a37741e901e50c639e56d1f4"",""f1751631eb488f5509d28628""]","[""UNKNOWN""]","[""UNKNOWN""]","[""unknown""]","[""unknown""]",4,f143903708b83446a7bfb8fbd2dc42a92827c876e6ec0b7bfe8f2b5b8c26792d,True,"split by exact spread, exact maturity and canonical tranche text",,
AGG_MULTI_61727e7037ccdc9e,EF_fafb3eaee6ffd31cf2daeb350f54,BXSL,2024-09-30,2024-09-30,patriot growth insurance services,2,2,"[""Patriot Growth Insurance Services, LLC. 1"",""Patriot Growth Insurance Services, LLC. 3""]","[""300be1631697c00262e6eeca"",""70ddcc59d9d98545775a20ce""]","[""0.0500""]","[""UNKNOWN""]","[""unknown""]","[""unknown""]",2,ded8bb760cfe8e3bb8058229817c1637c78c4022bd053c939e5401a45e40f0e1,True,"split by exact spread, exact maturity and canonical tranche text",,
