ticker,cik,listed_status,report_period_end,report_period_label,aggregated_facilities,current_period_facilities,pct_non_missing_borrower,pct_non_missing_debt_equity,pct_non_missing_facility_type,pct_non_missing_lien,pct_non_missing_currency,pct_non_missing_reference_rate,pct_non_missing_spread,pct_non_missing_maturity,pct_non_missing_funded_status,pct_non_missing_principal,pct_non_missing_fair_value,facilities_entering_borrower_candidate_blocks,facility_pairs_involving_fund,pairs_passing_informative_ge3,internal_predicted_same_facility_high,source_facilities_with_prior_match,target_prior_matches,verified_reporting_order_available,source_before_target_opportunities,eligible_pre_reveal_observations,movement_eligible_observations,first_loss_stage,dominant_exclusion_reason
ARCC,1287750,listed,2023-12-31,2023Q4,2240,1190,100.0,86.218,86.218,68.067,0.0,0.0,61.849,0.0,100.0,67.899,100.0,197,534,355,160,0,0,True,9,0,0,G_limited_19_fund_universe,G_limited_19_fund_universe
ASIF,1918712,non-listed,2023-12-31,2023Q4,461,341,100.0,95.894,95.894,86.217,0.0,0.0,88.563,0.0,100.0,90.323,100.0,230,538,330,159,0,0,True,0,0,0,G_limited_19_fund_universe,G_limited_19_fund_universe
BBDC,1379785,listed,2023-12-31,2023Q4,1787,920,100.0,57.065,57.717,41.63,0.0,0.0,43.587,0.0,100.0,84.457,100.0,28,64,2,0,0,0,True,5,0,0,G_limited_19_fund_universe,G_limited_19_fund_universe
BCRED,1803498,non-listed,2023-12-31,2023Q4,2646,1309,100.0,2.75,2.75,0.0,0.0,0.076,94.652,0.0,100.0,94.652,100.0,478,1369,15,0,0,0,True,0,0,0,B_weak_XBRL_tagging,B_weak_XBRL_tagging
BXSL,1736035,listed,2023-12-31,2023Q4,591,340,100.0,4.412,4.412,0.0,0.0,0.0,87.941,0.0,100.0,87.941,100.0,329,930,15,0,0,0,True,1,0,0,B_weak_XBRL_tagging,B_weak_XBRL_tagging
CGBD,1544206,listed,2023-12-31,2023Q4,528,262,100.0,98.092,98.092,84.351,0.0,0.0,83.969,0.0,100.0,84.351,100.0,3,4,2,0,0,0,True,2,0,0,G_limited_19_fund_universe,G_limited_19_fund_universe
FSK,1422183,listed,2023-12-31,2023Q4,902,459,100.0,27.887,28.54,0.436,0.0,0.436,66.231,0.0,100.0,76.035,100.0,0,0,0,0,0,0,True,3,0,0,B_weak_XBRL_tagging,B_weak_XBRL_tagging
GBDC,1476765,listed,2023-12-31,2023Q4,2931,1508,100.0,22.546,22.546,13.66,0.0,0.0,81.764,0.0,100.0,83.09,100.0,37,207,92,1,0,0,True,10,0,0,B_weak_XBRL_tagging,B_weak_XBRL_tagging
GSBD,1572694,listed,2023-12-31,2023Q4,742,385,98.701,98.701,98.701,92.987,0.0,0.0,87.273,91.169,100.0,91.169,99.221,7,15,2,0,0,0,True,0,0,0,G_limited_19_fund_universe,G_limited_19_fund_universe
HPS,1838126,non-listed,2023-12-31,2023Q4,794,448,100.0,2.679,2.679,0.67,0.0,0.0,76.786,0.0,100.0,97.098,100.0,193,787,0,0,0,0,True,0,0,0,B_weak_XBRL_tagging,B_weak_XBRL_tagging
HTGC,1280784,listed,2023-12-31,2023Q4,828,411,100.0,95.864,95.864,33.577,0.0,32.117,30.9,0.0,100.0,36.01,100.0,4,12,2,0,0,0,True,6,0,0,G_limited_19_fund_universe,G_limited_19_fund_universe
MAIN,1396440,listed,2023-12-31,2023Q4,1078,565,100.0,85.841,87.257,60.708,0.0,0.531,41.239,0.0,100.0,60.531,100.0,26,55,6,0,0,0,True,5,0,0,G_limited_19_fund_universe,G_limited_19_fund_universe
MFIC,1278752,listed,2023-12-31,2023Q4,1042,548,99.818,67.153,67.883,53.102,0.0,43.431,44.891,48.175,100.0,48.175,99.27,1,5,0,0,0,0,True,4,0,0,G_limited_19_fund_universe,G_limited_19_fund_universe
NMFC,1496099,listed,2023-12-31,2023Q4,1029,520,100.0,93.269,93.654,85.385,0.0,0.0,65.769,0.0,100.0,85.962,100.0,181,672,271,101,0,0,True,5,0,0,G_limited_19_fund_universe,G_limited_19_fund_universe
OBDC,1655888,listed,2023-12-31,2023Q4,916,476,100.0,91.807,92.437,86.555,0.0,0.0,80.882,0.0,90.756,86.975,100.0,359,1220,829,332,0,0,True,5,0,0,G_limited_19_fund_universe,G_limited_19_fund_universe
OCIC,1812554,non-listed,2023-12-31,2023Q4,1242,776,100.0,69.588,69.845,67.01,0.0,0.0,90.979,0.0,90.335,93.299,100.0,550,1614,886,361,0,0,True,0,0,0,G_limited_19_fund_universe,G_limited_19_fund_universe
OCSL,1414932,listed,2023-12-31,2023Q4,741,374,100.0,91.444,97.594,76.471,0.0,5.882,69.786,0.0,100.0,83.422,100.0,48,186,111,4,0,0,True,10,0,0,G_limited_19_fund_universe,G_limited_19_fund_universe
PSEC,1287032,listed,2023-12-31,2023Q4,0,0,0.0,0.0,0.0,0.0,0.0,0.0,0.0,0.0,0.0,0.0,0.0,0,0,0,0,0,0,True,0,0,0,no_current_period_facilities,no_current_period_facilities
TSLX,1508655,listed,2023-12-31,2023Q4,423,227,100.0,99.559,99.559,46.696,0.0,56.388,68.282,0.0,100.0,67.841,100.0,1,6,2,0,0,0,True,7,0,0,G_limited_19_fund_universe,G_limited_19_fund_universe
ARCC,1287750,listed,2024-03-31,2024Q1,2413,1220,100.0,85.984,85.984,68.361,0.0,0.0,62.459,0.0,100.0,68.115,100.0,235,639,446,212,565,99,True,11,12,4,G_limited_19_fund_universe,G_limited_19_fund_universe
ASIF,1918712,non-listed,2024-03-31,2024Q1,768,427,100.0,93.208,93.208,81.967,0.0,0.0,86.651,0.0,100.0,89.93,100.0,278,661,434,209,232,0,True,0,0,0,G_limited_19_fund_universe,G_limited_19_fund_universe
BBDC,1379785,listed,2024-03-31,2024Q1,1875,955,100.0,57.592,58.534,41.047,0.0,0.0,44.084,0.0,100.0,83.665,100.0,29,73,2,0,397,0,True,6,0,0,G_limited_19_fund_universe,G_limited_19_fund_universe
BCRED,1803498,non-listed,2024-03-31,2024Q1,2602,1293,100.0,2.707,2.707,0.0,0.0,0.077,94.354,0.0,100.0,94.354,100.0,497,1430,15,0,30,0,True,0,0,0,B_weak_XBRL_tagging,B_weak_XBRL_tagging
BXSL,1736035,listed,2024-03-31,2024Q1,702,362,100.0,4.144,4.144,0.0,0.0,0.0,88.674,0.0,100.0,88.674,100.0,352,1016,15,0,13,11,True,3,0,0,B_weak_XBRL_tagging,B_weak_XBRL_tagging
CGBD,1544206,listed,2024-03-31,2024Q1,520,258,100.0,98.062,98.062,85.271,0.0,0.0,83.333,0.0,100.0,85.271,100.0,3,4,2,0,198,0,True,4,0,0,G_limited_19_fund_universe,G_limited_19_fund_universe
FSK,1422183,listed,2024-03-31,2024Q1,929,468,100.0,27.35,27.991,0.427,0.0,0.427,66.88,0.0,100.0,77.778,100.0,0,0,0,0,88,0,True,0,0,0,B_weak_XBRL_tagging,B_weak_XBRL_tagging
GBDC,1476765,listed,2024-03-31,2024Q1,2964,1541,100.0,21.544,21.544,13.433,0.0,0.0,82.414,0.0,100.0,83.842,100.0,41,211,107,1,98,1,True,8,0,0,B_weak_XBRL_tagging,B_weak_XBRL_tagging
GSBD,1572694,listed,2024-03-31,2024Q1,791,404,98.762,98.02,98.02,92.327,0.0,0.0,85.644,90.347,100.0,90.099,97.772,7,15,2,0,143,1,True,5,0,0,G_limited_19_fund_universe,G_limited_19_fund_universe
HPS,1838126,non-listed,2024-03-31,2024Q1,911,463,100.0,2.376,2.376,0.864,0.0,0.0,76.242,0.0,100.0,96.328,100.0,194,835,0,0,3,0,True,0,0,0,B_weak_XBRL_tagging,B_weak_XBRL_tagging
HTGC,1280784,listed,2024-03-31,2024Q1,825,416,100.0,97.115,97.115,34.135,0.0,32.692,31.971,0.0,100.0,36.298,100.0,4,12,2,0,304,1,True,8,1,0,G_limited_19_fund_universe,G_limited_19_fund_universe
MAIN,1396440,listed,2024-03-31,2024Q1,1136,571,100.0,86.34,87.741,60.771,0.0,0.701,40.806,0.0,100.0,60.595,100.0,21,34,6,0,177,0,True,0,0,0,G_limited_19_fund_universe,G_limited_19_fund_universe
MFIC,1278752,listed,2024-03-31,2024Q1,1129,581,99.828,67.298,68.33,53.012,0.0,43.029,45.783,47.849,100.0,48.021,99.139,1,5,0,0,257,0,True,7,0,0,G_limited_19_fund_universe,G_limited_19_fund_universe
NMFC,1496099,listed,2024-03-31,2024Q1,1001,511,100.0,92.564,92.955,84.736,0.0,0.0,60.861,0.0,100.0,84.344,100.0,180,691,253,124,202,23,True,9,7,5,G_limited_19_fund_universe,G_limited_19_fund_universe
OBDC,1655888,listed,2024-03-31,2024Q1,985,507,100.0,92.505,93.097,86.982,0.0,0.0,81.854,0.0,88.955,87.179,100.0,426,1440,981,409,334,237,True,2,0,0,G_limited_19_fund_universe,G_limited_19_fund_universe
OCIC,1812554,non-listed,2024-03-31,2024Q1,1645,868,100.0,68.779,69.009,66.59,0.0,0.0,91.82,0.0,89.862,93.894,100.0,625,1835,1055,446,405,0,True,0,0,0,C_borrower_matching,C_borrower_matching
OCSL,1414932,listed,2024-03-31,2024Q1,747,380,100.0,89.474,95.526,75.789,0.0,3.684,71.842,0.0,100.0,82.895,100.0,41,127,74,3,173,2,True,12,2,2,G_limited_19_fund_universe,G_limited_19_fund_universe
PSEC,1287032,listed,2024-03-31,2024Q1,0,0,0.0,0.0,0.0,0.0,0.0,0.0,0.0,0.0,0.0,0.0,0.0,0,0,0,0,0,0,True,0,0,0,no_current_period_facilities,no_current_period_facilities
TSLX,1508655,listed,2024-03-31,2024Q1,448,221,100.0,99.548,99.548,52.489,0.0,55.204,66.516,0.0,100.0,66.063,100.0,1,6,2,0,170,1,True,10,2,0,G_limited_19_fund_universe,G_limited_19_fund_universe
ARCC,1287750,listed,2024-06-30,2024Q2,2467,1274,100.0,86.813,86.813,68.76,0.0,0.078,63.422,0.0,100.0,68.681,100.0,280,850,644,284,570,107,True,12,17,7,G_limited_19_fund_universe,G_limited_19_fund_universe
ASIF,1918712,non-listed,2024-06-30,2024Q2,862,522,100.0,93.487,93.487,79.693,0.0,0.0,86.398,0.0,100.0,89.464,100.0,323,819,618,309,244,0,True,1,0,0,G_limited_19_fund_universe,G_limited_19_fund_universe
BBDC,1379785,listed,2024-06-30,2024Q2,1880,957,100.0,58.307,59.143,42.32,0.0,0.0,45.141,0.0,100.0,83.386,100.0,26,67,2,0,392,0,True,3,0,0,G_limited_19_fund_universe,G_limited_19_fund_universe
BCRED,1803498,non-listed,2024-06-30,2024Q2,2695,1386,100.0,3.102,3.102,0.0,0.0,0.144,94.661,0.0,100.0,94.661,100.0,566,1722,19,4,28,0,True,1,0,0,B_weak_XBRL_tagging,B_weak_XBRL_tagging
BXSL,1736035,listed,2024-06-30,2024Q2,755,415,100.0,4.819,4.819,0.0,0.0,0.0,89.88,0.0,100.0,89.88,100.0,401,1273,19,4,13,11,True,4,0,0,B_weak_XBRL_tagging,B_weak_XBRL_tagging
CGBD,1544206,listed,2024-06-30,2024Q2,521,259,100.0,98.069,98.069,84.942,0.0,0.0,83.784,0.0,100.0,85.328,100.0,3,4,2,0,175,0,True,7,0,0,G_limited_19_fund_universe,G_limited_19_fund_universe
FSK,1422183,listed,2024-06-30,2024Q2,955,495,100.0,25.455,26.061,0.606,0.0,0.404,69.293,0.0,100.0,78.99,100.0,0,0,0,0,71,0,True,5,0,0,B_weak_XBRL_tagging,B_weak_XBRL_tagging
GBDC,1476765,listed,2024-06-30,2024Q2,2991,1568,100.0,20.599,20.599,12.691,0.0,0.0,82.462,0.0,100.0,84.12,100.0,37,196,148,0,86,0,True,6,0,0,B_weak_XBRL_tagging,B_weak_XBRL_tagging
GSBD,1572694,listed,2024-06-30,2024Q2,823,435,99.08,98.851,98.851,93.333,0.0,0.0,87.586,91.724,100.0,91.724,97.471,6,14,2,0,106,1,True,1,0,0,G_limited_19_fund_universe,G_limited_19_fund_universe
HPS,1838126,non-listed,2024-06-30,2024Q2,951,506,100.0,2.569,3.162,0.988,0.0,0.0,73.913,0.0,100.0,96.047,100.0,205,896,0,0,3,0,True,1,0,0,B_weak_XBRL_tagging,B_weak_XBRL_tagging
HTGC,1280784,listed,2024-06-30,2024Q2,818,409,100.0,97.066,97.066,32.763,0.0,31.785,30.562,0.0,100.0,35.208,100.0,4,12,2,0,341,1,True,8,1,0,G_limited_19_fund_universe,G_limited_19_fund_universe
MAIN,1396440,listed,2024-06-30,2024Q2,1170,587,100.0,85.69,87.223,60.477,0.0,0.852,40.375,0.0,100.0,60.307,100.0,18,30,6,0,183,0,True,1,0,0,G_limited_19_fund_universe,G_limited_19_fund_universe
MFIC,1278752,listed,2024-06-30,2024Q2,1218,670,99.851,68.955,69.851,56.567,0.0,48.806,49.851,52.388,88.358,42.388,100.0,1,4,0,0,165,0,True,4,0,0,G_limited_19_fund_universe,G_limited_19_fund_universe
NMFC,1496099,listed,2024-06-30,2024Q2,1053,563,100.0,91.829,92.54,83.304,0.0,0.0,59.858,0.0,100.0,83.659,100.0,191,829,314,176,194,25,True,10,10,6,G_limited_19_fund_universe,G_limited_19_fund_universe
OBDC,1655888,listed,2024-06-30,2024Q2,1037,559,100.0,92.844,93.381,88.193,0.0,0.0,83.005,0.0,86.762,88.372,100.0,478,1658,1206,507,367,279,True,2,0,0,G_limited_19_fund_universe,G_limited_19_fund_universe
OCIC,1812554,non-listed,2024-06-30,2024Q2,1584,888,100.0,95.946,96.171,93.806,0.0,0.0,91.554,0.0,84.459,93.694,100.0,654,2025,1325,576,432,0,True,2,0,0,C_borrower_matching,C_borrower_matching
OCSL,1414932,listed,2024-06-30,2024Q2,771,404,100.0,89.604,95.297,76.733,0.0,3.713,71.04,0.0,100.0,83.911,100.0,35,121,71,2,192,1,True,9,1,1,G_limited_19_fund_universe,G_limited_19_fund_universe
PSEC,1287032,listed,2024-06-30,2024Q2,0,0,0.0,0.0,0.0,0.0,0.0,0.0,0.0,0.0,0.0,0.0,0.0,0,0,0,0,0,0,True,0,0,0,no_current_period_facilities,no_current_period_facilities
TSLX,1508655,listed,2024-06-30,2024Q2,438,211,100.0,99.526,99.526,58.768,0.0,51.185,62.085,0.0,99.526,64.455,100.0,1,6,2,0,139,1,True,11,2,0,G_limited_19_fund_universe,G_limited_19_fund_universe
ARCC,1287750,listed,2024-09-30,2024Q3,2483,1287,100.0,87.335,87.335,68.531,0.0,0.078,62.393,0.0,100.0,68.454,100.0,336,939,687,301,584,137,True,13,12,3,G_limited_19_fund_universe,G_limited_19_fund_universe
ASIF,1918712,non-listed,2024-09-30,2024Q3,964,624,100.0,92.147,92.147,72.276,0.0,0.0,82.051,0.0,100.0,87.179,100.0,376,880,670,341,347,0,True,3,0,0,G_limited_19_fund_universe,G_limited_19_fund_universe
BBDC,1379785,listed,2024-09-30,2024Q3,1886,963,100.0,58.671,59.398,41.121,0.0,0.0,45.691,0.0,100.0,83.178,100.0,25,72,2,0,356,0,True,7,0,0,G_limited_19_fund_universe,G_limited_19_fund_universe
BCRED,1803498,non-listed,2024-09-30,2024Q3,2805,1496,100.0,4.144,4.211,0.201,0.0,0.134,93.984,0.0,100.0,93.984,100.0,652,2001,23,4,33,0,True,2,0,0,B_weak_XBRL_tagging,B_weak_XBRL_tagging
BXSL,1736035,listed,2024-09-30,2024Q3,828,488,100.0,4.303,4.303,0.0,0.0,0.0,90.574,0.0,100.0,90.574,100.0,472,1593,22,4,16,10,True,2,0,0,B_weak_XBRL_tagging,B_weak_XBRL_tagging
CGBD,1544206,listed,2024-09-30,2024Q3,510,248,100.0,97.984,97.984,84.274,0.0,0.0,83.871,0.0,100.0,84.677,100.0,3,4,2,0,172,0,True,9,0,0,G_limited_19_fund_universe,G_limited_19_fund_universe
FSK,1422183,listed,2024-09-30,2024Q3,981,521,100.0,25.336,25.912,0.96,0.0,0.384,70.25,0.0,100.0,80.23,100.0,0,0,0,0,92,0,True,6,0,0,B_weak_XBRL_tagging,B_weak_XBRL_tagging
GBDC,1476765,listed,2024-09-30,2024Q3,2990,1567,100.0,19.592,19.592,11.232,0.0,0.0,82.131,0.0,100.0,83.599,100.0,36,167,151,0,91,0,True,0,0,0,B_weak_XBRL_tagging,B_weak_XBRL_tagging
GSBD,1572694,listed,2024-09-30,2024Q3,852,464,99.353,98.491,98.491,93.319,0.0,0.0,87.069,91.595,100.0,91.595,97.414,4,8,0,0,186,1,True,4,0,0,G_limited_19_fund_universe,G_limited_19_fund_universe
HPS,1838126,non-listed,2024-09-30,2024Q3,1004,559,100.0,2.326,2.862,0.894,0.0,0.0,71.377,0.0,100.0,96.243,100.0,225,887,0,0,4,0,True,2,0,0,B_weak_XBRL_tagging,B_weak_XBRL_tagging
HTGC,1280784,listed,2024-09-30,2024Q3,812,403,100.0,97.022,97.022,32.754,0.0,32.01,30.273,0.0,100.0,35.484,100.0,4,8,1,0,362,1,True,11,2,0,G_limited_19_fund_universe,G_limited_19_fund_universe
MAIN,1396440,listed,2024-09-30,2024Q3,1151,587,100.0,86.201,87.734,60.136,0.0,0.852,38.501,0.0,100.0,59.966,100.0,19,34,6,0,181,0,True,4,0,0,G_limited_19_fund_universe,G_limited_19_fund_universe
MFIC,1278752,listed,2024-09-30,2024Q3,1433,885,99.887,69.605,70.056,59.661,0.0,50.508,51.638,56.045,88.701,44.859,100.0,1,3,0,0,303,0,True,5,0,0,G_limited_19_fund_universe,G_limited_19_fund_universe
NMFC,1496099,listed,2024-09-30,2024Q3,1055,565,100.0,92.035,92.743,82.832,0.0,0.0,58.938,0.0,100.0,83.363,100.0,194,819,284,156,229,33,True,12,18,6,G_limited_19_fund_universe,G_limited_19_fund_universe
OBDC,1655888,listed,2024-09-30,2024Q3,1055,576,100.0,92.882,93.403,88.368,0.0,0.0,82.986,0.0,86.632,88.542,100.0,499,1636,1205,514,387,318,True,8,0,0,G_limited_19_fund_universe,G_limited_19_fund_universe
OCIC,1812554,non-listed,2024-09-30,2024Q3,1565,869,100.0,95.627,95.857,93.556,0.0,0.0,91.024,0.0,87.112,93.556,100.0,619,1885,1290,576,570,0,True,5,0,0,C_borrower_matching,C_borrower_matching
OCSL,1414932,listed,2024-09-30,2024Q3,753,395,100.0,91.392,96.709,80.253,0.0,0.506,72.911,0.0,100.0,82.785,100.0,33,117,70,0,170,0,True,1,0,0,G_limited_19_fund_universe,G_limited_19_fund_universe
PSEC,1287032,listed,2024-09-30,2024Q3,0,0,0.0,0.0,0.0,0.0,0.0,0.0,0.0,0.0,0.0,0.0,0.0,0,0,0,0,0,0,True,0,0,0,no_current_period_facilities,no_current_period_facilities
TSLX,1508655,listed,2024-09-30,2024Q3,442,215,100.0,99.535,99.535,60.465,0.0,50.698,65.116,0.0,100.0,64.651,100.0,1,5,1,0,161,1,True,10,1,0,G_limited_19_fund_universe,G_limited_19_fund_universe
ARCC,1287750,listed,2024-12-31,2024Q4,2534,1337,100.0,88.033,88.033,69.409,0.0,0.0,62.827,0.0,100.0,69.26,100.0,394,1098,776,351,648,170,True,10,4,0,G_limited_19_fund_universe,G_limited_19_fund_universe
ASIF,1918712,non-listed,2024-12-31,2024Q4,1152,812,100.0,91.995,91.995,67.857,0.0,0.0,80.172,0.0,100.0,86.946,100.0,428,958,709,348,387,0,True,0,0,0,G_limited_19_fund_universe,G_limited_19_fund_universe
BBDC,1379785,listed,2024-12-31,2024Q4,1543,653,100.0,85.605,86.677,58.652,0.0,0.0,66.003,0.0,100.0,76.57,100.0,32,117,49,2,9,0,True,6,0,0,G_limited_19_fund_universe,G_limited_19_fund_universe
BCRED,1803498,non-listed,2024-12-31,2024Q4,2970,1661,100.0,4.696,4.816,0.843,0.0,0.181,93.137,0.0,100.0,93.016,100.0,723,2167,42,5,53,0,True,0,0,0,B_weak_XBRL_tagging,B_weak_XBRL_tagging
BXSL,1736035,listed,2024-12-31,2024Q4,900,560,100.0,7.321,7.5,0.0,0.0,0.0,89.286,0.0,100.0,89.107,100.0,550,1805,42,5,16,14,True,3,0,0,B_weak_XBRL_tagging,B_weak_XBRL_tagging
CGBD,1544206,listed,2024-12-31,2024Q4,528,266,100.0,98.12,98.12,82.331,0.0,0.0,85.338,0.0,100.0,84.211,100.0,1,2,0,0,161,0,True,4,0,0,G_limited_19_fund_universe,G_limited_19_fund_universe
FSK,1422183,listed,2024-12-31,2024Q4,993,533,100.0,25.328,26.642,0.938,0.0,0.375,72.983,0.0,100.0,79.925,100.0,0,0,0,0,92,0,True,2,0,0,B_weak_XBRL_tagging,B_weak_XBRL_tagging
GBDC,1476765,listed,2024-12-31,2024Q4,3193,1626,100.0,18.635,18.635,10.886,0.0,0.0,82.226,0.0,100.0,83.395,100.0,37,196,183,0,99,0,True,10,0,0,B_weak_XBRL_tagging,B_weak_XBRL_tagging
GSBD,1572694,listed,2024-12-31,2024Q4,880,485,99.175,98.557,98.557,93.608,0.0,0.0,86.804,92.165,100.0,92.165,97.938,5,9,0,0,195,0,True,0,0,0,G_limited_19_fund_universe,G_limited_19_fund_universe
HPS,1838126,non-listed,2024-12-31,2024Q4,1098,653,100.0,1.838,1.991,0.766,0.0,0.0,73.354,0.0,100.0,96.631,100.0,264,905,0,0,2,0,True,0,0,0,B_weak_XBRL_tagging,B_weak_XBRL_tagging
HTGC,1280784,listed,2024-12-31,2024Q4,802,393,100.0,96.183,96.183,31.298,0.0,31.807,30.025,0.0,100.0,34.86,100.0,4,8,1,0,330,1,True,7,0,0,G_limited_19_fund_universe,G_limited_19_fund_universe
MAIN,1396440,listed,2024-12-31,2024Q4,1153,589,100.0,86.587,88.115,60.611,0.0,0.849,40.238,0.0,100.0,60.441,100.0,18,39,10,0,171,0,True,0,0,0,G_limited_19_fund_universe,G_limited_19_fund_universe
MFIC,1278752,listed,2024-12-31,2024Q4,1406,859,99.884,69.616,70.081,59.721,0.0,50.757,51.339,55.995,88.242,45.052,100.0,1,4,0,0,269,0,True,5,0,0,G_limited_19_fund_universe,G_limited_19_fund_universe
NMFC,1496099,listed,2024-12-31,2024Q4,1027,537,100.0,91.993,92.737,82.682,0.0,0.0,59.59,0.0,100.0,83.24,100.0,194,696,241,151,232,25,True,1,0,0,G_limited_19_fund_universe,G_limited_19_fund_universe
OBDC,1655888,listed,2024-12-31,2024Q4,643,340,100.0,88.529,89.706,81.176,0.0,0.0,75.0,0.0,93.529,81.176,100.0,294,682,431,252,222,219,True,7,4,1,G_limited_19_fund_universe,G_limited_19_fund_universe
OCIC,1812554,non-listed,2024-12-31,2024Q4,931,494,100.0,92.51,93.117,88.664,0.0,0.0,85.425,0.0,95.547,88.866,100.0,381,897,532,314,320,0,True,0,0,0,C_borrower_matching,C_borrower_matching
OCSL,1414932,listed,2024-12-31,2024Q4,818,392,100.0,91.071,96.684,79.847,0.0,0.51,69.388,0.0,100.0,82.653,100.0,32,102,51,0,170,0,True,12,0,0,G_limited_19_fund_universe,G_limited_19_fund_universe
PSEC,1287032,listed,2024-12-31,2024Q4,0,0,0.0,0.0,0.0,0.0,0.0,0.0,0.0,0.0,0.0,0.0,0.0,0,0,0,0,0,0,True,0,0,0,no_current_period_facilities,no_current_period_facilities
TSLX,1508655,listed,2024-12-31,2024Q4,444,217,100.0,99.539,99.539,61.29,0.0,47.926,64.977,0.0,100.0,64.055,100.0,1,5,1,0,106,1,True,8,1,0,G_limited_19_fund_universe,G_limited_19_fund_universe
ARCC,1287750,listed,2025-03-31,2025Q1,2702,1365,100.0,86.74,86.74,68.571,0.0,0.0,62.93,0.0,100.0,68.645,100.0,436,1153,773,358,613,192,True,13,8,1,G_limited_19_fund_universe,G_limited_19_fund_universe
ASIF,1918712,non-listed,2025-03-31,2025Q1,1739,926,100.0,91.145,91.145,60.259,0.0,2.7,73.974,0.0,100.0,82.829,100.0,445,980,705,352,418,0,True,0,0,0,G_limited_19_fund_universe,G_limited_19_fund_universe
BBDC,1379785,listed,2025-03-31,2025Q1,1254,634,100.0,88.17,89.432,58.833,0.0,0.0,68.139,0.0,100.0,76.656,100.0,32,121,54,0,405,0,True,3,0,0,G_limited_19_fund_universe,G_limited_19_fund_universe
BCRED,1803498,non-listed,2025-03-31,2025Q1,3375,1713,100.0,4.67,4.787,1.109,0.0,0.175,92.703,0.0,100.0,92.586,100.0,715,2225,42,5,59,0,True,0,0,0,B_weak_XBRL_tagging,B_weak_XBRL_tagging
BXSL,1736035,listed,2025-03-31,2025Q1,1140,580,100.0,7.241,7.414,0.0,0.0,0.0,89.655,0.0,100.0,89.483,100.0,568,1898,42,5,34,31,True,6,0,0,B_weak_XBRL_tagging,B_weak_XBRL_tagging
CGBD,1544206,listed,2025-03-31,2025Q1,479,244,100.0,98.361,98.361,81.557,0.0,0.0,84.426,0.0,100.0,81.967,100.0,3,8,0,0,157,0,True,7,0,0,G_limited_19_fund_universe,G_limited_19_fund_universe
FSK,1422183,listed,2025-03-31,2025Q1,1095,562,100.0,25.267,26.335,0.712,0.0,0.356,80.783,0.0,100.0,80.249,100.0,3,6,0,0,92,0,True,4,0,0,B_weak_XBRL_tagging,B_weak_XBRL_tagging
GBDC,1476765,listed,2025-03-31,2025Q1,3219,1652,100.0,18.705,18.705,10.775,0.0,0.0,82.264,0.0,100.0,83.354,100.0,32,213,201,0,97,0,True,9,0,0,B_weak_XBRL_tagging,B_weak_XBRL_tagging
GSBD,1572694,listed,2025-03-31,2025Q1,979,494,99.393,98.583,98.583,93.522,0.0,88.462,85.628,92.105,100.0,92.105,97.571,4,7,0,0,281,0,True,1,0,0,G_limited_19_fund_universe,G_limited_19_fund_universe
HPS,1838126,non-listed,2025-03-31,2025Q1,1382,730,100.0,2.192,2.603,0.685,0.0,0.0,74.932,0.0,100.0,95.616,100.0,286,981,0,0,2,0,True,0,0,0,B_weak_XBRL_tagging,B_weak_XBRL_tagging
HTGC,1280784,listed,2025-03-31,2025Q1,797,401,100.0,96.259,96.259,31.671,0.0,31.172,30.175,0.0,100.0,33.915,100.0,3,6,1,0,329,1,True,10,0,0,G_limited_19_fund_universe,G_limited_19_fund_universe
MAIN,1396440,listed,2025-03-31,2025Q1,1176,587,100.0,86.542,88.075,59.455,0.0,1.022,39.182,0.0,100.0,59.284,100.0,21,52,12,0,178,0,True,1,0,0,G_limited_19_fund_universe,G_limited_19_fund_universe
MFIC,1278752,listed,2025-03-31,2025Q1,1724,864,99.884,69.792,70.255,61.111,0.0,56.019,56.366,60.648,87.5,51.389,99.884,2,7,0,0,13,0,True,0,0,0,G_limited_19_fund_universe,G_limited_19_fund_universe
NMFC,1496099,listed,2025-03-31,2025Q1,1068,535,100.0,91.776,92.336,82.804,0.0,0.0,58.879,0.0,100.0,83.738,100.0,181,667,217,123,223,27,True,8,4,1,G_limited_19_fund_universe,G_limited_19_fund_universe
OBDC,1655888,listed,2025-03-31,2025Q1,698,356,100.0,89.045,90.169,82.022,0.0,0.0,76.404,0.0,93.82,80.899,100.0,288,671,426,242,199,185,True,5,0,0,G_limited_19_fund_universe,G_limited_19_fund_universe
OCIC,1812554,non-listed,2025-03-31,2025Q1,1006,512,100.0,92.578,93.164,88.086,0.0,0.0,84.961,0.0,96.289,87.891,100.0,385,929,529,311,343,0,True,1,0,0,C_borrower_matching,C_borrower_matching
OCSL,1414932,listed,2025-03-31,2025Q1,865,433,100.0,90.993,95.612,80.6,0.0,0.693,74.827,0.0,100.0,84.758,100.0,34,106,51,0,167,0,True,11,0,0,G_limited_19_fund_universe,G_limited_19_fund_universe
PSEC,1287032,listed,2025-03-31,2025Q1,0,0,0.0,0.0,0.0,0.0,0.0,0.0,0.0,0.0,0.0,0.0,0.0,0,0,0,0,0,0,True,0,0,0,no_current_period_facilities,no_current_period_facilities
TSLX,1508655,listed,2025-03-31,2025Q1,441,224,100.0,99.554,99.554,62.5,0.0,60.268,61.607,0.0,100.0,65.179,100.0,1,4,1,0,168,1,True,12,1,0,G_limited_19_fund_universe,G_limited_19_fund_universe
ARCC,1287750,listed,2025-06-30,2025Q2,2735,1398,100.0,87.482,87.482,69.528,0.0,0.072,64.02,0.0,100.0,69.599,100.0,495,1201,833,402,638,210,True,13,6,1,G_limited_19_fund_universe,G_limited_19_fund_universe
ASIF,1918712,non-listed,2025-06-30,2025Q2,1874,1062,100.0,91.149,91.149,56.026,0.0,2.26,72.976,0.0,100.0,83.804,100.0,503,1151,819,401,533,0,True,2,0,0,G_limited_19_fund_universe,G_limited_19_fund_universe
BBDC,1379785,listed,2025-06-30,2025Q2,1280,660,100.0,87.727,89.091,56.97,0.0,0.0,67.121,0.0,100.0,75.455,100.0,33,125,44,0,403,0,True,3,0,0,G_limited_19_fund_universe,G_limited_19_fund_universe
BCRED,1803498,non-listed,2025-06-30,2025Q2,3463,1807,100.0,4.981,5.147,1.605,0.0,0.277,92.252,0.0,100.0,93.968,100.0,761,2382,43,5,76,0,True,1,0,0,B_weak_XBRL_tagging,B_weak_XBRL_tagging
BXSL,1736035,listed,2025-06-30,2025Q2,1157,597,100.0,7.203,7.37,0.0,0.0,0.0,89.782,0.0,100.0,89.615,100.0,587,1995,43,5,38,34,True,6,0,0,B_weak_XBRL_tagging,B_weak_XBRL_tagging
CGBD,1544206,listed,2025-06-30,2025Q2,471,245,100.0,100.0,100.0,84.49,0.0,0.0,88.571,0.0,100.0,85.714,100.0,0,0,0,0,26,0,True,7,0,0,G_limited_19_fund_universe,G_limited_19_fund_universe
FSK,1422183,listed,2025-06-30,2025Q2,1101,568,100.0,24.648,25.704,0.528,0.0,0.352,82.042,0.0,100.0,81.514,100.0,0,0,0,0,92,0,True,4,0,0,B_weak_XBRL_tagging,B_weak_XBRL_tagging
GBDC,1476765,listed,2025-06-30,2025Q2,3271,1704,100.0,17.958,17.958,10.27,0.0,0.0,82.629,0.0,100.0,83.803,100.0,23,100,67,0,98,0,True,10,0,0,B_weak_XBRL_tagging,B_weak_XBRL_tagging
GSBD,1572694,listed,2025-06-30,2025Q2,928,466,100.0,100.0,100.0,96.352,0.0,92.704,92.06,96.352,100.0,95.494,98.283,0,0,0,0,241,0,True,2,0,0,G_limited_19_fund_universe,G_limited_19_fund_universe
HPS,1838126,non-listed,2025-06-30,2025Q2,1439,787,100.0,2.414,2.795,0.635,0.0,0.0,73.698,0.0,100.0,95.553,100.0,312,1061,0,0,7,0,True,1,0,0,B_weak_XBRL_tagging,B_weak_XBRL_tagging
HTGC,1280784,listed,2025-06-30,2025Q2,818,422,100.0,96.445,96.445,31.991,0.0,31.517,30.332,0.0,100.0,34.834,100.0,0,0,0,0,350,0,True,11,0,0,G_limited_19_fund_universe,G_limited_19_fund_universe
MAIN,1396440,listed,2025-06-30,2025Q2,1181,592,100.0,86.486,88.007,59.122,0.0,1.014,38.345,0.0,100.0,58.953,100.0,22,41,18,0,187,0,True,2,0,0,G_limited_19_fund_universe,G_limited_19_fund_universe
MFIC,1278752,listed,2025-06-30,2025Q2,1523,795,99.874,74.465,74.717,66.541,0.0,62.138,62.767,67.17,86.289,53.711,99.623,13,43,0,0,364,0,True,1,0,0,G_limited_19_fund_universe,G_limited_19_fund_universe
NMFC,1496099,listed,2025-06-30,2025Q2,1090,557,100.0,93.896,94.434,83.842,0.0,0.0,59.425,0.0,100.0,86.535,100.0,183,737,238,140,253,31,True,9,4,2,G_limited_19_fund_universe,G_limited_19_fund_universe
OBDC,1655888,listed,2025-06-30,2025Q2,698,356,100.0,89.045,90.169,82.022,0.0,0.0,75.562,0.0,93.258,80.899,100.0,294,710,450,248,239,183,True,5,0,0,G_limited_19_fund_universe,G_limited_19_fund_universe
OCIC,1812554,non-listed,2025-06-30,2025Q2,1033,539,100.0,92.95,93.506,88.497,0.0,0.0,84.972,0.0,95.733,88.126,100.0,398,1016,575,317,375,0,True,4,0,0,C_borrower_matching,C_borrower_matching
OCSL,1414932,listed,2025-06-30,2025Q2,852,441,100.0,91.61,95.692,81.179,0.0,0.68,75.964,0.0,99.773,85.034,100.0,36,110,50,0,191,0,True,8,0,0,G_limited_19_fund_universe,G_limited_19_fund_universe
PSEC,1287032,listed,2025-06-30,2025Q2,0,0,0.0,0.0,0.0,0.0,0.0,0.0,0.0,0.0,0.0,0.0,0.0,0,0,0,0,0,0,True,0,0,0,no_current_period_facilities,no_current_period_facilities
TSLX,1508655,listed,2025-06-30,2025Q2,370,183,100.0,100.0,100.0,74.863,0.0,70.492,72.678,0.0,100.0,77.596,100.0,0,0,0,0,121,1,True,12,0,0,G_limited_19_fund_universe,G_limited_19_fund_universe
ARCC,1287750,listed,2025-09-30,2025Q3,2774,1436,100.0,87.047,87.047,69.081,0.0,0.07,61.838,0.0,100.0,69.011,100.0,582,1455,989,452,669,244,True,13,5,2,G_limited_19_fund_universe,G_limited_19_fund_universe
ASIF,1918712,non-listed,2025-09-30,2025Q3,2051,1238,100.0,90.307,90.307,54.927,0.0,0.0,68.498,0.0,100.0,80.129,100.0,601,1410,978,475,543,0,True,2,0,0,G_limited_19_fund_universe,G_limited_19_fund_universe
BBDC,1379785,listed,2025-09-30,2025Q3,1277,657,100.0,87.215,88.584,56.317,0.0,0.0,67.275,0.0,100.0,75.342,100.0,26,103,44,0,418,0,True,4,0,0,G_limited_19_fund_universe,G_limited_19_fund_universe
BCRED,1803498,non-listed,2025-09-30,2025Q3,3545,1889,100.0,4.553,4.659,1.8,0.0,0.265,92.165,0.0,100.0,94.283,100.0,786,2529,42,5,78,0,True,2,0,0,B_weak_XBRL_tagging,B_weak_XBRL_tagging
BXSL,1736035,listed,2025-09-30,2025Q3,1210,650,100.0,6.615,6.769,0.0,0.0,0.0,90.462,0.0,100.0,90.308,100.0,633,2193,42,5,38,34,True,2,0,0,B_weak_XBRL_tagging,B_weak_XBRL_tagging
CGBD,1544206,listed,2025-09-30,2025Q3,496,270,100.0,100.0,100.0,84.815,0.0,0.0,88.519,0.0,100.0,85.926,100.0,0,0,0,0,190,0,True,10,0,0,G_limited_19_fund_universe,G_limited_19_fund_universe
FSK,1422183,listed,2025-09-30,2025Q3,1105,572,100.0,22.552,23.077,0.524,0.0,0.35,83.392,0.0,100.0,82.692,100.0,0,0,0,0,81,0,True,8,0,0,B_weak_XBRL_tagging,B_weak_XBRL_tagging
GBDC,1476765,listed,2025-09-30,2025Q3,3306,1749,100.0,16.924,16.924,9.605,0.0,0.0,64.551,0.0,100.0,84.22,100.0,25,99,70,0,55,0,True,0,0,0,B_weak_XBRL_tagging,B_weak_XBRL_tagging
GSBD,1572694,listed,2025-09-30,2025Q3,993,509,100.0,100.0,100.0,94.892,0.0,90.57,89.784,94.892,100.0,94.892,100.0,0,0,0,0,224,0,True,3,0,0,G_limited_19_fund_universe,G_limited_19_fund_universe
HPS,1838126,non-listed,2025-09-30,2025Q3,1474,822,100.0,2.798,3.163,0.73,0.0,0.0,72.749,0.0,100.0,95.377,100.0,321,1101,0,0,11,0,True,2,0,0,B_weak_XBRL_tagging,B_weak_XBRL_tagging
HTGC,1280784,listed,2025-09-30,2025Q3,717,372,100.0,98.118,98.118,36.29,0.0,35.753,34.409,0.0,100.0,39.785,100.0,0,0,0,0,318,0,True,12,0,0,G_limited_19_fund_universe,G_limited_19_fund_universe
MAIN,1396440,listed,2025-09-30,2025Q3,1185,599,100.0,87.312,88.815,59.098,0.0,1.169,37.563,0.0,100.0,58.932,100.0,19,36,18,0,196,0,True,3,0,0,G_limited_19_fund_universe,G_limited_19_fund_universe
MFIC,1278752,listed,2025-09-30,2025Q3,1516,788,99.873,74.112,74.239,66.624,0.0,61.294,62.437,66.751,86.041,53.553,99.746,13,50,0,0,419,0,True,6,0,0,G_limited_19_fund_universe,G_limited_19_fund_universe
NMFC,1496099,listed,2025-09-30,2025Q3,1103,570,100.0,94.035,94.561,84.386,0.0,0.0,59.825,0.0,100.0,86.316,100.0,181,687,208,105,245,30,True,11,6,2,G_limited_19_fund_universe,G_limited_19_fund_universe
OBDC,1655888,listed,2025-09-30,2025Q3,699,357,100.0,89.636,90.756,79.832,0.0,0.0,73.109,0.0,94.678,79.552,100.0,308,712,462,253,230,186,True,7,0,0,G_limited_19_fund_universe,G_limited_19_fund_universe
OCIC,1812554,non-listed,2025-09-30,2025Q3,1011,517,100.0,92.843,93.424,86.654,0.0,0.0,83.366,0.0,97.292,86.847,100.0,403,980,574,319,372,0,True,7,0,0,C_borrower_matching,C_borrower_matching
OCSL,1414932,listed,2025-09-30,2025Q3,829,435,100.0,93.793,97.471,83.908,0.0,0.92,77.011,0.0,100.0,86.897,100.0,37,93,45,0,185,0,True,1,0,0,G_limited_19_fund_universe,G_limited_19_fund_universe
PSEC,1287032,listed,2025-09-30,2025Q3,0,0,0.0,0.0,0.0,0.0,0.0,0.0,0.0,0.0,0.0,0.0,0.0,0,0,0,0,0,0,True,0,0,0,no_current_period_facilities,no_current_period_facilities
TSLX,1508655,listed,2025-09-30,2025Q3,400,213,100.0,85.446,85.446,61.033,0.0,75.117,76.526,0.0,100.0,81.221,100.0,0,0,0,0,142,0,True,9,0,0,G_limited_19_fund_universe,G_limited_19_fund_universe
