observation_id,report_period_end,report_period_label,borrower_norm,source_ticker,source_cik,source_listed_status,target_ticker,target_cik,source_facility_id,source_prior_facility_id,target_prior_facility_id,source_results_timestamp_utc,source_mark_public_timestamp_utc,source_information_timestamp_utc,source_mark_public_evidence,target_prior_public_timestamp_utc,target_cutoff_timestamp_utc,reporting_window_days,source_current_mark,source_prior_mark,source_delta_mark,source_delta_pp,movement_eligible,development_borrower_excluded,target_current_outcome_used_for_eligibility,outcomes_revealed,unit_of_analysis
SN3X_0145584e3a2c2cfb6cf0b6e3085f,2025-09-30,2025Q3,forescout technologies,ARCC,1287750,listed,OBDC,1655888,EF_8a1a818533b526a127b45a5d0aab,EF_a95b14fe62c781b6919e80d35e5b,EF_927b07f2937f402622c40888afa3,2025-10-27T20:29:59Z,2025-10-27T20:48:00Z,2025-10-27T20:48:00Z,SOI acceptance; no earlier exact facility mark verified in EX-99,2025-08-06T20:05:51Z,2025-11-05T21:36:07Z,9.033414,0.9851851852,0.9925925926,-0.0074074074,-0.740741,True,False,False,False,source BDC x report period x borrower x economic_facility_v2
SN3X_038f9e94f828047057d841d97572,2024-06-30,2024Q2,dealer tire financial,NMFC,1496099,listed,OBDC,1655888,EF_ae1a9494e60ea0b3b5527d1c2b37,EF_c17e782c2f272166bf5bb386b749,EF_7421e4b2ca5637d25e45da85633b,2024-07-31T21:02:57Z,2024-07-31T17:12:00Z,2024-07-31T21:02:57Z,SOI acceptance; no earlier exact facility mark verified in EX-99,2024-05-08T20:11:16Z,2024-08-07T20:16:31Z,6.967755,1.0004175365,1.0087401301,-0.0083225936,-0.832259,True,False,False,False,source BDC x report period x borrower x economic_facility_v2
SN3X_03ddd5de7324b5365435229bd826,2024-03-31,2024Q1,imprivata,ARCC,1287750,listed,OBDC,1655888,EF_6b909f7b0ba66cae21855b860e95,EF_54d8947ad25cd5643e2e0d7e6e06,EF_1d9ba73fafd7e4b7461dac86ac1d,2024-04-30T21:30:34Z,2024-04-30T21:41:00Z,2024-04-30T21:41:00Z,SOI acceptance; no earlier exact facility mark verified in EX-99,2024-02-21T21:56:10Z,2024-05-08T20:11:16Z,7.937685,1.0000000000,0.9813664596,0.0186335404,1.863354,True,False,False,False,source BDC x report period x borrower x economic_facility_v2
SN3X_0416322073597c8c9f655de911a1,2024-06-30,2024Q2,pluralsight,ARCC,1287750,listed,OBDC,1655888,EF_506abf28d45ce5769a5d2d69c6bf,EF_6620e4c9a6ecddfcb0ede84b1a40,EF_b21fdb2bc75708fe3d7b79427351,2024-07-29T20:56:19Z,2024-07-29T21:10:00Z,2024-07-29T21:10:00Z,SOI acceptance; no earlier exact facility mark verified in EX-99,2024-05-08T20:11:16Z,2024-08-07T20:16:31Z,8.962859,0.3333333333,1.0000000000,-0.6666666667,-66.666667,True,False,False,False,source BDC x report period x borrower x economic_facility_v2
SN3X_0433270103e7b58142eabf353d55,2024-06-30,2024Q2,confluent health,NMFC,1496099,listed,OBDC,1655888,EF_4261e400c37d0cb38157b31b0766,EF_89ecff60e335ca0d836aa63c46e0,EF_ad698926c251197f7aada6584c7f,2024-07-31T21:02:57Z,2024-07-31T17:12:00Z,2024-07-31T21:02:57Z,SOI acceptance; no earlier exact facility mark verified in EX-99,2024-05-08T20:11:16Z,2024-08-07T20:16:31Z,6.967755,0.9749815589,0.9900674433,-0.0150858844,-1.508588,True,False,False,False,source BDC x report period x borrower x economic_facility_v2
SN3X_0563aace057de361018740d3c181,2024-09-30,2024Q3,acrisure,ARCC,1287750,listed,OBDC,1655888,EF_9a08ce365cc34dfdc950a5684672,EF_2ff51d69c5757517ca52d46250c2,EF_8a48f911247b87144ca22e87e114,2024-10-29T20:49:55Z,2024-10-29T20:56:00Z,2024-10-29T20:56:00Z,SOI acceptance; no earlier exact facility mark verified in EX-99,2024-08-07T20:16:31Z,2024-11-06T21:06:55Z,8.007581,1.0000000000,1.0000000000,0.0000000000,0.000000,False,False,False,False,source BDC x report period x borrower x economic_facility_v2
SN3X_061e5cded43d1cf91ffccfdb92ca,2024-06-30,2024Q2,dealer tire financial,NMFC,1496099,listed,OBDC,1655888,EF_4a78c7ea636f3e530def94a56a74,EF_c17e782c2f272166bf5bb386b749,EF_7421e4b2ca5637d25e45da85633b,2024-07-31T21:02:57Z,2024-07-31T17:12:00Z,2024-07-31T21:02:57Z,SOI acceptance; no earlier exact facility mark verified in EX-99,2024-05-08T20:11:16Z,2024-08-07T20:16:31Z,6.967755,1.0003806986,1.0087401301,-0.0083594315,-0.835943,True,False,False,False,source BDC x report period x borrower x economic_facility_v2
SN3X_08a61efce1e4cee4934db042a78e,2025-06-30,2025Q2,forescout technologies,ARCC,1287750,listed,OBDC,1655888,EF_a95b14fe62c781b6919e80d35e5b,EF_53be37d90ed8226dfc4f546e46f1,EF_581e69ebf7e43b2969e3dbbfe7d3,2025-07-28T21:11:20Z,2025-07-28T21:23:00Z,2025-07-28T21:23:00Z,SOI acceptance; no earlier exact facility mark verified in EX-99,2025-05-07T20:15:44Z,2025-08-06T20:05:51Z,8.946424,0.9925925926,1.0000000000,-0.0074074074,-0.740741,True,False,False,False,source BDC x report period x borrower x economic_facility_v2
SN3X_0b81e70d495efc34eec12dee8d10,2024-06-30,2024Q2,community brands parentco,ARCC,1287750,listed,NMFC,1496099,EF_9a2d50ecf7ac16f2c0f378e32e13,EF_2ce55e5efa4d0561df99c2b9b09a,EF_acf23b0f04fd6d08a616503e23c8,2024-07-29T20:56:19Z,2024-07-29T21:10:00Z,2024-07-29T21:10:00Z,SOI acceptance; no earlier exact facility mark verified in EX-99,2024-05-01T21:02:05Z,2024-07-31T21:02:57Z,1.995104,1.0000000000,0.9904761905,0.0095238095,0.952381,True,False,False,False,source BDC x report period x borrower x economic_facility_v2
SN3X_0b8ac96417994d40eccea3ab63cb,2025-09-30,2025Q3,physician partners,NMFC,1496099,listed,OBDC,1655888,EF_5fafce268f1b4da312851a3e4413,EF_a1a753b5c878e9b4539452a4dfff,EF_e833bfdd0ba6e0ce712ed59b9272,2025-11-03T21:39:20Z,2025-11-03T16:44:00Z,2025-11-03T21:39:20Z,SOI acceptance; no earlier exact facility mark verified in EX-99,2025-08-06T20:05:51Z,2025-11-05T21:36:07Z,1.997766,0.8313282002,0.8855016803,-0.0541734801,-5.417348,True,False,False,False,source BDC x report period x borrower x economic_facility_v2
SN3X_0c01f0e426700c90f023655f4172,2024-09-30,2024Q3,assuredpartners,NMFC,1496099,listed,OBDC,1655888,EF_a4b23737552e957fb057ca442255,EF_4e190f3e374743fd0dea8edf25f9,EF_4e42ece77912b0965b59f44d677b,2024-10-30T20:14:36Z,2024-10-30T16:35:00Z,2024-10-30T20:14:36Z,SOI acceptance; no earlier exact facility mark verified in EX-99,2024-08-07T20:16:31Z,2024-11-06T21:06:55Z,7.036331,1.0005102041,1.0040712468,-0.0035610427,-0.356104,False,False,False,False,source BDC x report period x borrower x economic_facility_v2
SN3X_103a7565a89fe5691bc0d9851a4d,2025-03-31,2025Q1,offen,ARCC,1287750,listed,OBDC,1655888,EF_178821c9dd0ebacb9f6b4028cc6f,EF_649da70a032cc44817403a17f39c,EF_1b6787615d9c1dafa145990993d8,2025-04-28T21:50:25Z,2025-04-28T21:50:00Z,2025-04-28T21:50:25Z,SOI acceptance; no earlier exact facility mark verified in EX-99,2025-02-19T16:33:00Z,2025-05-07T20:15:44Z,8.934248,1.0000000000,1.0000000000,0.0000000000,0.000000,False,False,False,False,source BDC x report period x borrower x economic_facility_v2
SN3X_14a6a98caa7894c0d72c92a3d082,2024-09-30,2024Q3,bracket intermediate,NMFC,1496099,listed,OBDC,1655888,EF_d1f88e8af4fedcacd3ba3a4684cb,EF_12fad1d1d08bea12fdefba91c63b,EF_1a9152ef88721e5c028af4215de7,2024-10-30T20:14:36Z,2024-10-30T16:35:00Z,2024-10-30T20:14:36Z,SOI acceptance; no earlier exact facility mark verified in EX-99,2024-08-07T20:16:31Z,2024-11-06T21:06:55Z,7.036331,1.0058359451,1.0053899639,0.0004459812,0.044598,False,False,False,False,source BDC x report period x borrower x economic_facility_v2
SN3X_1940e59655a1459a1ae687992a12,2025-09-30,2025Q3,park place technologies,NMFC,1496099,listed,OBDC,1655888,EF_936224e1b435a5bfc2ad56fe0fa4,EF_72acdd6fbfa660cacd4c5ba3ba4a,EF_b562606235ad4d1290b03caf20ae,2025-11-03T21:39:20Z,2025-11-03T16:44:00Z,2025-11-03T21:39:20Z,SOI acceptance; no earlier exact facility mark verified in EX-99,2025-08-06T20:05:51Z,2025-11-05T21:36:07Z,1.997766,1.0000000000,0.9975049245,0.0024950755,0.249508,False,False,False,False,source BDC x report period x borrower x economic_facility_v2
SN3X_19a07c9e75b2c104e593a2ac0d24,2025-03-31,2025Q1,bamboo us bidco,ARCC,1287750,listed,OBDC,1655888,EF_1978aae0236e41e443f9a5b57c97,EF_f3fc7b673fa33918eb783e426e79,EF_dde13fc7e5540fb58d3c794d06f8,2025-04-28T21:50:25Z,2025-04-28T21:50:00Z,2025-04-28T21:50:25Z,SOI acceptance; no earlier exact facility mark verified in EX-99,2025-02-19T16:33:00Z,2025-05-07T20:15:44Z,8.934248,1.0000000000,1.0000000000,0.0000000000,0.000000,False,False,False,False,source BDC x report period x borrower x economic_facility_v2
SN3X_1e9332faad8d6186fcbdb54f788a,2024-09-30,2024Q3,bleriot us bidco,NMFC,1496099,listed,OBDC,1655888,EF_d3649c1139aff51f871b5ac7d97c,EF_d29ca44d94139bdf7b362605d7be,EF_4696d96fa852b8f644cca7259e3f,2024-10-30T20:14:36Z,2024-10-30T16:35:00Z,2024-10-30T20:14:36Z,SOI acceptance; no earlier exact facility mark verified in EX-99,2024-08-07T20:16:31Z,2024-11-06T21:06:55Z,7.036331,1.0030999742,1.0056686421,-0.0025686679,-0.256867,False,False,False,False,source BDC x report period x borrower x economic_facility_v2
SN3X_1f2fc290c2e47cd755cc596c9b17,2024-06-30,2024Q2,icefall parent,ARCC,1287750,listed,NMFC,1496099,EF_4d4fb95ef9bef17271018dfc51e5,EF_150dc4c254fca5f7f76f85d9abaf,EF_7f9d65a7193f1eac8568dbcd1dcf,2024-07-29T20:56:19Z,2024-07-29T21:10:00Z,2024-07-29T21:10:00Z,SOI acceptance; no earlier exact facility mark verified in EX-99,2024-05-01T21:02:05Z,2024-07-31T21:02:57Z,1.995104,0.9820359281,0.9820359281,0.0000000000,0.000000,False,False,False,False,source BDC x report period x borrower x economic_facility_v2
SN3X_1f3171355a0921920637f4bd726e,2024-06-30,2024Q2,mavis tire express services topco,NMFC,1496099,listed,OBDC,1655888,EF_7deb138aaef6fcf2fbb8fd7c134e,EF_ad481b23023bfca78471a915aebe,EF_6056d1270e4bd84ff65aaa676d8c,2024-07-31T21:02:57Z,2024-07-31T17:12:00Z,2024-07-31T21:02:57Z,SOI acceptance; no earlier exact facility mark verified in EX-99,2024-05-08T20:11:16Z,2024-08-07T20:16:31Z,6.967755,1.0035676640,1.0029119146,0.0006557494,0.065575,False,False,False,False,source BDC x report period x borrower x economic_facility_v2
SN3X_2105e7bfb7dc3ab4992b2a5af4a5,2024-03-31,2024Q1,investments,TSLX,1508655,listed,HTGC,1280784,EF_8711766519119d966d3a53488c09,EF_f59ca1c869e46e6006ed086d4cce,EF_d773890f9bc563eb6d6b1839477b,2024-05-01T20:02:40Z,2024-05-01T16:03:00Z,2024-05-01T20:02:40Z,SOI acceptance; no earlier exact facility mark verified in EX-99,2024-02-15T21:17:43Z,2024-05-02T20:17:13Z,1.010104,,,,,False,False,False,False,source BDC x report period x borrower x economic_facility_v2
SN3X_267714682675475dd8e566bde89b,2024-06-30,2024Q2,pluralsight,ARCC,1287750,listed,OBDC,1655888,EF_516a1a87d1947e0328f93d9f1527,EF_c58ff3e2c4760e3d56080c851725,EF_0dfd09cd1fac3f83aff78d9e9ead,2024-07-29T20:56:19Z,2024-07-29T21:10:00Z,2024-07-29T21:10:00Z,SOI acceptance; no earlier exact facility mark verified in EX-99,2024-05-08T20:11:16Z,2024-08-07T20:16:31Z,8.962859,0.4802259887,0.8493408663,-0.3691148776,-36.911488,True,False,False,False,source BDC x report period x borrower x economic_facility_v2
SN3X_26ed8e9220d3e7526f2c2a5a8a0d,2024-03-31,2024Q1,pluralsight,ARCC,1287750,listed,OBDC,1655888,EF_6620e4c9a6ecddfcb0ede84b1a40,EF_70f39dd70066e93055a69304dbbf,EF_c216576b9f7575d0a84354ff66db,2024-04-30T21:30:34Z,2024-04-30T21:41:00Z,2024-04-30T21:41:00Z,SOI acceptance; no earlier exact facility mark verified in EX-99,2024-02-21T21:56:10Z,2024-05-08T20:11:16Z,7.937685,1.0000000000,1.0000000000,0.0000000000,0.000000,False,False,False,False,source BDC x report period x borrower x economic_facility_v2
SN3X_2a17ebdb5e29941855972c9937ae,2024-06-30,2024Q2,investments,TSLX,1508655,listed,HTGC,1280784,EF_664c236386abc1e4549da550a0a0,EF_8711766519119d966d3a53488c09,EF_05d3e254304d4ad3e99000ef6cbd,2024-07-31T20:02:08Z,2024-07-31T16:02:00Z,2024-07-31T20:02:08Z,SOI acceptance; no earlier exact facility mark verified in EX-99,2024-05-02T20:17:13Z,2024-08-01T20:16:37Z,1.010058,,,,,False,False,False,False,source BDC x report period x borrower x economic_facility_v2
SN3X_2b1571ec11d1f90da0db18f53650,2024-09-30,2024Q3,asurion,NMFC,1496099,listed,OBDC,1655888,EF_336c99464aeafea98d03a1615a6c,EF_d928c34160571a79ee1a6ea86c72,EF_cf17972f7f1343781904b224a1cc,2024-10-30T20:14:36Z,2024-10-30T16:35:00Z,2024-10-30T20:14:36Z,SOI acceptance; no earlier exact facility mark verified in EX-99,2024-08-07T20:16:31Z,2024-11-06T21:06:55Z,7.036331,0.9866719105,0.9946822422,-0.0080103317,-0.801033,True,False,False,False,source BDC x report period x borrower x economic_facility_v2
SN3X_2e1b1297ae453a7fb3b85b6f715f,2025-09-30,2025Q3,next holdco,ARCC,1287750,listed,NMFC,1496099,EF_1d3769ada572832ffc0184a7f831,EF_9a0e82d356f4159506dec0faf368,EF_2a22edda2c5c31fbe3c6d7f38d6b,2025-10-27T20:29:59Z,2025-10-27T20:48:00Z,2025-10-27T20:48:00Z,SOI acceptance; no earlier exact facility mark verified in EX-99,2025-08-04T20:39:28Z,2025-11-03T21:39:20Z,7.035648,1.0000000000,1.0000000000,0.0000000000,0.000000,False,False,False,False,source BDC x report period x borrower x economic_facility_v2
SN3X_2e5b43839952c86bbd9360ecd6ce,2024-09-30,2024Q3,athenahealth,NMFC,1496099,listed,OBDC,1655888,EF_c00ee7539a8be0538f1c471d1df1,EF_52542933ebfac5e23214fc9f24a1,EF_af2eb15124ccc813372121587b67,2024-10-30T20:14:36Z,2024-10-30T16:35:00Z,2024-10-30T20:14:36Z,SOI acceptance; no earlier exact facility mark verified in EX-99,2024-08-07T20:16:31Z,2024-11-06T21:06:55Z,7.036331,0.9954073264,0.9978187370,-0.0024114106,-0.241141,False,False,False,False,source BDC x report period x borrower x economic_facility_v2
SN3X_2e694f98cfb2bb8572d9b83dda21,2024-06-30,2024Q2,investments,TSLX,1508655,listed,GSBD,1572694,EF_664c236386abc1e4549da550a0a0,EF_8711766519119d966d3a53488c09,EF_77ceb84ad98ee82c36e2afcda368,2024-07-31T20:02:08Z,2024-07-31T16:02:00Z,2024-07-31T20:02:08Z,SOI acceptance; no earlier exact facility mark verified in EX-99,2024-05-07T20:40:50Z,2024-08-08T20:53:57Z,8.035984,,,,,False,False,False,False,source BDC x report period x borrower x economic_facility_v2
SN3X_329d683c3623486e353d39a1cb44,2024-06-30,2024Q2,investments,HTGC,1280784,listed,GSBD,1572694,EF_ccde3d3868bbba27c225cbb33052,EF_05d3e254304d4ad3e99000ef6cbd,EF_77ceb84ad98ee82c36e2afcda368,2024-08-01T20:16:37Z,2024-08-01T16:17:00Z,2024-08-01T20:16:37Z,SOI acceptance; no earlier exact facility mark verified in EX-99,2024-05-07T20:40:50Z,2024-08-08T20:53:57Z,7.025926,,,,,False,False,False,False,source BDC x report period x borrower x economic_facility_v2
SN3X_33bfa9e97b4f7562106ae35de6ef,2025-09-30,2025Q3,galway borrower,ARCC,1287750,listed,NMFC,1496099,EF_ace92c116733aae2b4b02916c97b,EF_8272c65613bc33076ccf53b2fa0b,EF_c9aa339124c85aa0a7595042bb42,2025-10-27T20:29:59Z,2025-10-27T20:48:00Z,2025-10-27T20:48:00Z,SOI acceptance; no earlier exact facility mark verified in EX-99,2025-08-04T20:39:28Z,2025-11-03T21:39:20Z,7.035648,1.0000000000,1.0000000000,0.0000000000,0.000000,False,False,False,False,source BDC x report period x borrower x economic_facility_v2
SN3X_35d3b29913fdb68e5c8277c8a870,2025-09-30,2025Q3,einstein parent,ARCC,1287750,listed,NMFC,1496099,EF_606c3c68c467f95a71b09fddd2d5,EF_adbb23d806d82ba28ccca779937c,EF_cc8d126173b995ce4cdd12e8cbd6,2025-10-27T20:29:59Z,2025-10-27T20:48:00Z,2025-10-27T20:48:00Z,SOI acceptance; no earlier exact facility mark verified in EX-99,2025-08-04T20:39:28Z,2025-11-03T21:39:20Z,7.035648,1.0000000000,0.9803921569,0.0196078431,1.960784,True,False,False,False,source BDC x report period x borrower x economic_facility_v2
SN3X_35d8d960754224275a3bdda435ba,2024-03-31,2024Q1,confluent health,NMFC,1496099,listed,OBDC,1655888,EF_89ecff60e335ca0d836aa63c46e0,EF_95383f8c1bd87ea1e3d6dd97f88f,EF_e56a07be07e07c26432c25cb43d9,2024-05-01T21:02:05Z,2024-05-01T17:09:00Z,2024-05-01T21:02:05Z,SOI acceptance; no earlier exact facility mark verified in EX-99,2024-02-21T21:56:10Z,2024-05-08T20:11:16Z,6.964711,0.9900674433,0.9825565549,0.0075108884,0.751089,True,False,False,False,source BDC x report period x borrower x economic_facility_v2
SN3X_35ebd992cf41feb08593a511eea5,2024-09-30,2024Q3,pdi ta,NMFC,1496099,listed,OBDC,1655888,EF_c60462ed167af6d2777a2a31c728,EF_3756e48f82421fc4da5dde3e8af8,EF_b706bb5b749208ccac76b51688b3,2024-10-30T20:14:36Z,2024-10-30T16:35:00Z,2024-10-30T20:14:36Z,SOI acceptance; no earlier exact facility mark verified in EX-99,2024-08-07T20:16:31Z,2024-11-06T21:06:55Z,7.036331,1.0000000000,1.0000000000,0.0000000000,0.000000,False,False,False,False,source BDC x report period x borrower x economic_facility_v2
SN3X_39721fb22a46e4e0599e37f3db90,2025-09-30,2025Q3,relativity oda,ARCC,1287750,listed,OBDC,1655888,EF_fae5c47d4738171de7eba9ac8ecc,EF_a5782141752e4599c8f208b34506,EF_f4b1cbd7a9f060f35bd15752675f,2025-10-27T20:29:59Z,2025-10-27T20:48:00Z,2025-10-27T20:48:00Z,SOI acceptance; no earlier exact facility mark verified in EX-99,2025-08-06T20:05:51Z,2025-11-05T21:36:07Z,9.033414,1.0000000000,1.0000000000,0.0000000000,0.000000,False,False,False,False,source BDC x report period x borrower x economic_facility_v2
SN3X_3acc7d433468f079af3e5210eb0f,2025-03-31,2025Q1,galway borrower,ARCC,1287750,listed,NMFC,1496099,EF_0062986a32b3a07898875389a16a,EF_14c6b5fe9f2baeebc8afce767966,EF_9455d6b7ee89c4dcbc909dc64423,2025-04-28T21:50:25Z,2025-04-28T21:50:00Z,2025-04-28T21:50:25Z,SOI acceptance; no earlier exact facility mark verified in EX-99,2025-02-26T21:25:39Z,2025-05-05T20:16:38Z,6.934873,1.0000000000,1.0000000000,0.0000000000,0.000000,False,False,False,False,source BDC x report period x borrower x economic_facility_v2
SN3X_4186308e6c9211cf9d6c0f98b31d,2024-09-30,2024Q3,wrench,NMFC,1496099,listed,OBDC,1655888,EF_4f446569c15cf715ae14b72aa860,EF_65a25606df0fb8db30746e074244,EF_4a773584ba36a6ca065712012b5a,2024-10-30T20:14:36Z,2024-10-30T16:35:00Z,2024-10-30T20:14:36Z,SOI acceptance; no earlier exact facility mark verified in EX-99,2024-08-07T20:16:31Z,2024-11-06T21:06:55Z,7.036331,1.0007670019,1.0022102265,-0.0014432246,-0.144322,False,False,False,False,source BDC x report period x borrower x economic_facility_v2
SN3X_41897f3dfaf5e9a098a0a3041b84,2024-06-30,2024Q2,physician partners,NMFC,1496099,listed,OBDC,1655888,EF_476060dee8c8b4bcc127764bd38d,EF_0dd85acacf76a06fb07365397c57,EF_1bee358b3b129acb2bb5306ff1f4,2024-07-31T21:02:57Z,2024-07-31T17:12:00Z,2024-07-31T21:02:57Z,SOI acceptance; no earlier exact facility mark verified in EX-99,2024-05-08T20:11:16Z,2024-08-07T20:16:31Z,6.967755,0.7331529093,0.7525981914,-0.0194452821,-1.944528,True,False,False,False,source BDC x report period x borrower x economic_facility_v2
SN3X_441fcc6fcc3ffea8daeebd25b209,2025-06-30,2025Q2,relativity oda,ARCC,1287750,listed,OBDC,1655888,EF_a5782141752e4599c8f208b34506,EF_08acc1f1e68abd614574a6bd0f40,EF_ee09b22c9a1b2cc7469fc5b9be30,2025-07-28T21:11:20Z,2025-07-28T21:23:00Z,2025-07-28T21:23:00Z,SOI acceptance; no earlier exact facility mark verified in EX-99,2025-05-07T20:15:44Z,2025-08-06T20:05:51Z,8.946424,1.0000000000,1.0000000000,0.0000000000,0.000000,False,False,False,False,source BDC x report period x borrower x economic_facility_v2
SN3X_443ac087f13b484e79092813124f,2024-06-30,2024Q2,avalara,ARCC,1287750,listed,NMFC,1496099,EF_be147946cb6f58bc2beb8ac703ff,EF_16df24f3f3384a2ec93959df2613,EF_ebd4a8d4ea56431c29923f206796,2024-07-29T20:56:19Z,2024-07-29T21:10:00Z,2024-07-29T21:10:00Z,SOI acceptance; no earlier exact facility mark verified in EX-99,2024-05-01T21:02:05Z,2024-07-31T21:02:57Z,1.995104,1.0000000000,1.0000000000,0.0000000000,0.000000,False,False,False,False,source BDC x report period x borrower x economic_facility_v2
SN3X_44c70d240261d1e9172129968a2b,2025-09-30,2025Q3,physician partners,NMFC,1496099,listed,OBDC,1655888,EF_debe03aeec2803b0bb9948a9a6a8,EF_e88b246e8b8d3e3161f82d23f7d9,EF_580fb850c48f421927862a133789,2025-11-03T21:39:20Z,2025-11-03T16:44:00Z,2025-11-03T21:39:20Z,SOI acceptance; no earlier exact facility mark verified in EX-99,2025-08-06T20:05:51Z,2025-11-05T21:36:07Z,1.997766,0.4496219088,0.5097676331,-0.0601457243,-6.014572,True,False,False,False,source BDC x report period x borrower x economic_facility_v2
SN3X_456c89d5e9b0fd113c93c9cc1b03,2025-06-30,2025Q2,wrench,ARCC,1287750,listed,NMFC,1496099,EF_e3fc61f015380781605140eb39c5,EF_9652e0568da953cc3266749323f7,EF_ccf7a8b207063e20d6d5b0081bbf,2025-07-28T21:11:20Z,2025-07-28T21:23:00Z,2025-07-28T21:23:00Z,SOI acceptance; no earlier exact facility mark verified in EX-99,2025-05-05T20:16:38Z,2025-08-04T20:39:28Z,6.969769,1.0000000000,1.0000000000,0.0000000000,0.000000,False,False,False,False,source BDC x report period x borrower x economic_facility_v2
SN3X_4aef57999b995fb3cc48ee4296f7,2025-06-30,2025Q2,physician partners,NMFC,1496099,listed,OBDC,1655888,EF_a1a753b5c878e9b4539452a4dfff,EF_ae926a370abe2550077c6f2a5e6c,EF_7d7c4b3e30eb5e7dc02c0ee4bfdb,2025-08-04T20:39:28Z,2025-08-04T16:49:00Z,2025-08-04T20:39:28Z,SOI acceptance; no earlier exact facility mark verified in EX-99,2025-05-07T20:15:44Z,2025-08-06T20:05:51Z,1.976655,0.8855016803,0.9332056500,-0.0477039697,-4.770397,True,False,False,False,source BDC x report period x borrower x economic_facility_v2
SN3X_4bcd36e85c7c181f8a94b617ab1d,2024-09-30,2024Q3,bamboo us bidco,ARCC,1287750,listed,OBDC,1655888,EF_27e8bb45b77e9fbf910595ad5359,EF_b39371445c43d0cc326b9566a951,EF_26d7d239605a537a44a228e0151f,2024-10-29T20:49:55Z,2024-10-29T20:56:00Z,2024-10-29T20:56:00Z,SOI acceptance; no earlier exact facility mark verified in EX-99,2024-08-07T20:16:31Z,2024-11-06T21:06:55Z,8.007581,1.0000000000,1.0000000000,0.0000000000,0.000000,False,False,False,False,source BDC x report period x borrower x economic_facility_v2
SN3X_4bde417966521a1a6b997b541b2d,2025-03-31,2025Q1,alera,ARCC,1287750,listed,OBDC,1655888,EF_b6937da20082b48462170b1ee30b,EF_375770b27e5225b2cfc2137e6f16,EF_e01a4e1f3bdb9d7df5878a1ddeda,2025-04-28T21:50:25Z,2025-04-28T21:50:00Z,2025-04-28T21:50:25Z,SOI acceptance; no earlier exact facility mark verified in EX-99,2025-02-19T16:33:00Z,2025-05-07T20:15:44Z,8.934248,1.0000000000,1.0000000000,0.0000000000,0.000000,False,False,False,False,source BDC x report period x borrower x economic_facility_v2
SN3X_4e4949f03a7a8de443464461732d,2024-06-30,2024Q2,pluralsight,ARCC,1287750,listed,OCSL,1414932,EF_506abf28d45ce5769a5d2d69c6bf,EF_6620e4c9a6ecddfcb0ede84b1a40,EF_14a08a39ea0f38ccd398e3a8acaf,2024-07-29T20:56:19Z,2024-07-29T21:10:00Z,2024-07-29T21:10:00Z,SOI acceptance; no earlier exact facility mark verified in EX-99,2024-04-29T22:41:19Z,2024-08-01T00:22:39Z,2.133785,0.3333333333,1.0000000000,-0.6666666667,-66.666667,True,False,False,False,source BDC x report period x borrower x economic_facility_v2
SN3X_50c92511d9e7864add50282710fe,2024-03-31,2024Q1,pluralsight,ARCC,1287750,listed,OBDC,1655888,EF_c58ff3e2c4760e3d56080c851725,EF_0b642573fd5ce5e7ec45ce37e07d,EF_e5ad511350cc509cb068796f6f56,2024-04-30T21:30:34Z,2024-04-30T21:41:00Z,2024-04-30T21:41:00Z,SOI acceptance; no earlier exact facility mark verified in EX-99,2024-02-21T21:56:10Z,2024-05-08T20:11:16Z,7.937685,0.8493408663,0.8898305085,-0.0404896422,-4.048964,True,False,False,False,source BDC x report period x borrower x economic_facility_v2
SN3X_51811d44f40821fb4c5b57a190a8,2024-12-31,2024Q4,park place technologies,OBDC,1655888,listed,NMFC,1496099,EF_6b33725782bc084b20b6ac259c9e,EF_b39b8a2d71d384ce540a3105ff5c,EF_995eefa5fb6b19e8a07500f30b3f,2025-01-16T13:30:14Z,2025-02-19T16:33:00Z,2025-02-19T16:33:00Z,SOI acceptance; no earlier exact facility mark verified in EX-99,2024-10-30T20:14:36Z,2025-02-26T21:25:39Z,7.203229,0.9953071672,0.9953191489,-0.0000119817,-0.001198,False,False,False,False,source BDC x report period x borrower x economic_facility_v2
SN3X_55dcd6c84805ded88c8752bc6cf2,2024-09-30,2024Q3,alera,ARCC,1287750,listed,OBDC,1655888,EF_5eb8e9ff2df97be1f89539f80b39,EF_1f2295805de4453168059234ab28,EF_1dc7a6f6c324fc099f8fc47543f6,2024-10-29T20:49:55Z,2024-10-29T20:56:00Z,2024-10-29T20:56:00Z,SOI acceptance; no earlier exact facility mark verified in EX-99,2024-08-07T20:16:31Z,2024-11-06T21:06:55Z,8.007581,1.0000000000,1.0000000000,0.0000000000,0.000000,False,False,False,False,source BDC x report period x borrower x economic_facility_v2
SN3X_569ff66eff4a135fd33be6c1d96b,2024-09-30,2024Q3,coupa,NMFC,1496099,listed,OBDC,1655888,EF_811f58f1587f65a56491ee2e23db,EF_a2a69d06b388c17249a1b2abe699,EF_f179369505d97a1c578d3bcc16b7,2024-10-30T20:14:36Z,2024-10-30T16:35:00Z,2024-10-30T20:14:36Z,SOI acceptance; no earlier exact facility mark verified in EX-99,2024-08-07T20:16:31Z,2024-11-06T21:06:55Z,7.036331,1.0000000000,1.0000000000,0.0000000000,0.000000,False,False,False,False,source BDC x report period x borrower x economic_facility_v2
SN3X_58982152d6aa383b4db57f299a78,2025-03-31,2025Q1,baker tilly advisory,NMFC,1496099,listed,OBDC,1655888,EF_86ab02a91961d541d6b711a68ea9,EF_2c9cce8064c0cae7b21b7e333d86,EF_548c25be0074da701f0c495bb0dc,2025-05-05T20:16:38Z,2025-05-05T16:21:00Z,2025-05-05T20:16:38Z,SOI acceptance; no earlier exact facility mark verified in EX-99,2025-02-19T16:33:00Z,2025-05-07T20:15:44Z,1.999375,0.9925285672,0.9925476730,-0.0000191058,-0.001911,False,False,False,False,source BDC x report period x borrower x economic_facility_v2
SN3X_5ac872c34a649beb9f6bb936f1ca,2024-03-31,2024Q1,confluent medical technologies,NMFC,1496099,listed,OBDC,1655888,EF_ec589d32961c66e34e5a29829241,EF_18186f88d232b412c1ee00e20df3,EF_4b6866a87ccfc748cd06e5fbeea8,2024-05-01T21:02:05Z,2024-05-01T17:09:00Z,2024-05-01T21:02:05Z,SOI acceptance; no earlier exact facility mark verified in EX-99,2024-02-21T21:56:10Z,2024-05-08T20:11:16Z,6.964711,0.9999273044,0.9907736665,0.0091536379,0.915364,True,False,False,False,source BDC x report period x borrower x economic_facility_v2
SN3X_5c5c651bddaf419dc7dbf04b8cf3,2024-03-31,2024Q1,relativity oda,ARCC,1287750,listed,OBDC,1655888,EF_4f262169142ae59142a3ca6316db,EF_ec2c878598c24b054d1d1dca5926,EF_68d9b85f808e8204a2ea61be0729,2024-04-30T21:30:34Z,2024-04-30T21:41:00Z,2024-04-30T21:41:00Z,SOI acceptance; no earlier exact facility mark verified in EX-99,2024-02-21T21:56:10Z,2024-05-08T20:11:16Z,7.937685,1.0000000000,1.0000000000,0.0000000000,0.000000,False,False,False,False,source BDC x report period x borrower x economic_facility_v2
SN3X_5c7650075eea1e825faee35241c4,2024-12-31,2024Q4,icefall parent,ARCC,1287750,listed,NMFC,1496099,EF_a71d3c484895822f38e4937551ff,EF_026da9fbe215e11d7202bec46b1a,EF_215de7349fc49402969293b3f8f8,2025-02-04T21:10:20Z,2025-02-04T21:36:00Z,2025-02-04T21:36:00Z,SOI acceptance; no earlier exact facility mark verified in EX-99,2024-10-30T20:14:36Z,2025-02-26T21:25:39Z,21.992812,1.0000000000,1.0000000000,0.0000000000,0.000000,False,False,False,False,source BDC x report period x borrower x economic_facility_v2
SN3X_5ce5f9a2a570fc4128780d0b9bc4,2024-12-31,2024Q4,pdi ta,OBDC,1655888,listed,NMFC,1496099,EF_507404e2df7634169e33d95d9f55,EF_812c858fdbbdc175e954486e2318,EF_c60462ed167af6d2777a2a31c728,2025-01-16T13:30:14Z,2025-02-19T16:33:00Z,2025-02-19T16:33:00Z,SOI acceptance; no earlier exact facility mark verified in EX-99,2024-10-30T20:14:36Z,2025-02-26T21:25:39Z,7.203229,0.9900187567,0.9900434347,-0.0000246780,-0.002468,False,False,False,False,source BDC x report period x borrower x economic_facility_v2
SN3X_5dcb607a91c129533252ae904256,2025-06-30,2025Q2,baker tilly advisory,NMFC,1496099,listed,OBDC,1655888,EF_81f5346750f8ea609f9c8999ad9b,EF_86ab02a91961d541d6b711a68ea9,EF_5aac6d2eafefd78c3fe575f88c59,2025-08-04T20:39:28Z,2025-08-04T16:49:00Z,2025-08-04T20:39:28Z,SOI acceptance; no earlier exact facility mark verified in EX-99,2025-05-07T20:15:44Z,2025-08-06T20:05:51Z,1.976655,1.0000000000,0.9925285672,0.0074714328,0.747143,True,False,False,False,source BDC x report period x borrower x economic_facility_v2
SN3X_62f04b8bdc58b208bdfd139c5eef,2024-12-31,2024Q4,galway borrower,ARCC,1287750,listed,NMFC,1496099,EF_14c6b5fe9f2baeebc8afce767966,EF_ebfe98976f282bf9e8829e45280e,EF_06e5f717bf9f8a5b45a6bf1165dc,2025-02-04T21:10:20Z,2025-02-04T21:36:00Z,2025-02-04T21:36:00Z,SOI acceptance; no earlier exact facility mark verified in EX-99,2024-10-30T20:14:36Z,2025-02-26T21:25:39Z,21.992812,1.0000000000,1.0000000000,0.0000000000,0.000000,False,False,False,False,source BDC x report period x borrower x economic_facility_v2
SN3X_63572ae06bee9ea1fdd2fd29e3a2,2024-06-30,2024Q2,imprivata,ARCC,1287750,listed,OBDC,1655888,EF_d2c4a6886fca4657cb8b353a0919,EF_6b909f7b0ba66cae21855b860e95,EF_725ba9d0390dde7b49831c14b7e3,2024-07-29T20:56:19Z,2024-07-29T21:10:00Z,2024-07-29T21:10:00Z,SOI acceptance; no earlier exact facility mark verified in EX-99,2024-05-08T20:11:16Z,2024-08-07T20:16:31Z,8.962859,1.0000000000,1.0000000000,0.0000000000,0.000000,False,False,False,False,source BDC x report period x borrower x economic_facility_v2
SN3X_64b2b2b3f5ef0b02775022f1a5d6,2024-03-31,2024Q1,pluralsight,OCSL,1414932,listed,OBDC,1655888,EF_14a08a39ea0f38ccd398e3a8acaf,EF_e43e90f71e73de1cd9f427d9451e,EF_c216576b9f7575d0a84354ff66db,2024-04-29T22:41:19Z,2024-04-29T18:41:00Z,2024-04-29T22:41:19Z,SOI acceptance; no earlier exact facility mark verified in EX-99,2024-02-21T21:56:10Z,2024-05-08T20:11:16Z,8.895799,0.9030023095,0.9496296296,-0.0466273201,-4.662732,True,False,False,False,source BDC x report period x borrower x economic_facility_v2
SN3X_65bca13f80a0978a2ba8b7b4b13f,2024-03-31,2024Q1,athenahealth,NMFC,1496099,listed,OBDC,1655888,EF_5e225542b9dc7d1e735f755c8a1d,EF_89d60cd651a2c87b1e8c1287df1f,EF_cfaca957ea9386327fee85e2f26e,2024-05-01T21:02:05Z,2024-05-01T17:09:00Z,2024-05-01T21:02:05Z,SOI acceptance; no earlier exact facility mark verified in EX-99,2024-02-21T21:56:10Z,2024-05-08T20:11:16Z,6.964711,0.9918407311,0.9978929625,-0.0060522314,-0.605223,True,False,False,False,source BDC x report period x borrower x economic_facility_v2
SN3X_6a08e2377d127fa11e97be734ff8,2024-06-30,2024Q2,bracket intermediate,NMFC,1496099,listed,OBDC,1655888,EF_12fad1d1d08bea12fdefba91c63b,EF_d8cd46dfdcb05cc559af0644f981,EF_056eb52190c3bfeb535e45fd0e0d,2024-07-31T21:02:57Z,2024-07-31T17:12:00Z,2024-07-31T21:02:57Z,SOI acceptance; no earlier exact facility mark verified in EX-99,2024-05-08T20:11:16Z,2024-08-07T20:16:31Z,6.967755,1.0053899639,1.0047846890,0.0006052749,0.060527,False,False,False,False,source BDC x report period x borrower x economic_facility_v2
SN3X_6a5160225c5615cb0aa0dba52d58,2024-09-30,2024Q3,baker tilly advisory,NMFC,1496099,listed,OBDC,1655888,EF_101b0d1005e24d2e78f27e38a16d,EF_1ee56b4119fc52b893d990103c73,EF_6ea6f3d8d29eb0bc636639c837f6,2024-10-30T20:14:36Z,2024-10-30T16:35:00Z,2024-10-30T20:14:36Z,SOI acceptance; no earlier exact facility mark verified in EX-99,2024-08-07T20:16:31Z,2024-11-06T21:06:55Z,7.036331,0.9924932585,0.9926263778,-0.0001331193,-0.013312,False,False,False,False,source BDC x report period x borrower x economic_facility_v2
SN3X_6b81b18e7ae24efcab40bea613ca,2025-09-30,2025Q3,coupa,NMFC,1496099,listed,OBDC,1655888,EF_bd9252833015fd685da66e467f6d,EF_c46468d3c15bb39b635f2608e79e,EF_9b372822e7ab007ac2482fa782d4,2025-11-03T21:39:20Z,2025-11-03T16:44:00Z,2025-11-03T21:39:20Z,SOI acceptance; no earlier exact facility mark verified in EX-99,2025-08-06T20:05:51Z,2025-11-05T21:36:07Z,1.997766,1.0000000000,1.0000000000,0.0000000000,0.000000,False,False,False,False,source BDC x report period x borrower x economic_facility_v2
SN3X_6d5821f171c1e258e3ac4626855c,2024-06-30,2024Q2,bamboo us bidco,ARCC,1287750,listed,OBDC,1655888,EF_b39371445c43d0cc326b9566a951,EF_6116c4b81f9a3f03ad18fb379c44,EF_31bb16dc3e2d8ad4ad0f18e1311e,2024-07-29T20:56:19Z,2024-07-29T21:10:00Z,2024-07-29T21:10:00Z,SOI acceptance; no earlier exact facility mark verified in EX-99,2024-05-08T20:11:16Z,2024-08-07T20:16:31Z,8.962859,1.0000000000,0.9899665552,0.0100334448,1.003344,True,False,False,False,source BDC x report period x borrower x economic_facility_v2
SN3X_6e8e52ae278b5414a0afa9328394,2024-06-30,2024Q2,confluent medical technologies,NMFC,1496099,listed,OBDC,1655888,EF_dda18b434aba44e531dc7d4c0577,EF_ec589d32961c66e34e5a29829241,EF_b3633bfd883d0cdc2c1949fc9ff7,2024-07-31T21:02:57Z,2024-07-31T17:12:00Z,2024-07-31T21:02:57Z,SOI acceptance; no earlier exact facility mark verified in EX-99,2024-05-08T20:11:16Z,2024-08-07T20:16:31Z,6.967755,1.0000000000,0.9999273044,0.0000726956,0.007270,False,False,False,False,source BDC x report period x borrower x economic_facility_v2
SN3X_70939926afa879c5e6fbc11a257b,2024-09-30,2024Q3,investments,TSLX,1508655,listed,GSBD,1572694,EF_c347b8635c436048bc2e373fde58,EF_664c236386abc1e4549da550a0a0,EF_7cd7f50019386016f53c7b6da1e8,2024-11-05T21:01:59Z,2024-11-05T16:02:00Z,2024-11-05T21:01:59Z,SOI acceptance; no earlier exact facility mark verified in EX-99,2024-08-08T20:53:57Z,2024-11-07T21:29:24Z,2.019039,,,,,False,False,False,False,source BDC x report period x borrower x economic_facility_v2
SN3X_73134a68969a68778606b836512a,2024-09-30,2024Q3,mavis tire express services topco,NMFC,1496099,listed,OBDC,1655888,EF_b498c81e99714a3577dc672abb93,EF_7deb138aaef6fcf2fbb8fd7c134e,EF_8bfdb1f412f1d04d5bb7ead85490,2024-10-30T20:14:36Z,2024-10-30T16:35:00Z,2024-10-30T20:14:36Z,SOI acceptance; no earlier exact facility mark verified in EX-99,2024-08-07T20:16:31Z,2024-11-06T21:06:55Z,7.036331,1.0006503536,1.0035676640,-0.0029173104,-0.291731,False,False,False,False,source BDC x report period x borrower x economic_facility_v2
SN3X_74a4dcc0b45a48090ccf14723883,2024-09-30,2024Q3,realpage,ARCC,1287750,listed,OBDC,1655888,EF_2882235d693a19862fd08e1a9b51,EF_1f05e944da5e9e9503b61e4bf0a7,EF_172daaa4288de064580d74474bbc,2024-10-29T20:49:55Z,2024-10-29T20:56:00Z,2024-10-29T20:56:00Z,SOI acceptance; no earlier exact facility mark verified in EX-99,2024-08-07T20:16:31Z,2024-11-06T21:06:55Z,8.007581,0.9571938169,0.9845422117,-0.0273483948,-2.734839,True,False,False,False,source BDC x report period x borrower x economic_facility_v2
SN3X_74bad10d45f04d5a45e6124ba37e,2024-03-31,2024Q1,next holdco,ARCC,1287750,listed,NMFC,1496099,EF_f191ed4432a585b30f088f89b896,EF_f93f4f45ef77fed3fd131898414b,EF_5cf8fde99ce9d1c2a461536ebde8,2024-04-30T21:30:34Z,2024-04-30T21:41:00Z,2024-04-30T21:41:00Z,SOI acceptance; no earlier exact facility mark verified in EX-99,2024-02-26T16:48:00Z,2024-05-01T21:02:05Z,0.972975,0.9846153846,0.9846153846,0.0000000000,0.000000,False,False,False,False,source BDC x report period x borrower x economic_facility_v2
SN3X_766ad016b5ef68039b4378649cd2,2024-09-30,2024Q3,bw,NMFC,1496099,listed,OBDC,1655888,EF_43e25387833c0bdeccb37e6b7bab,EF_e8f4e97ce4957fd1e05d4da05473,EF_4a93b9313aaac868fc9e74c8cdfe,2024-10-30T20:14:36Z,2024-10-30T16:35:00Z,2024-10-30T20:14:36Z,SOI acceptance; no earlier exact facility mark verified in EX-99,2024-08-07T20:16:31Z,2024-11-06T21:06:55Z,7.036331,0.9244611843,0.9094134836,0.0150477007,1.504770,True,False,False,False,source BDC x report period x borrower x economic_facility_v2
SN3X_76936a278b09a7a6bd1b52b63788,2024-12-31,2024Q4,investments,TSLX,1508655,listed,HTGC,1280784,EF_35a8d5b75e30e192c1d8ac218379,EF_c347b8635c436048bc2e373fde58,EF_26c0616649b52be241226901e5f3,2025-02-13T21:02:10Z,2025-02-13T16:02:00Z,2025-02-13T21:02:10Z,SOI acceptance; no earlier exact facility mark verified in EX-99,2024-10-30T20:16:34Z,2025-02-13T21:16:42Z,0.010093,,,,,False,False,False,False,source BDC x report period x borrower x economic_facility_v2
SN3X_77b1758c454e0bbecea1f7d5d1bc,2024-09-30,2024Q3,realpage,NMFC,1496099,listed,OBDC,1655888,EF_f7c2103abfce43dcf5a22e6547a0,EF_77f87349912d86a1d50148821d09,EF_172daaa4288de064580d74474bbc,2024-10-30T20:14:36Z,2024-10-30T16:35:00Z,2024-10-30T20:14:36Z,SOI acceptance; no earlier exact facility mark verified in EX-99,2024-08-07T20:16:31Z,2024-11-06T21:06:55Z,7.036331,0.9643564829,0.9774870485,-0.0131305656,-1.313057,True,False,False,False,source BDC x report period x borrower x economic_facility_v2
SN3X_78a3130f700efb790cf9c3fa9d99,2025-03-31,2025Q1,relativity oda,ARCC,1287750,listed,OBDC,1655888,EF_08acc1f1e68abd614574a6bd0f40,EF_9c238312a82ee834a968f7e0c9a6,EF_14fdeeb5a6cff72e1e42ab916448,2025-04-28T21:50:25Z,2025-04-28T21:50:00Z,2025-04-28T21:50:25Z,SOI acceptance; no earlier exact facility mark verified in EX-99,2025-02-19T16:33:00Z,2025-05-07T20:15:44Z,8.934248,1.0000000000,1.0000000000,0.0000000000,0.000000,False,False,False,False,source BDC x report period x borrower x economic_facility_v2
SN3X_810c38d0e21738cbf422cf97b150,2025-09-30,2025Q3,baker tilly advisory,NMFC,1496099,listed,OBDC,1655888,EF_a754700ba04a1258955880b6aa3e,EF_81f5346750f8ea609f9c8999ad9b,EF_e60541e994612494a0b73b282ac5,2025-11-03T21:39:20Z,2025-11-03T16:44:00Z,2025-11-03T21:39:20Z,SOI acceptance; no earlier exact facility mark verified in EX-99,2025-08-06T20:05:51Z,2025-11-05T21:36:07Z,1.997766,1.0000000000,1.0000000000,0.0000000000,0.000000,False,False,False,False,source BDC x report period x borrower x economic_facility_v2
SN3X_821a1f161e8b88f32eb90136912e,2025-06-30,2025Q2,galway borrower,ARCC,1287750,listed,NMFC,1496099,EF_8272c65613bc33076ccf53b2fa0b,EF_0062986a32b3a07898875389a16a,EF_286c984606eea517e22a24be3209,2025-07-28T21:11:20Z,2025-07-28T21:23:00Z,2025-07-28T21:23:00Z,SOI acceptance; no earlier exact facility mark verified in EX-99,2025-05-05T20:16:38Z,2025-08-04T20:39:28Z,6.969769,1.0000000000,1.0000000000,0.0000000000,0.000000,False,False,False,False,source BDC x report period x borrower x economic_facility_v2
SN3X_88527e0941128cc8709a47436f9a,2025-06-30,2025Q2,offen,ARCC,1287750,listed,OBDC,1655888,EF_2b56e536284e184cb7f433d4197d,EF_178821c9dd0ebacb9f6b4028cc6f,EF_6670db96e31225735f42928a4e9c,2025-07-28T21:11:20Z,2025-07-28T21:23:00Z,2025-07-28T21:23:00Z,SOI acceptance; no earlier exact facility mark verified in EX-99,2025-05-07T20:15:44Z,2025-08-06T20:05:51Z,8.946424,1.0000000000,1.0000000000,0.0000000000,0.000000,False,False,False,False,source BDC x report period x borrower x economic_facility_v2
SN3X_89328d60489a21b8bfd052784a2f,2025-03-31,2025Q1,wrench,ARCC,1287750,listed,NMFC,1496099,EF_9652e0568da953cc3266749323f7,EF_8092608a4af900539fd188095f6f,EF_6c10242a3962e402aaf2beb4274c,2025-04-28T21:50:25Z,2025-04-28T21:50:00Z,2025-04-28T21:50:25Z,SOI acceptance; no earlier exact facility mark verified in EX-99,2025-02-26T21:25:39Z,2025-05-05T20:16:38Z,6.934873,1.0000000000,1.0000000000,0.0000000000,0.000000,False,False,False,False,source BDC x report period x borrower x economic_facility_v2
SN3X_8c7ac8a851551065285c5a15f7a8,2025-06-30,2025Q2,park place technologies,NMFC,1496099,listed,OBDC,1655888,EF_72acdd6fbfa660cacd4c5ba3ba4a,EF_c8f388013a44458baedca6a04583,EF_e15330d408679e363e871e5e11b0,2025-08-04T20:39:28Z,2025-08-04T16:49:00Z,2025-08-04T20:39:28Z,SOI acceptance; no earlier exact facility mark verified in EX-99,2025-05-07T20:15:44Z,2025-08-06T20:05:51Z,1.976655,0.9975049245,0.9975114604,-0.0000065359,-0.000654,False,False,False,False,source BDC x report period x borrower x economic_facility_v2
SN3X_8d2a4984b6581e790ac1c1ed5a05,2024-03-31,2024Q1,medline borrower,ARCC,1287750,listed,OBDC,1655888,EF_84bf180751ba02412bedd4b9ee7c,EF_53a551a51fb46126bb8600739857,EF_8401292a8a6b15163e4068d81bce,2024-04-30T21:30:34Z,2024-04-30T21:41:00Z,2024-04-30T21:41:00Z,SOI acceptance; no earlier exact facility mark verified in EX-99,2024-02-21T21:56:10Z,2024-05-08T20:11:16Z,7.937685,,,,,False,False,False,False,source BDC x report period x borrower x economic_facility_v2
SN3X_90c7406d5fe65f4f1dc350598149,2024-09-30,2024Q3,proofpoint,ARCC,1287750,listed,OBDC,1655888,EF_242dcb4dc3dd5a168dd485adff81,EF_1b98ec88bd495ca821adcf67d4d4,EF_bc21b7df6f626edf3301dff0bd73,2024-10-29T20:49:55Z,2024-10-29T20:56:00Z,2024-10-29T20:56:00Z,SOI acceptance; no earlier exact facility mark verified in EX-99,2024-08-07T20:16:31Z,2024-11-06T21:06:55Z,8.007581,1.0000000000,1.0000000000,0.0000000000,0.000000,False,False,False,False,source BDC x report period x borrower x economic_facility_v2
SN3X_9151e7a9f527f7e291c619aafc10,2024-06-30,2024Q2,galway borrower,ARCC,1287750,listed,OBDC,1655888,EF_27c99e4aa7a28ab99110fb88c79c,EF_a89b19cc9c0b08e82d7baa3e30f5,EF_5fbb61d0095e6bdff8422e981b74,2024-07-29T20:56:19Z,2024-07-29T21:10:00Z,2024-07-29T21:10:00Z,SOI acceptance; no earlier exact facility mark verified in EX-99,2024-05-08T20:11:16Z,2024-08-07T20:16:31Z,8.962859,1.0000000000,1.0000000000,0.0000000000,0.000000,False,False,False,False,source BDC x report period x borrower x economic_facility_v2
SN3X_919bf3d01a98e07d6e440ebda5b8,2025-03-31,2025Q1,associations,NMFC,1496099,listed,OBDC,1655888,EF_521a369df537c76cc118fbf0793f,EF_bf817f8eef10ae5b0256ce3f19fc,EF_7dab21f3e5eae42915e25627a7c0,2025-05-05T20:16:38Z,2025-05-05T16:21:00Z,2025-05-05T20:16:38Z,SOI acceptance; no earlier exact facility mark verified in EX-99,2025-02-19T16:33:00Z,2025-05-07T20:15:44Z,1.999375,1.0099987831,1.0000000000,0.0099987831,0.999878,True,False,False,False,source BDC x report period x borrower x economic_facility_v2
SN3X_91fdea12af05b40fa0ef7454e7eb,2024-09-30,2024Q3,investments,HTGC,1280784,listed,TSLX,1508655,EF_26c0616649b52be241226901e5f3,EF_ccde3d3868bbba27c225cbb33052,EF_664c236386abc1e4549da550a0a0,2024-10-30T20:16:34Z,2024-10-30T16:17:00Z,2024-10-30T20:16:34Z,SOI acceptance; no earlier exact facility mark verified in EX-99,2024-07-31T20:02:08Z,2024-11-05T21:01:59Z,6.031539,,,,,False,False,False,False,source BDC x report period x borrower x economic_facility_v2
SN3X_965a09da5e53f7ee8b5930ce7ab8,2024-06-30,2024Q2,athenahealth,NMFC,1496099,listed,OBDC,1655888,EF_52542933ebfac5e23214fc9f24a1,EF_5e225542b9dc7d1e735f755c8a1d,EF_6e9b8b1ba3ee5bb7f4bec14d3e88,2024-07-31T21:02:57Z,2024-07-31T17:12:00Z,2024-07-31T21:02:57Z,SOI acceptance; no earlier exact facility mark verified in EX-99,2024-05-08T20:11:16Z,2024-08-07T20:16:31Z,6.967755,0.9978187370,0.9918407311,0.0059780059,0.597801,True,False,False,False,source BDC x report period x borrower x economic_facility_v2
SN3X_97620d279524112b5eac37367cd8,2024-06-30,2024Q2,pluralsight,OCSL,1414932,listed,OBDC,1655888,EF_64fb8dfe29ce3d937c070fee54be,EF_14a08a39ea0f38ccd398e3a8acaf,EF_b21fdb2bc75708fe3d7b79427351,2024-08-01T00:22:39Z,2024-07-31T20:23:00Z,2024-08-01T00:22:39Z,SOI acceptance; no earlier exact facility mark verified in EX-99,2024-05-08T20:11:16Z,2024-08-07T20:16:31Z,6.829074,0.4890426759,0.9030023095,-0.4139596336,-41.395963,True,False,False,False,source BDC x report period x borrower x economic_facility_v2
SN3X_98e3eca9ec73efb993f4d098a276,2024-09-30,2024Q3,next holdco,ARCC,1287750,listed,NMFC,1496099,EF_48e51bcd8a1c14e8064f29d6cda2,EF_f5b6bcbe0bf7184cfa5fe2414389,EF_5fe2d101d2ac7255dedb7a3c252a,2024-10-29T20:49:55Z,2024-10-29T20:56:00Z,2024-10-29T20:56:00Z,SOI acceptance; no earlier exact facility mark verified in EX-99,2024-07-31T21:02:57Z,2024-10-30T20:14:36Z,0.971250,1.0000000000,1.0000000000,0.0000000000,0.000000,False,False,False,False,source BDC x report period x borrower x economic_facility_v2
SN3X_9bd2cbc40df453464938effab719,2024-03-31,2024Q1,physician partners,NMFC,1496099,listed,OBDC,1655888,EF_0dd85acacf76a06fb07365397c57,EF_dc0d780f9ef896fc6ea5fa0c0ea4,EF_c14847a58709fa7b0c390e8d0e9f,2024-05-01T21:02:05Z,2024-05-01T17:09:00Z,2024-05-01T21:02:05Z,SOI acceptance; no earlier exact facility mark verified in EX-99,2024-02-21T21:56:10Z,2024-05-08T20:11:16Z,6.964711,0.7525981914,0.9478998384,-0.1953016470,-19.530165,True,False,False,False,source BDC x report period x borrower x economic_facility_v2
SN3X_9e8625ca1f5fd3e6c3561d46dbca,2024-03-31,2024Q1,realpage,ARCC,1287750,listed,OBDC,1655888,EF_546904b92b5909fb7d0877f1ad03,EF_5ca117977fdc521e418cbf78c818,EF_b5103b0d2e4b543da21ca0059631,2024-04-30T21:30:34Z,2024-04-30T21:41:00Z,2024-04-30T21:41:00Z,SOI acceptance; no earlier exact facility mark verified in EX-99,2024-02-21T21:56:10Z,2024-05-08T20:11:16Z,7.937685,0.9797859691,1.0000000000,-0.0202140309,-2.021403,True,False,False,False,source BDC x report period x borrower x economic_facility_v2
SN3X_9f1ef3e161fb3e4034c36251fe7b,2024-03-31,2024Q1,acrisure,ARCC,1287750,listed,OBDC,1655888,EF_564166134d6df85165f8834e16fc,EF_5f406a6ebdb75b31474ef7cdf354,EF_f5599341a40832f936da07d50e55,2024-04-30T21:30:34Z,2024-04-30T21:41:00Z,2024-04-30T21:41:00Z,SOI acceptance; no earlier exact facility mark verified in EX-99,2024-02-21T21:56:10Z,2024-05-08T20:11:16Z,7.937685,1.0000000000,1.0000000000,0.0000000000,0.000000,False,False,False,False,source BDC x report period x borrower x economic_facility_v2
SN3X_9f264d937fc6e7ab6786666a3d5c,2024-03-31,2024Q1,alera,ARCC,1287750,listed,OBDC,1655888,EF_8c8406a820f02e5bc4dedbae5b63,EF_b306ba59e0c086a87a8e3b5053fd,EF_61fc76f9a40caeb8f4ebf0a43a29,2024-04-30T21:30:34Z,2024-04-30T21:41:00Z,2024-04-30T21:41:00Z,SOI acceptance; no earlier exact facility mark verified in EX-99,2024-02-21T21:56:10Z,2024-05-08T20:11:16Z,7.937685,1.0000000000,1.0000000000,0.0000000000,0.000000,False,False,False,False,source BDC x report period x borrower x economic_facility_v2
SN3X_a0480243724c4f62a3696557443b,2024-09-30,2024Q3,duraserv,ARCC,1287750,listed,OBDC,1655888,EF_2b64fdbb6f8e35f780b3e068f47f,EF_8124b2d604cd3d2d8dd4eb004e72,EF_abbf59fc85755a9ffd06d337a792,2024-10-29T20:49:55Z,2024-10-29T20:56:00Z,2024-10-29T20:56:00Z,SOI acceptance; no earlier exact facility mark verified in EX-99,2024-08-07T20:16:31Z,2024-11-06T21:06:55Z,8.007581,0.9863636364,0.9906542056,-0.0042905692,-0.429057,False,False,False,False,source BDC x report period x borrower x economic_facility_v2
SN3X_a11ea69c30fbdfbdd301028161b4,2024-09-30,2024Q3,investments,HTGC,1280784,listed,GSBD,1572694,EF_26c0616649b52be241226901e5f3,EF_ccde3d3868bbba27c225cbb33052,EF_7cd7f50019386016f53c7b6da1e8,2024-10-30T20:16:34Z,2024-10-30T16:17:00Z,2024-10-30T20:16:34Z,SOI acceptance; no earlier exact facility mark verified in EX-99,2024-08-08T20:53:57Z,2024-11-07T21:29:24Z,8.050579,,,,,False,False,False,False,source BDC x report period x borrower x economic_facility_v2
SN3X_aba4d439926f6de999848c1f1ae4,2024-12-31,2024Q4,physician partners,OBDC,1655888,listed,NMFC,1496099,EF_bc2cce7c15370975b932c2935948,EF_e812939b4ac372ccfed06d570f5b,EF_a93720aef0349ebe12580c692f27,2025-01-16T13:30:14Z,2025-02-19T16:33:00Z,2025-02-19T16:33:00Z,SOI acceptance; no earlier exact facility mark verified in EX-99,2024-10-30T20:14:36Z,2025-02-26T21:25:39Z,7.203229,0.6649871465,0.7124102564,-0.0474231099,-4.742311,True,False,False,False,source BDC x report period x borrower x economic_facility_v2
SN3X_ac762ede5568c6f2fb58d9b40af9,2024-12-31,2024Q4,avalara,ARCC,1287750,listed,NMFC,1496099,EF_f6191391320fbbadc74d89493383,EF_255a5038497f0b3c098316784244,EF_30f15edc4fed6acfc42d97f47a46,2025-02-04T21:10:20Z,2025-02-04T21:36:00Z,2025-02-04T21:36:00Z,SOI acceptance; no earlier exact facility mark verified in EX-99,2024-10-30T20:14:36Z,2025-02-26T21:25:39Z,21.992812,1.0000000000,1.0000000000,0.0000000000,0.000000,False,False,False,False,source BDC x report period x borrower x economic_facility_v2
SN3X_ade6cbbbdd27b3a4381328dbc16d,2024-09-30,2024Q3,realpage,ARCC,1287750,listed,NMFC,1496099,EF_2882235d693a19862fd08e1a9b51,EF_1f05e944da5e9e9503b61e4bf0a7,EF_77f87349912d86a1d50148821d09,2024-10-29T20:49:55Z,2024-10-29T20:56:00Z,2024-10-29T20:56:00Z,SOI acceptance; no earlier exact facility mark verified in EX-99,2024-07-31T21:02:57Z,2024-10-30T20:14:36Z,0.971250,0.9571938169,0.9845422117,-0.0273483948,-2.734839,True,False,False,False,source BDC x report period x borrower x economic_facility_v2
SN3X_ae9375bf01eef723679d448e613b,2024-09-30,2024Q3,associations,NMFC,1496099,listed,OBDC,1655888,EF_d2d608ed809e6fb873b7ca19c433,EF_2b98e9d3a06fba80244da464fa51,EF_4607d7de18cb293849f8384fe1bf,2024-10-30T20:14:36Z,2024-10-30T16:35:00Z,2024-10-30T20:14:36Z,SOI acceptance; no earlier exact facility mark verified in EX-99,2024-08-07T20:16:31Z,2024-11-06T21:06:55Z,7.036331,0.9994955100,0.9995168985,-0.0000213885,-0.002139,False,False,False,False,source BDC x report period x borrower x economic_facility_v2
SN3X_af943eda5fb13b333b4fe575bb6f,2024-03-31,2024Q1,pluralsight,OCSL,1414932,listed,ARCC,1287750,EF_14a08a39ea0f38ccd398e3a8acaf,EF_e43e90f71e73de1cd9f427d9451e,EF_70f39dd70066e93055a69304dbbf,2024-04-29T22:41:19Z,2024-04-29T18:41:00Z,2024-04-29T22:41:19Z,SOI acceptance; no earlier exact facility mark verified in EX-99,2024-02-07T06:13:00Z,2024-04-30T21:30:34Z,0.950868,0.9030023095,0.9496296296,-0.0466273201,-4.662732,True,False,False,False,source BDC x report period x borrower x economic_facility_v2
SN3X_b159933a0a814b363b6e0c933eb2,2025-03-31,2025Q1,coupa,NMFC,1496099,listed,OBDC,1655888,EF_e4a87e01230729f0d2e37674172b,EF_324b96ffd0e5fb33b08fb79fae9b,EF_b9d54fada246215f00dbedbbd0c1,2025-05-05T20:16:38Z,2025-05-05T16:21:00Z,2025-05-05T20:16:38Z,SOI acceptance; no earlier exact facility mark verified in EX-99,2025-02-19T16:33:00Z,2025-05-07T20:15:44Z,1.999375,1.0000000000,1.0000000000,0.0000000000,0.000000,False,False,False,False,source BDC x report period x borrower x economic_facility_v2
SN3X_b279a734459fa9a82170ed53d2af,2024-12-31,2024Q4,next holdco,ARCC,1287750,listed,NMFC,1496099,EF_58dc3ebbf239249f8ea5f4de7d34,EF_48e51bcd8a1c14e8064f29d6cda2,EF_67b1ee8c5b789da894cfe50cd112,2025-02-04T21:10:20Z,2025-02-04T21:36:00Z,2025-02-04T21:36:00Z,SOI acceptance; no earlier exact facility mark verified in EX-99,2024-10-30T20:14:36Z,2025-02-26T21:25:39Z,21.992812,1.0000000000,1.0000000000,0.0000000000,0.000000,False,False,False,False,source BDC x report period x borrower x economic_facility_v2
SN3X_b5d3eee75e3a3a1a5d3ec3013884,2024-09-30,2024Q3,icefall parent,ARCC,1287750,listed,NMFC,1496099,EF_026da9fbe215e11d7202bec46b1a,EF_4d4fb95ef9bef17271018dfc51e5,EF_adcdde81b5962469effdabb43dd1,2024-10-29T20:49:55Z,2024-10-29T20:56:00Z,2024-10-29T20:56:00Z,SOI acceptance; no earlier exact facility mark verified in EX-99,2024-07-31T21:02:57Z,2024-10-30T20:14:36Z,0.971250,1.0000000000,0.9820359281,0.0179640719,1.796407,True,False,False,False,source BDC x report period x borrower x economic_facility_v2
SN3X_b7c5559c650e6006894039664f64,2024-09-30,2024Q3,broadcast music,ARCC,1287750,listed,OBDC,1655888,EF_05478b485c66ec60c6fbe1f41fbe,EF_c4d558701fe39af46be896e687e6,EF_76f215b7423efe99c0b191cfd2b4,2024-10-29T20:49:55Z,2024-10-29T20:56:00Z,2024-10-29T20:56:00Z,SOI acceptance; no earlier exact facility mark verified in EX-99,2024-08-07T20:16:31Z,2024-11-06T21:06:55Z,8.007581,1.0000000000,1.0000000000,0.0000000000,0.000000,False,False,False,False,source BDC x report period x borrower x economic_facility_v2
SN3X_b8edd4a839ed9df4727c7a29a7aa,2024-06-30,2024Q2,global music rights,ARCC,1287750,listed,OBDC,1655888,EF_f01b329f8e1a03a9e49d8db9339b,EF_0c7600224d897e4117d04bbd7e41,EF_ef45084d46286a2220dd7a403908,2024-07-29T20:56:19Z,2024-07-29T21:10:00Z,2024-07-29T21:10:00Z,SOI acceptance; no earlier exact facility mark verified in EX-99,2024-05-08T20:11:16Z,2024-08-07T20:16:31Z,8.962859,1.0000000000,1.0000000000,0.0000000000,0.000000,False,False,False,False,source BDC x report period x borrower x economic_facility_v2
SN3X_b8f883ee71d8df86f731ed89df91,2025-03-31,2025Q1,icefall parent,ARCC,1287750,listed,NMFC,1496099,EF_e00e780ea59130c2c1ec869da3d6,EF_a71d3c484895822f38e4937551ff,EF_15595a203baf160463cfe7545a4b,2025-04-28T21:50:25Z,2025-04-28T21:50:00Z,2025-04-28T21:50:25Z,SOI acceptance; no earlier exact facility mark verified in EX-99,2025-02-26T21:25:39Z,2025-05-05T20:16:38Z,6.934873,1.0000000000,1.0000000000,0.0000000000,0.000000,False,False,False,False,source BDC x report period x borrower x economic_facility_v2
SN3X_bd19ef6ddd60df8e887b55e3fbe7,2024-06-30,2024Q2,wrench,NMFC,1496099,listed,OBDC,1655888,EF_65a25606df0fb8db30746e074244,EF_65a7be80ddd041e8dab784167b72,EF_afe4d73d14cba3e577d4d31913a6,2024-07-31T21:02:57Z,2024-07-31T17:12:00Z,2024-07-31T21:02:57Z,SOI acceptance; no earlier exact facility mark verified in EX-99,2024-05-08T20:11:16Z,2024-08-07T20:16:31Z,6.967755,1.0022102265,1.0047909777,-0.0025807512,-0.258075,False,False,False,False,source BDC x report period x borrower x economic_facility_v2
SN3X_c231506ba5651e0ef7960343f0c5,2024-09-30,2024Q3,xplor t1,NMFC,1496099,listed,OBDC,1655888,EF_e7982c0cb5fda6528f1aee5fa710,EF_4305322d348ae09b7b4aac2dba72,EF_fa52f01adee686cffb7fde69935e,2024-10-30T20:14:36Z,2024-10-30T16:35:00Z,2024-10-30T20:14:36Z,SOI acceptance; no earlier exact facility mark verified in EX-99,2024-08-07T20:16:31Z,2024-11-06T21:06:55Z,7.036331,1.0075444399,1.0000000000,0.0075444399,0.754444,True,False,False,False,source BDC x report period x borrower x economic_facility_v2
SN3X_c351a0b1d34be53e00781854add7,2024-06-30,2024Q2,global music rights,ARCC,1287750,listed,OBDC,1655888,EF_a11ab11ca00214c897a5dfe9faaa,EF_0c7600224d897e4117d04bbd7e41,EF_ef45084d46286a2220dd7a403908,2024-07-29T20:56:19Z,2024-07-29T21:10:00Z,2024-07-29T21:10:00Z,SOI acceptance; no earlier exact facility mark verified in EX-99,2024-05-08T20:11:16Z,2024-08-07T20:16:31Z,8.962859,1.0000000000,1.0000000000,0.0000000000,0.000000,False,False,False,False,source BDC x report period x borrower x economic_facility_v2
SN3X_c67579837b05ad59278d54973e2d,2024-09-30,2024Q3,physician partners,NMFC,1496099,listed,OBDC,1655888,EF_a93720aef0349ebe12580c692f27,EF_476060dee8c8b4bcc127764bd38d,EF_71ac36a24d3140916efa40038016,2024-10-30T20:14:36Z,2024-10-30T16:35:00Z,2024-10-30T20:14:36Z,SOI acceptance; no earlier exact facility mark verified in EX-99,2024-08-07T20:16:31Z,2024-11-06T21:06:55Z,7.036331,0.6519262073,0.7331529093,-0.0812267020,-8.122670,True,False,False,False,source BDC x report period x borrower x economic_facility_v2
SN3X_c80855b91da3e9393751a8360451,2024-03-31,2024Q1,community brands parentco,ARCC,1287750,listed,NMFC,1496099,EF_2ce55e5efa4d0561df99c2b9b09a,EF_421a38ac693c110e6e562951504b,EF_262bda44075c86428f7e528b765b,2024-04-30T21:30:34Z,2024-04-30T21:41:00Z,2024-04-30T21:41:00Z,SOI acceptance; no earlier exact facility mark verified in EX-99,2024-02-26T16:48:00Z,2024-05-01T21:02:05Z,0.972975,0.9904761905,0.9809523810,0.0095238095,0.952381,True,False,False,False,source BDC x report period x borrower x economic_facility_v2
SN3X_cb0829495d5f2379b0163a4da102,2025-09-30,2025Q3,park place technologies,NMFC,1496099,listed,OBDC,1655888,EF_c87c3c55ba54905b149d0fa38e13,EF_72acdd6fbfa660cacd4c5ba3ba4a,EF_b562606235ad4d1290b03caf20ae,2025-11-03T21:39:20Z,2025-11-03T16:44:00Z,2025-11-03T21:39:20Z,SOI acceptance; no earlier exact facility mark verified in EX-99,2025-08-06T20:05:51Z,2025-11-05T21:36:07Z,1.997766,0.9983922830,0.9975049245,0.0008873585,0.088736,False,False,False,False,source BDC x report period x borrower x economic_facility_v2
SN3X_cddf76070225f61b9c2535e67660,2024-09-30,2024Q3,confluent medical technologies,NMFC,1496099,listed,OBDC,1655888,EF_9279983a5c92dd9ec8664ff0ea79,EF_dda18b434aba44e531dc7d4c0577,EF_3faf022dfaf7b38e5e6f4c407780,2024-10-30T20:14:36Z,2024-10-30T16:35:00Z,2024-10-30T20:14:36Z,SOI acceptance; no earlier exact facility mark verified in EX-99,2024-08-07T20:16:31Z,2024-11-06T21:06:55Z,7.036331,1.0041025641,1.0000000000,0.0041025641,0.410256,False,False,False,False,source BDC x report period x borrower x economic_facility_v2
SN3X_d337c0bd0e7305e9910790901f6a,2024-09-30,2024Q3,forescout technologies,ARCC,1287750,listed,OBDC,1655888,EF_ef5973ecebfdfe5dcf78881665e2,EF_3e270da13e5932a7827280f7d9e9,EF_713193b9ac5822d934ed5be4dbe7,2024-10-29T20:49:55Z,2024-10-29T20:56:00Z,2024-10-29T20:56:00Z,SOI acceptance; no earlier exact facility mark verified in EX-99,2024-08-07T20:16:31Z,2024-11-06T21:06:55Z,8.007581,0.9926470588,0.9926470588,0.0000000000,0.000000,False,False,False,False,source BDC x report period x borrower x economic_facility_v2
SN3X_d8b73d6aa352c250adcfccc1f417,2024-03-31,2024Q1,investments,TSLX,1508655,listed,GSBD,1572694,EF_8711766519119d966d3a53488c09,EF_f59ca1c869e46e6006ed086d4cce,EF_d9726db10ab576e961b809cf5649,2024-05-01T20:02:40Z,2024-05-01T16:03:00Z,2024-05-01T20:02:40Z,SOI acceptance; no earlier exact facility mark verified in EX-99,2024-02-28T21:51:23Z,2024-05-07T20:40:50Z,6.026505,,,,,False,False,False,False,source BDC x report period x borrower x economic_facility_v2
SN3X_defbf36083d61574e13b51bb23c8,2024-09-30,2024Q3,confluent health,NMFC,1496099,listed,OBDC,1655888,EF_6a1ec9ecb535324f37e8a45c7ed6,EF_4261e400c37d0cb38157b31b0766,EF_af8d41019f62790ee9f73f79c9f3,2024-10-30T20:14:36Z,2024-10-30T16:35:00Z,2024-10-30T20:14:36Z,SOI acceptance; no earlier exact facility mark verified in EX-99,2024-08-07T20:16:31Z,2024-11-06T21:06:55Z,7.036331,0.9800308166,0.9749815589,0.0050492577,0.504926,True,False,False,False,source BDC x report period x borrower x economic_facility_v2
SN3X_df9288fe78fb8af385966fc9797c,2024-06-30,2024Q2,next holdco,ARCC,1287750,listed,NMFC,1496099,EF_f5b6bcbe0bf7184cfa5fe2414389,EF_f191ed4432a585b30f088f89b896,EF_08a5fa8988ef22027e0e224224d4,2024-07-29T20:56:19Z,2024-07-29T21:10:00Z,2024-07-29T21:10:00Z,SOI acceptance; no earlier exact facility mark verified in EX-99,2024-05-01T21:02:05Z,2024-07-31T21:02:57Z,1.995104,1.0000000000,0.9846153846,0.0153846154,1.538462,True,False,False,False,source BDC x report period x borrower x economic_facility_v2
SN3X_e108b502025ccb088cb37b5dd0ff,2025-03-31,2025Q1,investments,TSLX,1508655,listed,HTGC,1280784,EF_8ed0a268d81806be95b86add775b,EF_35a8d5b75e30e192c1d8ac218379,EF_57f6152fb1784a423b00f634d5a9,2025-04-30T20:01:57Z,2025-04-30T16:02:00Z,2025-04-30T20:01:57Z,SOI acceptance; no earlier exact facility mark verified in EX-99,2025-02-13T21:16:42Z,2025-05-01T20:16:15Z,1.009931,,,,,False,False,False,False,source BDC x report period x borrower x economic_facility_v2
SN3X_e2ff45e080144bd8c52dc920b6dc,2024-06-30,2024Q2,offen,ARCC,1287750,listed,OBDC,1655888,EF_b8156577307e70ade76cc0682b7f,EF_354c9b02449d6041e24a5ef2cc48,EF_3b127cf1b11e9d02b1b120545d69,2024-07-29T20:56:19Z,2024-07-29T21:10:00Z,2024-07-29T21:10:00Z,SOI acceptance; no earlier exact facility mark verified in EX-99,2024-05-08T20:11:16Z,2024-08-07T20:16:31Z,8.962859,1.0000000000,1.0000000000,0.0000000000,0.000000,False,False,False,False,source BDC x report period x borrower x economic_facility_v2
SN3X_e350bd146ab382ad113690834794,2024-06-30,2024Q2,dealer tire financial,NMFC,1496099,listed,OBDC,1655888,EF_284705b11a02a9b1000562206565,EF_c17e782c2f272166bf5bb386b749,EF_7421e4b2ca5637d25e45da85633b,2024-07-31T21:02:57Z,2024-07-31T17:12:00Z,2024-07-31T21:02:57Z,SOI acceptance; no earlier exact facility mark verified in EX-99,2024-05-08T20:11:16Z,2024-08-07T20:16:31Z,6.967755,1.0000000000,1.0087401301,-0.0087401301,-0.874013,True,False,False,False,source BDC x report period x borrower x economic_facility_v2
SN3X_e4ba127638faa8f64bc667f203c1,2024-06-30,2024Q2,broadcast music,ARCC,1287750,listed,OBDC,1655888,EF_c4d558701fe39af46be896e687e6,EF_c5518b7c03578945b779170efa85,EF_c4d9e880f1786757d9806ffe71d6,2024-07-29T20:56:19Z,2024-07-29T21:10:00Z,2024-07-29T21:10:00Z,SOI acceptance; no earlier exact facility mark verified in EX-99,2024-05-08T20:11:16Z,2024-08-07T20:16:31Z,8.962859,1.0000000000,0.9718309859,0.0281690141,2.816901,True,False,False,False,source BDC x report period x borrower x economic_facility_v2
SN3X_e501dfec0600c61d991372dd8e54,2024-03-31,2024Q1,offen,ARCC,1287750,listed,OBDC,1655888,EF_354c9b02449d6041e24a5ef2cc48,EF_7cf5d6fbb31d5e7aeed2d990071c,EF_0dc2dfbd72c661974426897f5801,2024-04-30T21:30:34Z,2024-04-30T21:41:00Z,2024-04-30T21:41:00Z,SOI acceptance; no earlier exact facility mark verified in EX-99,2024-02-21T21:56:10Z,2024-05-08T20:11:16Z,7.937685,1.0000000000,1.0000000000,0.0000000000,0.000000,False,False,False,False,source BDC x report period x borrower x economic_facility_v2
SN3X_e60f07b1b8ff6522d50271b01de5,2025-06-30,2025Q2,next holdco,ARCC,1287750,listed,NMFC,1496099,EF_9a0e82d356f4159506dec0faf368,EF_00477fb94ebcb61b52f7c35e68b1,EF_0f065349acca63e403901bb469e1,2025-07-28T21:11:20Z,2025-07-28T21:23:00Z,2025-07-28T21:23:00Z,SOI acceptance; no earlier exact facility mark verified in EX-99,2025-05-05T20:16:38Z,2025-08-04T20:39:28Z,6.969769,1.0000000000,1.0000000000,0.0000000000,0.000000,False,False,False,False,source BDC x report period x borrower x economic_facility_v2
SN3X_e77450a4bae1cb9909b8dce4a371,2025-03-31,2025Q1,forescout technologies,ARCC,1287750,listed,OBDC,1655888,EF_53be37d90ed8226dfc4f546e46f1,EF_8b6761bb9a7e212237141bc2800f,EF_f2d8aee769d4efc5bc7713c45491,2025-04-28T21:50:25Z,2025-04-28T21:50:00Z,2025-04-28T21:50:25Z,SOI acceptance; no earlier exact facility mark verified in EX-99,2025-02-19T16:33:00Z,2025-05-07T20:15:44Z,8.934248,1.0000000000,0.9852941176,0.0147058824,1.470588,True,False,False,False,source BDC x report period x borrower x economic_facility_v2
SN3X_e8b2a17866c553e2d22d2c06e737,2024-09-30,2024Q3,storable,NMFC,1496099,listed,OBDC,1655888,EF_79d67226928d2a61b5b5ba513c40,EF_5b3b36e4c70039c37ae2814cf6a4,EF_d3a3b7986f30a403afcca45d79ff,2024-10-30T20:14:36Z,2024-10-30T16:35:00Z,2024-10-30T20:14:36Z,SOI acceptance; no earlier exact facility mark verified in EX-99,2024-08-07T20:16:31Z,2024-11-06T21:06:55Z,7.036331,1.0039236202,1.0035220454,0.0004015748,0.040157,False,False,False,False,source BDC x report period x borrower x economic_facility_v2
SN3X_e95fbcba67846c9fe3fb51e73d70,2024-09-30,2024Q3,offen,ARCC,1287750,listed,OBDC,1655888,EF_4b65524ae718021b1715468b1f5f,EF_b8156577307e70ade76cc0682b7f,EF_0ab63dcaa92c26c09c7e0d98c61e,2024-10-29T20:49:55Z,2024-10-29T20:56:00Z,2024-10-29T20:56:00Z,SOI acceptance; no earlier exact facility mark verified in EX-99,2024-08-07T20:16:31Z,2024-11-06T21:06:55Z,8.007581,1.0000000000,1.0000000000,0.0000000000,0.000000,False,False,False,False,source BDC x report period x borrower x economic_facility_v2
SN3X_eb048e202b837a4e351fb207f05f,2024-03-31,2024Q1,investments,HTGC,1280784,listed,GSBD,1572694,EF_05d3e254304d4ad3e99000ef6cbd,EF_d773890f9bc563eb6d6b1839477b,EF_d9726db10ab576e961b809cf5649,2024-05-02T20:17:13Z,2024-05-02T16:17:00Z,2024-05-02T20:17:13Z,SOI acceptance; no earlier exact facility mark verified in EX-99,2024-02-28T21:51:23Z,2024-05-07T20:40:50Z,5.016400,,,,,False,False,False,False,source BDC x report period x borrower x economic_facility_v2
SN3X_eb0931abab1b5b8d4deb2de8efdd,2024-03-31,2024Q1,avalara,ARCC,1287750,listed,NMFC,1496099,EF_16df24f3f3384a2ec93959df2613,EF_5d562d1d11c12c1b71f191e45b00,EF_cc58a275821a9ff63fd89ca68b16,2024-04-30T21:30:34Z,2024-04-30T21:41:00Z,2024-04-30T21:41:00Z,SOI acceptance; no earlier exact facility mark verified in EX-99,2024-02-26T16:48:00Z,2024-05-01T21:02:05Z,0.972975,1.0000000000,1.0000000000,0.0000000000,0.000000,False,False,False,False,source BDC x report period x borrower x economic_facility_v2
SN3X_ec39f7f9ce682a7219b7bf3cb682,2024-06-30,2024Q2,medline borrower,ARCC,1287750,listed,OBDC,1655888,EF_8e4c7fa1f6462a0e185c6358a617,EF_84bf180751ba02412bedd4b9ee7c,EF_2988edb752961af7b8fdd095d55d,2024-07-29T20:56:19Z,2024-07-29T21:10:00Z,2024-07-29T21:10:00Z,SOI acceptance; no earlier exact facility mark verified in EX-99,2024-05-08T20:11:16Z,2024-08-07T20:16:31Z,8.962859,,,,,False,False,False,False,source BDC x report period x borrower x economic_facility_v2
SN3X_ecddbd001a10d051c797c881a9cc,2024-06-30,2024Q2,realpage,ARCC,1287750,listed,OBDC,1655888,EF_1f05e944da5e9e9503b61e4bf0a7,EF_546904b92b5909fb7d0877f1ad03,EF_9d7efb1e1504a8351998b313c3ad,2024-07-29T20:56:19Z,2024-07-29T21:10:00Z,2024-07-29T21:10:00Z,SOI acceptance; no earlier exact facility mark verified in EX-99,2024-05-08T20:11:16Z,2024-08-07T20:16:31Z,8.962859,0.9845422117,0.9797859691,0.0047562426,0.475624,False,False,False,False,source BDC x report period x borrower x economic_facility_v2
SN3X_f2a5811b735db13ce46a63d9da35,2025-06-30,2025Q2,coupa,NMFC,1496099,listed,OBDC,1655888,EF_c46468d3c15bb39b635f2608e79e,EF_e4a87e01230729f0d2e37674172b,EF_ef73fd5f0c1b226732cdd7d386e7,2025-08-04T20:39:28Z,2025-08-04T16:49:00Z,2025-08-04T20:39:28Z,SOI acceptance; no earlier exact facility mark verified in EX-99,2025-05-07T20:15:44Z,2025-08-06T20:05:51Z,1.976655,1.0000000000,1.0000000000,0.0000000000,0.000000,False,False,False,False,source BDC x report period x borrower x economic_facility_v2
SN3X_f33d3ab8ba54194dd75ea276c0bc,2025-03-31,2025Q1,park place technologies,NMFC,1496099,listed,OBDC,1655888,EF_c8f388013a44458baedca6a04583,EF_3b01403028539becc271639d21a5,EF_6b33725782bc084b20b6ac259c9e,2025-05-05T20:16:38Z,2025-05-05T16:21:00Z,2025-05-05T20:16:38Z,SOI acceptance; no earlier exact facility mark verified in EX-99,2025-02-19T16:33:00Z,2025-05-07T20:15:44Z,1.999375,0.9975114604,0.9975176378,-0.0000061774,-0.000618,False,False,False,False,source BDC x report period x borrower x economic_facility_v2
SN3X_f346e8126c90bdc158424460d2f9,2024-06-30,2024Q2,alera,ARCC,1287750,listed,OBDC,1655888,EF_1f2295805de4453168059234ab28,EF_306758019c2c2ee7169d6d924d20,EF_ca4209323e67255c25e4c1fa14e2,2024-07-29T20:56:19Z,2024-07-29T21:10:00Z,2024-07-29T21:10:00Z,SOI acceptance; no earlier exact facility mark verified in EX-99,2024-05-08T20:11:16Z,2024-08-07T20:16:31Z,8.962859,1.0000000000,1.0000000000,0.0000000000,0.000000,False,False,False,False,source BDC x report period x borrower x economic_facility_v2
SN3X_f5383dd910cb5d9992029b5ec03c,2024-03-31,2024Q1,bracket intermediate,NMFC,1496099,listed,OBDC,1655888,EF_d8cd46dfdcb05cc559af0644f981,EF_fe2f07964fb129e863328f88fb8f,EF_40a1b7aa3b69ce9baa5f1ef78b91,2024-05-01T21:02:05Z,2024-05-01T17:09:00Z,2024-05-01T21:02:05Z,SOI acceptance; no earlier exact facility mark verified in EX-99,2024-02-21T21:56:10Z,2024-05-08T20:11:16Z,6.964711,1.0047846890,1.0018206645,0.0029640245,0.296402,False,False,False,False,source BDC x report period x borrower x economic_facility_v2
SN3X_f7e9ff3cbe68b8ded31030994b7c,2024-12-31,2024Q4,associations,OBDC,1655888,listed,NMFC,1496099,EF_7dab21f3e5eae42915e25627a7c0,EF_9b5db15a24cdc68962d6c8ed532b,EF_d2d608ed809e6fb873b7ca19c433,2025-01-16T13:30:14Z,2025-02-19T16:33:00Z,2025-02-19T16:33:00Z,SOI acceptance; no earlier exact facility mark verified in EX-99,2024-10-30T20:14:36Z,2025-02-26T21:25:39Z,7.203229,1.0000348620,0.9999972071,0.0000376549,0.003765,False,False,False,False,source BDC x report period x borrower x economic_facility_v2
SN3X_f970dbda8ccbb08d977fd7ca88d6,2024-03-31,2024Q1,valcour packaging,NMFC,1496099,listed,OBDC,1655888,EF_826695bb755f053550cffe5b5aef,EF_66c03296850bc5661975bfb821b8,EF_eced50225b933d861a733d8658b5,2024-05-01T21:02:05Z,2024-05-01T17:09:00Z,2024-05-01T21:02:05Z,SOI acceptance; no earlier exact facility mark verified in EX-99,2024-02-21T21:56:10Z,2024-05-08T20:11:16Z,6.964711,0.7866718730,0.7965727639,-0.0099008909,-0.990089,True,False,False,False,source BDC x report period x borrower x economic_facility_v2
SN3X_fa5d04329d217dea9b55ee1d91f4,2024-03-31,2024Q1,bleriot us bidco,NMFC,1496099,listed,OBDC,1655888,EF_e1020ad89e5b604fb3340e80c737,EF_4436151ba16ec707cadf0ae34dfb,EF_2d29bcdf7522a5b865fe89d88433,2024-05-01T21:02:05Z,2024-05-01T17:09:00Z,2024-05-01T21:02:05Z,SOI acceptance; no earlier exact facility mark verified in EX-99,2024-02-21T21:56:10Z,2024-05-08T20:11:16Z,6.964711,1.0051413882,1.0053846154,-0.0002432272,-0.024323,False,False,False,False,source BDC x report period x borrower x economic_facility_v2
