report_period_end,report_period_label,ticker,cik,periodic_fallback_form,periodic_fallback_accession,periodic_fallback_timestamp_utc,eight_k_candidates_checked,ex99_exhibits_checked,soi_present_in_8k,soi_evidence,exact_facility_mark_present_in_8k,exact_facility_ids,source_mark_public_timestamp_utc,source_mark_public_evidence,target_results_public_timestamp_utc,target_results_public_evidence,target_cutoff_shifted_earlier,source_mark_timestamp_shifted_earlier,target_and_source_timestamps_differ,audit_status
2023-12-31,2023Q4,ASIF,1918712,10-K,0001918712-24-000048,2024-03-14T20:20:10Z,5,0,False,,False,,2024-03-14T20:20:10Z,SOI/periodic acceptance 0001918712-24-000048,2024-03-14T20:20:10Z,periodic fallback 0001918712-24-000048,False,False,False,complete
2023-12-31,2023Q4,BCRED,1803498,10-K,0001803498-24-000007,2024-03-15T20:48:15Z,5,0,False,,False,,2024-03-15T20:48:15Z,SOI/periodic acceptance 0001803498-24-000007,2024-03-15T20:48:15Z,periodic fallback 0001803498-24-000007,False,False,False,complete
2023-12-31,2023Q4,BXSL,1736035,10-K,0001736035-24-000006,2024-02-28T11:46:55Z,0,0,False,,False,,2024-02-28T11:46:55Z,SOI/periodic acceptance 0001736035-24-000006,2024-02-28T11:46:55Z,periodic fallback 0001736035-24-000006,False,False,False,complete
2023-12-31,2023Q4,GSBD,1572694,10-K,0000950170-24-022198,2024-02-28T21:51:23Z,1,1,False,,False,,2024-02-28T21:51:23Z,SOI/periodic acceptance 0000950170-24-022198,2024-02-28T21:51:23Z,periodic fallback 0000950170-24-022198,False,False,False,complete
2023-12-31,2023Q4,HPS,1838126,10-K,0001838126-24-000022,2024-03-21T21:27:34Z,6,0,False,,False,,2024-03-21T21:27:34Z,SOI/periodic acceptance 0001838126-24-000022,2024-03-21T21:27:34Z,periodic fallback 0001838126-24-000022,False,False,False,complete
2023-12-31,2023Q4,HTGC,1280784,10-K,0001280784-24-000007,2024-02-15T21:17:43Z,0,0,False,,False,,2024-02-15T21:17:43Z,SOI/periodic acceptance 0001280784-24-000007,2024-02-15T21:17:43Z,periodic fallback 0001280784-24-000007,False,False,False,complete
2023-12-31,2023Q4,MFIC,1278752,10-K,0000950170-24-020118,2024-02-26T21:03:00Z,0,0,False,,False,,2024-02-26T21:03:00Z,SOI/periodic acceptance 0000950170-24-020118,2024-02-26T21:03:00Z,periodic fallback 0000950170-24-020118,False,False,False,complete
2023-12-31,2023Q4,OBDC,1655888,10-K,0001655888-24-000008,2024-02-21T21:56:10Z,4,1,False,,False,,2024-02-21T21:56:10Z,SOI/periodic acceptance 0001655888-24-000008,2024-02-21T21:56:10Z,periodic fallback 0001655888-24-000008,False,False,False,complete
2023-12-31,2023Q4,OCIC,1812554,10-K,0001812554-24-000014,2024-03-06T23:11:46Z,5,0,False,,False,,2024-03-06T23:11:46Z,SOI/periodic acceptance 0001812554-24-000014,2024-03-06T23:11:46Z,periodic fallback 0001812554-24-000014,False,False,False,complete
2023-12-31,2023Q4,OCSL,1414932,10-Q,0001414932-24-000004,2024-01-31T22:57:51Z,0,0,False,,False,,2024-01-31T22:57:51Z,SOI/periodic acceptance 0001414932-24-000004,2024-01-31T22:57:51Z,periodic fallback 0001414932-24-000004,False,False,False,complete
2023-12-31,2023Q4,PSEC,1287032,10-Q,0001287032-24-000043,2024-02-08T21:32:02Z,1,0,False,,False,,2024-02-08T21:32:02Z,SOI/periodic acceptance 0001287032-24-000043,2024-02-08T21:32:02Z,periodic fallback 0001287032-24-000043,False,False,False,complete
2024-03-31,2024Q1,ASIF,1918712,10-Q,0001918712-24-000069,2024-05-10T20:12:11Z,2,0,False,,False,,2024-05-10T20:12:11Z,SOI/periodic acceptance 0001918712-24-000069,2024-05-10T20:12:11Z,periodic fallback 0001918712-24-000069,False,False,False,complete
2024-03-31,2024Q1,BCRED,1803498,10-Q,0001803498-24-000022,2024-05-13T21:08:19Z,3,0,False,,False,,2024-05-13T21:08:19Z,SOI/periodic acceptance 0001803498-24-000022,2024-05-13T21:08:19Z,periodic fallback 0001803498-24-000022,False,False,False,complete
2024-03-31,2024Q1,BXSL,1736035,10-Q,0001736035-24-000017,2024-05-08T10:18:09Z,1,0,False,,False,,2024-05-08T10:18:09Z,SOI/periodic acceptance 0001736035-24-000017,2024-05-08T10:18:09Z,periodic fallback 0001736035-24-000017,False,False,False,complete
2024-03-31,2024Q1,CGBD,1544206,10-Q,0001544206-24-000036,2024-05-07T21:19:25Z,1,1,False,,False,,2024-05-07T21:19:25Z,SOI/periodic acceptance 0001544206-24-000036,2024-05-07T21:19:25Z,periodic fallback 0001544206-24-000036,False,False,False,complete
2024-03-31,2024Q1,GSBD,1572694,10-Q,0000950170-24-054635,2024-05-07T20:40:50Z,1,1,False,,False,,2024-05-07T20:40:50Z,SOI/periodic acceptance 0000950170-24-054635,2024-05-07T20:40:50Z,periodic fallback 0000950170-24-054635,False,False,False,complete
2024-03-31,2024Q1,HPS,1838126,10-Q,0001838126-24-000038,2024-05-15T18:53:09Z,3,0,False,,False,,2024-05-15T18:53:09Z,SOI/periodic acceptance 0001838126-24-000038,2024-05-15T18:53:09Z,periodic fallback 0001838126-24-000038,False,False,False,complete
2024-03-31,2024Q1,HTGC,1280784,10-Q,0001280784-24-000014,2024-05-02T20:17:13Z,0,0,False,,False,,2024-05-02T20:17:13Z,SOI/periodic acceptance 0001280784-24-000014,2024-05-02T20:17:13Z,periodic fallback 0001280784-24-000014,False,False,False,complete
2024-03-31,2024Q1,MFIC,1278752,10-Q,0000950170-24-054445,2024-05-07T20:03:28Z,0,0,False,,False,,2024-05-07T20:03:28Z,SOI/periodic acceptance 0000950170-24-054445,2024-05-07T20:03:28Z,periodic fallback 0000950170-24-054445,False,False,False,complete
2024-03-31,2024Q1,OBDC,1655888,10-Q,0001655888-24-000014,2024-05-08T20:11:16Z,2,1,False,,False,,2024-05-08T20:11:16Z,SOI/periodic acceptance 0001655888-24-000014,2024-05-08T20:11:16Z,periodic fallback 0001655888-24-000014,False,False,False,complete
2024-03-31,2024Q1,OCIC,1812554,10-Q,0001812554-24-000027,2024-05-09T20:47:50Z,1,0,False,,False,,2024-05-09T20:47:50Z,SOI/periodic acceptance 0001812554-24-000027,2024-05-09T20:47:50Z,periodic fallback 0001812554-24-000027,False,False,False,complete
2024-03-31,2024Q1,OCSL,1414932,10-Q,0001414932-24-000008,2024-04-29T22:41:19Z,0,0,False,,False,,2024-04-29T22:41:19Z,SOI/periodic acceptance 0001414932-24-000008,2024-04-29T22:41:19Z,periodic fallback 0001414932-24-000008,False,False,False,complete
2024-03-31,2024Q1,PSEC,1287032,10-Q,0001287032-24-000152,2024-05-08T20:24:23Z,0,0,False,,False,,2024-05-08T20:24:23Z,SOI/periodic acceptance 0001287032-24-000152,2024-05-08T20:24:23Z,periodic fallback 0001287032-24-000152,False,False,False,complete
2024-03-31,2024Q1,TSLX,1508655,10-Q,0000950170-24-051235,2024-05-01T20:02:40Z,2,0,False,,False,,2024-05-01T20:02:40Z,SOI/periodic acceptance 0000950170-24-051235,2024-05-01T20:02:40Z,periodic fallback 0000950170-24-051235,False,False,False,complete
2024-06-30,2024Q2,ASIF,1918712,10-Q,0001918712-24-000099,2024-08-13T20:18:13Z,2,0,False,,False,,2024-08-13T20:18:13Z,SOI/periodic acceptance 0001918712-24-000099,2024-08-13T20:18:13Z,periodic fallback 0001918712-24-000099,False,False,False,complete
2024-06-30,2024Q2,BCRED,1803498,10-Q,0001803498-24-000044,2024-08-12T21:37:12Z,2,0,False,,False,,2024-08-12T21:37:12Z,SOI/periodic acceptance 0001803498-24-000044,2024-08-12T21:37:12Z,periodic fallback 0001803498-24-000044,False,False,False,complete
2024-06-30,2024Q2,BXSL,1736035,10-Q,0001736035-24-000026,2024-08-07T10:14:18Z,0,0,False,,False,,2024-08-07T10:14:18Z,SOI/periodic acceptance 0001736035-24-000026,2024-08-07T10:14:18Z,periodic fallback 0001736035-24-000026,False,False,False,complete
2024-06-30,2024Q2,FSK,1422183,10-Q,0001628280-24-035234,2024-08-06T20:31:12Z,1,1,False,,False,,2024-08-06T20:31:12Z,SOI/periodic acceptance 0001628280-24-035234,2024-08-06T20:31:12Z,periodic fallback 0001628280-24-035234,False,False,False,complete
2024-06-30,2024Q2,GSBD,1572694,10-Q,0000950170-24-094144,2024-08-08T20:53:57Z,2,1,False,,False,,2024-08-08T20:53:57Z,SOI/periodic acceptance 0000950170-24-094144,2024-08-08T20:53:57Z,periodic fallback 0000950170-24-094144,False,False,False,complete
2024-06-30,2024Q2,HPS,1838126,10-Q,0001838126-24-000061,2024-08-14T18:49:14Z,1,0,False,,False,,2024-08-14T18:49:14Z,SOI/periodic acceptance 0001838126-24-000061,2024-08-14T18:49:14Z,periodic fallback 0001838126-24-000061,False,False,False,complete
2024-06-30,2024Q2,HTGC,1280784,10-Q,0001280784-24-000020,2024-08-01T20:16:37Z,1,1,False,,False,,2024-08-01T20:16:37Z,SOI/periodic acceptance 0001280784-24-000020,2024-08-01T20:16:37Z,periodic fallback 0001280784-24-000020,False,False,False,complete
2024-06-30,2024Q2,OCIC,1812554,10-Q,0001812554-24-000043,2024-08-08T20:14:25Z,5,0,False,,False,,2024-08-08T20:14:25Z,SOI/periodic acceptance 0001812554-24-000043,2024-08-08T20:14:25Z,periodic fallback 0001812554-24-000043,False,False,False,complete
2024-06-30,2024Q2,OCSL,1414932,10-Q,0001414932-24-000012,2024-08-01T00:22:39Z,0,0,False,,False,,2024-08-01T00:22:39Z,SOI/periodic acceptance 0001414932-24-000012,2024-08-01T00:22:39Z,periodic fallback 0001414932-24-000012,False,False,False,complete
2024-06-30,2024Q2,PSEC,1287032,10-K,0001287032-24-000280,2024-08-28T20:43:17Z,2,0,False,,False,,2024-08-28T20:43:17Z,SOI/periodic acceptance 0001287032-24-000280,2024-08-28T20:43:17Z,periodic fallback 0001287032-24-000280,False,False,False,complete
2024-06-30,2024Q2,TSLX,1508655,10-Q,0000950170-24-088524,2024-07-31T20:02:08Z,0,0,False,,False,,2024-07-31T20:02:08Z,SOI/periodic acceptance 0000950170-24-088524,2024-07-31T20:02:08Z,periodic fallback 0000950170-24-088524,False,False,False,complete
2024-09-30,2024Q3,ASIF,1918712,10-Q,0001918712-24-000139,2024-11-08T21:14:55Z,3,0,False,,False,,2024-11-08T21:14:55Z,SOI/periodic acceptance 0001918712-24-000139,2024-11-08T21:14:55Z,periodic fallback 0001918712-24-000139,False,False,False,complete
2024-09-30,2024Q3,BCRED,1803498,10-Q,0001803498-24-000062,2024-11-13T21:41:52Z,2,0,False,,False,,2024-11-13T21:41:52Z,SOI/periodic acceptance 0001803498-24-000062,2024-11-13T21:41:52Z,periodic fallback 0001803498-24-000062,False,False,False,complete
2024-09-30,2024Q3,BXSL,1736035,10-Q,0001736035-24-000035,2024-11-12T11:07:38Z,1,0,False,,False,,2024-11-12T11:07:38Z,SOI/periodic acceptance 0001736035-24-000035,2024-11-12T11:07:38Z,periodic fallback 0001736035-24-000035,False,False,False,complete
2024-09-30,2024Q3,FSK,1422183,10-Q,0001628280-24-045744,2024-11-06T21:26:12Z,1,1,False,,False,,2024-11-06T21:26:12Z,SOI/periodic acceptance 0001628280-24-045744,2024-11-06T21:26:12Z,periodic fallback 0001628280-24-045744,False,False,False,complete
2024-09-30,2024Q3,GSBD,1572694,10-Q,0000950170-24-123412,2024-11-07T21:29:24Z,1,1,False,,False,,2024-11-07T21:29:24Z,SOI/periodic acceptance 0000950170-24-123412,2024-11-07T21:29:24Z,periodic fallback 0000950170-24-123412,False,False,False,complete
2024-09-30,2024Q3,HPS,1838126,10-Q,0001838126-24-000079,2024-11-14T21:54:28Z,3,0,False,,False,,2024-11-14T21:54:28Z,SOI/periodic acceptance 0001838126-24-000079,2024-11-14T21:54:28Z,periodic fallback 0001838126-24-000079,False,False,False,complete
2024-09-30,2024Q3,HTGC,1280784,10-Q,0001280784-24-000026,2024-10-30T20:16:34Z,0,0,False,,False,,2024-10-30T20:16:34Z,SOI/periodic acceptance 0001280784-24-000026,2024-10-30T20:16:34Z,periodic fallback 0001280784-24-000026,False,False,False,complete
2024-09-30,2024Q3,MFIC,1278752,10-Q,0000950170-24-122744,2024-11-07T11:32:53Z,1,0,False,,False,,2024-11-07T11:32:53Z,SOI/periodic acceptance 0000950170-24-122744,2024-11-07T11:32:53Z,periodic fallback 0000950170-24-122744,False,False,False,complete
2024-09-30,2024Q3,OBDC,1655888,10-Q,0001655888-24-000023,2024-11-06T21:06:55Z,1,1,False,,False,,2024-11-06T21:06:55Z,SOI/periodic acceptance 0001655888-24-000023,2024-11-06T21:06:55Z,periodic fallback 0001655888-24-000023,False,False,False,complete
2024-09-30,2024Q3,OCIC,1812554,10-Q,0001812554-24-000062,2024-11-07T21:29:14Z,6,0,False,,False,,2024-11-07T21:29:14Z,SOI/periodic acceptance 0001812554-24-000062,2024-11-07T21:29:14Z,periodic fallback 0001812554-24-000062,False,False,False,complete
2024-09-30,2024Q3,OCSL,1414932,10-K,0001414932-24-000016,2024-11-18T22:46:01Z,0,0,False,,False,,2024-11-18T22:46:01Z,SOI/periodic acceptance 0001414932-24-000016,2024-11-18T22:46:01Z,periodic fallback 0001414932-24-000016,False,False,False,complete
2024-09-30,2024Q3,PSEC,1287032,10-Q,0001287032-24-000408,2024-11-08T12:01:55Z,1,0,False,,False,,2024-11-08T12:01:55Z,SOI/periodic acceptance 0001287032-24-000408,2024-11-08T12:01:55Z,periodic fallback 0001287032-24-000408,False,False,False,complete
2024-09-30,2024Q3,TSLX,1508655,10-Q,0000950170-24-121434,2024-11-05T21:01:59Z,0,0,False,,False,,2024-11-05T21:01:59Z,SOI/periodic acceptance 0000950170-24-121434,2024-11-05T21:01:59Z,periodic fallback 0000950170-24-121434,False,False,False,complete
2024-12-31,2024Q4,ASIF,1918712,10-K,0001918712-25-000014,2025-03-10T20:15:40Z,4,0,False,,False,,2025-03-10T20:15:40Z,SOI/periodic acceptance 0001918712-25-000014,2025-03-10T20:15:40Z,periodic fallback 0001918712-25-000014,False,False,False,complete
2024-12-31,2024Q4,BCRED,1803498,10-K,0001803498-25-000021,2025-03-14T20:14:51Z,7,0,False,,False,,2025-03-14T20:14:51Z,SOI/periodic acceptance 0001803498-25-000021,2025-03-14T20:14:51Z,periodic fallback 0001803498-25-000021,False,False,False,complete
2024-12-31,2024Q4,BXSL,1736035,10-K,0001736035-25-000008,2025-02-26T11:17:47Z,1,0,False,,False,,2025-02-26T11:17:47Z,SOI/periodic acceptance 0001736035-25-000008,2025-02-26T11:17:47Z,periodic fallback 0001736035-25-000008,False,False,False,complete
2024-12-31,2024Q4,FSK,1422183,10-K,0001628280-25-008175,2025-02-26T21:24:01Z,2,1,False,,False,,2025-02-26T21:24:01Z,SOI/periodic acceptance 0001628280-25-008175,2025-02-26T21:24:01Z,periodic fallback 0001628280-25-008175,False,False,False,complete
2024-12-31,2024Q4,GSBD,1572694,10-K,0000950170-25-029231,2025-02-27T22:15:01Z,2,1,False,,False,,2025-02-27T22:15:01Z,SOI/periodic acceptance 0000950170-25-029231,2025-02-27T22:15:01Z,periodic fallback 0000950170-25-029231,False,False,False,complete
2024-12-31,2024Q4,HPS,1838126,10-K,0001838126-25-000017,2025-03-20T01:43:55Z,8,0,False,,False,,2025-03-20T01:43:55Z,SOI/periodic acceptance 0001838126-25-000017,2025-03-20T01:43:55Z,periodic fallback 0001838126-25-000017,False,False,False,complete
2024-12-31,2024Q4,HTGC,1280784,10-K,0001280784-25-000007,2025-02-13T21:16:42Z,1,0,False,,False,,2025-02-13T21:16:42Z,SOI/periodic acceptance 0001280784-25-000007,2025-02-13T21:16:42Z,periodic fallback 0001280784-25-000007,False,False,False,complete
2024-12-31,2024Q4,MFIC,1278752,10-K,0000950170-25-026688,2025-02-25T21:17:32Z,0,0,False,,False,,2025-02-25T21:17:32Z,SOI/periodic acceptance 0000950170-25-026688,2025-02-25T21:17:32Z,periodic fallback 0000950170-25-026688,False,False,False,complete
2024-12-31,2024Q4,OCIC,1812554,10-K,0001812554-25-000009,2025-03-04T22:28:34Z,4,0,False,,False,,2025-03-04T22:28:34Z,SOI/periodic acceptance 0001812554-25-000009,2025-03-04T22:28:34Z,periodic fallback 0001812554-25-000009,False,False,False,complete
2024-12-31,2024Q4,OCSL,1414932,10-Q,0001414932-25-000004,2025-02-03T22:55:35Z,0,0,False,,False,,2025-02-03T22:55:35Z,SOI/periodic acceptance 0001414932-25-000004,2025-02-03T22:55:35Z,periodic fallback 0001414932-25-000004,False,False,False,complete
2024-12-31,2024Q4,PSEC,1287032,10-Q,0001287032-25-000012,2025-02-10T21:02:53Z,1,0,False,,False,,2025-02-10T21:02:53Z,SOI/periodic acceptance 0001287032-25-000012,2025-02-10T21:02:53Z,periodic fallback 0001287032-25-000012,False,False,False,complete
2024-12-31,2024Q4,TSLX,1508655,10-K,0000950170-25-019845,2025-02-13T21:02:10Z,0,0,False,,False,,2025-02-13T21:02:10Z,SOI/periodic acceptance 0000950170-25-019845,2025-02-13T21:02:10Z,periodic fallback 0000950170-25-019845,False,False,False,complete
2025-03-31,2025Q1,ARCC,1287750,10-Q,0001287750-25-000020,2025-04-28T21:50:25Z,2,1,False,,False,,2025-04-28T21:50:25Z,SOI/periodic acceptance 0001287750-25-000020,2025-04-28T21:50:25Z,periodic fallback 0001287750-25-000020,False,False,False,complete
2025-03-31,2025Q1,ASIF,1918712,10-Q,0001918712-25-000030,2025-05-14T20:19:28Z,3,0,False,,False,,2025-05-14T20:19:28Z,SOI/periodic acceptance 0001918712-25-000030,2025-05-14T20:19:28Z,periodic fallback 0001918712-25-000030,False,False,False,complete
2025-03-31,2025Q1,BCRED,1803498,10-Q,0001803498-25-000038,2025-05-12T21:13:49Z,2,0,False,,False,,2025-05-12T21:13:49Z,SOI/periodic acceptance 0001803498-25-000038,2025-05-12T21:13:49Z,periodic fallback 0001803498-25-000038,False,False,False,complete
2025-03-31,2025Q1,BXSL,1736035,10-Q,0001736035-25-000013,2025-05-07T10:02:08Z,0,0,False,,False,,2025-05-07T10:02:08Z,SOI/periodic acceptance 0001736035-25-000013,2025-05-07T10:02:08Z,periodic fallback 0001736035-25-000013,False,False,False,complete
2025-03-31,2025Q1,FSK,1422183,10-Q,0001628280-25-023202,2025-05-07T20:28:15Z,3,1,False,,False,,2025-05-07T20:28:15Z,SOI/periodic acceptance 0001628280-25-023202,2025-05-07T20:28:15Z,periodic fallback 0001628280-25-023202,False,False,False,complete
2025-03-31,2025Q1,GSBD,1572694,10-Q,0000950170-25-067098,2025-05-08T20:38:08Z,1,1,False,,False,,2025-05-08T20:38:08Z,SOI/periodic acceptance 0000950170-25-067098,2025-05-08T20:38:08Z,periodic fallback 0000950170-25-067098,False,False,False,complete
2025-03-31,2025Q1,HPS,1838126,10-Q,0001838126-25-000031,2025-05-15T00:49:18Z,5,0,False,,False,,2025-05-15T00:49:18Z,SOI/periodic acceptance 0001838126-25-000031,2025-05-15T00:49:18Z,periodic fallback 0001838126-25-000031,False,False,False,complete
2025-03-31,2025Q1,HTGC,1280784,10-Q,0001280784-25-000022,2025-05-01T20:16:15Z,0,0,False,,False,,2025-05-01T20:16:15Z,SOI/periodic acceptance 0001280784-25-000022,2025-05-01T20:16:15Z,periodic fallback 0001280784-25-000022,False,False,False,complete
2025-03-31,2025Q1,MFIC,1278752,10-Q,0000950170-25-069131,2025-05-12T20:03:10Z,0,0,False,,False,,2025-05-12T20:03:10Z,SOI/periodic acceptance 0000950170-25-069131,2025-05-12T20:03:10Z,periodic fallback 0000950170-25-069131,False,False,False,complete
2025-03-31,2025Q1,OBDC,1655888,10-Q,0001655888-25-000012,2025-05-07T20:15:44Z,5,1,False,,False,,2025-05-07T20:15:44Z,SOI/periodic acceptance 0001655888-25-000012,2025-05-07T20:15:44Z,periodic fallback 0001655888-25-000012,False,False,False,complete
2025-03-31,2025Q1,OCIC,1812554,10-Q,0001812554-25-000030,2025-05-08T20:57:45Z,5,0,False,,False,,2025-05-08T20:57:45Z,SOI/periodic acceptance 0001812554-25-000030,2025-05-08T20:57:45Z,periodic fallback 0001812554-25-000030,False,False,False,complete
2025-03-31,2025Q1,OCSL,1414932,10-Q,0001414932-25-000010,2025-04-30T21:41:41Z,1,0,False,,False,,2025-04-30T21:41:41Z,SOI/periodic acceptance 0001414932-25-000010,2025-04-30T21:41:41Z,periodic fallback 0001414932-25-000010,False,False,False,complete
2025-03-31,2025Q1,PSEC,1287032,10-Q,0001287032-25-000115,2025-05-08T20:19:42Z,1,1,False,,False,,2025-05-08T20:19:42Z,SOI/periodic acceptance 0001287032-25-000115,2025-05-08T20:19:42Z,periodic fallback 0001287032-25-000115,False,False,False,complete
2025-03-31,2025Q1,TSLX,1508655,10-Q,0000950170-25-061008,2025-04-30T20:01:57Z,0,0,False,,False,,2025-04-30T20:01:57Z,SOI/periodic acceptance 0000950170-25-061008,2025-04-30T20:01:57Z,periodic fallback 0000950170-25-061008,False,False,False,complete
2025-06-30,2025Q2,ASIF,1918712,10-Q,0001918712-25-000065,2025-08-08T20:13:45Z,3,0,False,,False,,2025-08-08T20:13:45Z,SOI/periodic acceptance 0001918712-25-000065,2025-08-08T20:13:45Z,periodic fallback 0001918712-25-000065,False,False,False,complete
2025-06-30,2025Q2,BCRED,1803498,10-Q,0001803498-25-000062,2025-08-12T20:30:23Z,3,0,False,,False,,2025-08-12T20:30:23Z,SOI/periodic acceptance 0001803498-25-000062,2025-08-12T20:30:23Z,periodic fallback 0001803498-25-000062,False,False,False,complete
2025-06-30,2025Q2,BXSL,1736035,10-Q,0001736035-25-000018,2025-08-06T10:09:52Z,1,0,False,,False,,2025-08-06T10:09:52Z,SOI/periodic acceptance 0001736035-25-000018,2025-08-06T10:09:52Z,periodic fallback 0001736035-25-000018,False,False,False,complete
2025-06-30,2025Q2,FSK,1422183,10-Q,0001628280-25-038368,2025-08-06T20:29:09Z,2,1,False,,False,,2025-08-06T20:29:09Z,SOI/periodic acceptance 0001628280-25-038368,2025-08-06T20:29:09Z,periodic fallback 0001628280-25-038368,False,False,False,complete
2025-06-30,2025Q2,GSBD,1572694,10-Q,0000950170-25-105134,2025-08-07T20:40:28Z,2,1,False,,False,,2025-08-07T20:40:28Z,SOI/periodic acceptance 0000950170-25-105134,2025-08-07T20:40:28Z,periodic fallback 0000950170-25-105134,False,False,False,complete
2025-06-30,2025Q2,HPS,1838126,10-Q,0001838126-25-000055,2025-08-13T21:03:05Z,5,1,False,,False,,2025-08-13T21:03:05Z,SOI/periodic acceptance 0001838126-25-000055,2025-08-13T21:03:05Z,periodic fallback 0001838126-25-000055,False,False,False,complete
2025-06-30,2025Q2,HTGC,1280784,10-Q,0001280784-25-000032,2025-07-31T20:17:31Z,0,0,False,,False,,2025-07-31T20:17:31Z,SOI/periodic acceptance 0001280784-25-000032,2025-07-31T20:17:31Z,periodic fallback 0001280784-25-000032,False,False,False,complete
2025-06-30,2025Q2,MFIC,1278752,10-Q,0000950170-25-106526,2025-08-11T20:04:04Z,0,0,False,,False,,2025-08-11T20:04:04Z,SOI/periodic acceptance 0000950170-25-106526,2025-08-11T20:04:04Z,periodic fallback 0000950170-25-106526,False,False,False,complete
2025-06-30,2025Q2,OBDC,1655888,10-Q,0001655888-25-000020,2025-08-06T20:05:51Z,1,1,False,,False,,2025-08-06T20:05:51Z,SOI/periodic acceptance 0001655888-25-000020,2025-08-06T20:05:51Z,periodic fallback 0001655888-25-000020,False,False,False,complete
2025-06-30,2025Q2,OCIC,1812554,10-Q,0001812554-25-000052,2025-08-07T20:11:51Z,3,0,False,,False,,2025-08-07T20:11:51Z,SOI/periodic acceptance 0001812554-25-000052,2025-08-07T20:11:51Z,periodic fallback 0001812554-25-000052,False,False,False,complete
2025-06-30,2025Q2,OCSL,1414932,10-Q,0001414932-25-000016,2025-08-04T21:51:02Z,0,0,False,,False,,2025-08-04T21:51:02Z,SOI/periodic acceptance 0001414932-25-000016,2025-08-04T21:51:02Z,periodic fallback 0001414932-25-000016,False,False,False,complete
2025-06-30,2025Q2,PSEC,1287032,10-K,0001287032-25-000232,2025-08-26T21:25:29Z,0,0,False,,False,,2025-08-26T21:25:29Z,SOI/periodic acceptance 0001287032-25-000232,2025-08-26T21:25:29Z,periodic fallback 0001287032-25-000232,False,False,False,complete
2025-06-30,2025Q2,TSLX,1508655,10-Q,0000950170-25-100204,2025-07-30T20:01:53Z,1,0,False,,False,,2025-07-30T20:01:53Z,SOI/periodic acceptance 0000950170-25-100204,2025-07-30T20:01:53Z,periodic fallback 0000950170-25-100204,False,False,False,complete
2025-09-30,2025Q3,ASIF,1918712,10-Q,0001918712-25-000092,2025-11-14T21:21:34Z,2,0,False,,False,,2025-11-14T21:21:34Z,SOI/periodic acceptance 0001918712-25-000092,2025-11-14T21:21:34Z,periodic fallback 0001918712-25-000092,False,False,False,complete
2025-09-30,2025Q3,BCRED,1803498,10-Q,0001803498-25-000081,2025-11-13T21:37:02Z,2,0,False,,False,,2025-11-13T21:37:02Z,SOI/periodic acceptance 0001803498-25-000081,2025-11-13T21:37:02Z,periodic fallback 0001803498-25-000081,False,False,False,complete
2025-09-30,2025Q3,BXSL,1736035,10-Q,0001736035-25-000021,2025-11-10T11:10:01Z,1,0,False,,False,,2025-11-10T11:10:01Z,SOI/periodic acceptance 0001736035-25-000021,2025-11-10T11:10:01Z,periodic fallback 0001736035-25-000021,False,False,False,complete
2025-09-30,2025Q3,CGBD,1544206,10-Q,0001544206-25-000077,2025-11-04T21:02:18Z,5,2,False,,False,,2025-11-04T21:02:18Z,SOI/periodic acceptance 0001544206-25-000077,2025-11-04T21:02:18Z,periodic fallback 0001544206-25-000077,False,False,False,complete
2025-09-30,2025Q3,GSBD,1572694,10-Q,0001193125-25-269840,2025-11-06T21:47:26Z,1,1,False,,False,,2025-11-06T21:47:26Z,SOI/periodic acceptance 0001193125-25-269840,2025-11-06T21:47:26Z,periodic fallback 0001193125-25-269840,False,False,False,complete
2025-09-30,2025Q3,HPS,1838126,10-Q,0001838126-25-000073,2025-11-14T18:58:29Z,5,0,False,,False,,2025-11-14T18:58:29Z,SOI/periodic acceptance 0001838126-25-000073,2025-11-14T18:58:29Z,periodic fallback 0001838126-25-000073,False,False,False,complete
2025-09-30,2025Q3,HTGC,1280784,10-Q,0001280784-25-000041,2025-10-30T20:17:32Z,0,0,False,,False,,2025-10-30T20:17:32Z,SOI/periodic acceptance 0001280784-25-000041,2025-10-30T20:17:32Z,periodic fallback 0001280784-25-000041,False,False,False,complete
2025-09-30,2025Q3,MFIC,1278752,10-Q,0001193125-25-269512,2025-11-06T21:12:39Z,2,1,False,,False,,2025-11-06T21:12:39Z,SOI/periodic acceptance 0001193125-25-269512,2025-11-06T21:12:39Z,periodic fallback 0001193125-25-269512,False,False,False,complete
2025-09-30,2025Q3,OBDC,1655888,10-Q,0001655888-25-000024,2025-11-05T21:36:07Z,1,1,False,,False,,2025-11-05T21:36:07Z,SOI/periodic acceptance 0001655888-25-000024,2025-11-05T21:36:07Z,periodic fallback 0001655888-25-000024,False,False,False,complete
2025-09-30,2025Q3,OCIC,1812554,10-Q,0001812554-25-000081,2025-11-06T21:04:34Z,2,0,False,,False,,2025-11-06T21:04:34Z,SOI/periodic acceptance 0001812554-25-000081,2025-11-06T21:04:34Z,periodic fallback 0001812554-25-000081,False,False,False,complete
2025-09-30,2025Q3,OCSL,1414932,10-K,0001414932-25-000022,2025-11-17T23:00:27Z,1,0,False,,False,,2025-11-17T23:00:27Z,SOI/periodic acceptance 0001414932-25-000022,2025-11-17T23:00:27Z,periodic fallback 0001414932-25-000022,False,False,False,complete
2025-09-30,2025Q3,PSEC,1287032,10-Q,0001287032-25-000339,2025-11-06T21:18:21Z,2,1,False,,False,,2025-11-06T21:18:21Z,SOI/periodic acceptance 0001287032-25-000339,2025-11-06T21:18:21Z,periodic fallback 0001287032-25-000339,False,False,False,complete
2025-09-30,2025Q3,TSLX,1508655,10-Q,0001193125-25-264618,2025-11-04T21:02:36Z,0,0,False,,False,,2025-11-04T21:02:36Z,SOI/periodic acceptance 0001193125-25-264618,2025-11-04T21:02:36Z,periodic fallback 0001193125-25-264618,False,False,False,complete
