report_period_end,report_period_label,ticker,cik,listed_status,form,accession,acceptance_timestamp_utc,acceptance_timestamp_et,market_session,event_type,exhibit_url,periodic_filing_accession,periodic_filing_url,verification_status,verification_evidence,exclusion_reason,days_after_period_end,candidate_search_window_days
2023-12-31,2023Q4,GBDC,1476765,listed,8-K,0001476765-24-000005,2024-01-17T13:44:44.000Z,2024-01-17T08:44:44-05:00,pre-market,8-K_ITEM_2.02_RESULTS,https://www.sec.gov/Archives/edgar/data/1476765/000147676524000005/gbdcfy2024q1earningspre-re.htm,0001476765-24-000016,https://www.sec.gov/Archives/edgar/data/1476765/000147676524000016/gbdc-20231231.htm,verified_exhibit_content,verified EX-99 results/NAV metrics; exact period-end date 2023-12-31 found in exhibit,0001476765-24-000022: scheduling announcement; future results date only | 0001104659-24-004323: no exact period evidence for 2023-12-31 in exhibit | 0001476765-24-000002: scheduling announcement; future results date only,17,0-120
2023-12-31,2023Q4,MAIN,1396440,listed,8-K,0001396440-24-000042,2024-01-17T13:50:05.000Z,2024-01-17T08:50:05-05:00,pre-market,8-K_ITEM_2.02_RESULTS,https://www.sec.gov/Archives/edgar/data/1396440/000139644024000042/main-2024117xexx991.htm,0001396440-24-000055,https://www.sec.gov/Archives/edgar/data/1396440/000139644024000055/main-20231231.htm,verified_exhibit_content,verified EX-99 results/NAV metrics; exact period-end date 2023-12-31 found in exhibit,0001396440-24-000065: Item 2.02 exhibit lacks verified quarterly results/NAV metrics | 0001396440-24-000038: Item 2.02 exhibit lacks verified quarterly results/NAV metrics,17,0-120
2023-12-31,2023Q4,NMFC,1496099,listed,8-K,0001104659-24-004666,2024-01-18T12:08:08.000Z,2024-01-18T07:08:08-05:00,pre-market,8-K_ITEM_2.02_RESULTS,https://www.sec.gov/Archives/edgar/data/1496099/000110465924004666/tm243476d1_ex99-1.htm,0001496099-24-000012,https://www.sec.gov/Archives/edgar/data/1496099/000149609924000012/nmfc-20231231.htm,verified_exhibit_content,verified EX-99 results/NAV metrics; exact period-end date 2023-12-31 found in exhibit,,18,0-120
2023-12-31,2023Q4,BBDC,1379785,listed,8-K,0001379785-24-000003,2024-01-25T21:15:33.000Z,2024-01-25T16:15:33-05:00,after-market,8-K_ITEM_2.02_RESULTS,https://www.sec.gov/Archives/edgar/data/1379785/000137978524000003/exhibit99120240125prelimea.htm,0001379785-24-000015,https://www.sec.gov/Archives/edgar/data/1379785/000137978524000015/bbdc-20231231.htm,verified_exhibit_content,verified EX-99 results/NAV metrics; exact period-end date 2023-12-31 found in exhibit,,25,0-120
2023-12-31,2023Q4,OCSL,1414932,listed,10-Q,0001414932-24-000004,2024-01-31T22:57:51.000Z,2024-01-31T17:57:51-05:00,after-market,10-Q,,0001414932-24-000004,https://www.sec.gov/Archives/edgar/data/1414932/000141493224000004/ocsl-20231231.htm,verified_periodic_filing_fallback,10-Q reportDate exactly equals 2023-12-31,,31,0-120
2023-12-31,2023Q4,ARCC,1287750,listed,8-K,0001287750-24-000009,2024-02-06T21:39:26.000Z,2024-02-06T16:39:26-05:00,after-market,8-K_ITEM_2.02_RESULTS,https://www.sec.gov/Archives/edgar/data/1287750/000128775024000009/arccq4-23exhibit991.htm,0001287750-24-000011,https://www.sec.gov/Archives/edgar/data/1287750/000128775024000011/arcc-20231231.htm,verified_exhibit_content,verified EX-99 results/NAV metrics; exact period-end date 2023-12-31 found in exhibit,,37,0-120
2023-12-31,2023Q4,PSEC,1287032,listed,10-Q,0001287032-24-000043,2024-02-08T21:32:02.000Z,2024-02-08T16:32:02-05:00,after-market,10-Q,,0001287032-24-000043,https://www.sec.gov/Archives/edgar/data/1287032/000128703224000043/psec-20231231.htm,verified_periodic_filing_fallback,10-Q reportDate exactly equals 2023-12-31,0001287032-24-000029: 8-K has no EX-99 exhibit,39,0-120
2023-12-31,2023Q4,TSLX,1508655,listed,8-K,0000950170-24-015849,2024-02-15T21:02:10.000Z,2024-02-15T16:02:10-05:00,after-market,8-K_ITEM_2.02_RESULTS,https://www.sec.gov/Archives/edgar/data/1508655/000095017024015849/tslx-ex99_1.htm,0000950170-24-015845,https://www.sec.gov/Archives/edgar/data/1508655/000095017024015845/tslx-20231231.htm,verified_exhibit_content,verified EX-99 results/NAV metrics; exact period-end date 2023-12-31 found in exhibit,,46,0-120
2023-12-31,2023Q4,HTGC,1280784,listed,10-K,0001280784-24-000007,2024-02-15T21:17:43.000Z,2024-02-15T16:17:43-05:00,after-market,10-K,,0001280784-24-000007,https://www.sec.gov/Archives/edgar/data/1280784/000128078424000007/htgc-20231231.htm,verified_periodic_filing_fallback,10-K reportDate exactly equals 2023-12-31,,46,0-120
2023-12-31,2023Q4,OBDC,1655888,listed,10-K,0001655888-24-000008,2024-02-21T21:56:10.000Z,2024-02-21T16:56:10-05:00,after-market,10-K,,0001655888-24-000008,https://www.sec.gov/Archives/edgar/data/1655888/000165588824000008/obdc-20231231.htm,verified_periodic_filing_fallback,10-K reportDate exactly equals 2023-12-31,0001193125-24-089048: scheduling announcement; future results date only | 0001193125-24-006860: scheduling announcement; future results date only,52,0-120
2023-12-31,2023Q4,MFIC,1278752,listed,10-K,0000950170-24-020118,2024-02-26T21:03:00.000Z,2024-02-26T16:03:00-05:00,after-market,10-K,,0000950170-24-020118,https://www.sec.gov/Archives/edgar/data/1278752/000095017024020118/mfic-20231231.htm,verified_periodic_filing_fallback,10-K reportDate exactly equals 2023-12-31,,57,0-120
2023-12-31,2023Q4,FSK,1422183,listed,8-K,0001193125-24-046233,2024-02-26T21:26:34.000Z,2024-02-26T16:26:34-05:00,after-market,8-K_ITEM_2.02_RESULTS,https://www.sec.gov/Archives/edgar/data/1422183/000119312524046233/d749070dex991.htm,0001628280-24-006912,https://www.sec.gov/Archives/edgar/data/1422183/000162828024006912/fsk-20231231.htm,verified_exhibit_content,verified EX-99 results/NAV metrics; exact period-end date 2023-12-31 found in exhibit,0001104659-24-047799: Item 2.02 exhibit lacks verified quarterly results/NAV metrics | 0001104659-24-028743: 8-K has no EX-99 exhibit | 0001104659-24-006269: Item 2.02 exhibit lacks verified quarterly results/NAV metrics,57,0-120
2023-12-31,2023Q4,CGBD,1544206,listed,8-K,0001544206-24-000013,2024-02-26T22:05:33.000Z,2024-02-26T17:05:33-05:00,after-market,8-K_ITEM_2.02_RESULTS,https://www.sec.gov/Archives/edgar/data/1544206/000154420624000013/csli_20231231xxex991earnin.htm,0001544206-24-000012,https://www.sec.gov/Archives/edgar/data/1544206/000154420624000012/csl-20231231.htm,verified_exhibit_content,verified EX-99 results/NAV metrics; exact period-end date 2023-12-31 found in exhibit,0001544206-24-000018: scheduling announcement; future results date only | 0001544206-24-000002: Item 2.02 exhibit lacks verified quarterly results/NAV metrics,57,0-120
2023-12-31,2023Q4,BXSL,1736035,listed,10-K,0001736035-24-000006,2024-02-28T11:46:55.000Z,2024-02-28T06:46:55-05:00,pre-market,10-K,,0001736035-24-000006,https://www.sec.gov/Archives/edgar/data/1736035/000173603524000006/bxsl-20231231.htm,verified_periodic_filing_fallback,10-K reportDate exactly equals 2023-12-31,,59,0-120
2023-12-31,2023Q4,GSBD,1572694,listed,10-K,0000950170-24-022198,2024-02-28T21:51:23.000Z,2024-02-28T16:51:23-05:00,after-market,10-K,,0000950170-24-022198,https://www.sec.gov/Archives/edgar/data/1572694/000095017024022198/gsbd-20231231.htm,verified_periodic_filing_fallback,10-K reportDate exactly equals 2023-12-31,0001193125-24-091933: scheduling announcement; future results date only | 0001193125-24-009331: scheduling announcement; future results date only,59,0-120
2023-12-31,2023Q4,OCIC,1812554,non-listed,10-K,0001812554-24-000014,2024-03-06T23:11:46.000Z,2024-03-06T18:11:46-05:00,after-market,10-K,,0001812554-24-000014,https://www.sec.gov/Archives/edgar/data/1812554/000181255424000014/orcic-20231231.htm,verified_periodic_filing_fallback,10-K reportDate exactly equals 2023-12-31,,66,0-120
2023-12-31,2023Q4,ASIF,1918712,non-listed,10-K,0001918712-24-000048,2024-03-14T20:20:10.000Z,2024-03-14T16:20:10-04:00,after-market,10-K,,0001918712-24-000048,https://www.sec.gov/Archives/edgar/data/1918712/000191871224000048/asif-20231231.htm,verified_periodic_filing_fallback,10-K reportDate exactly equals 2023-12-31,,74,0-120
2023-12-31,2023Q4,BCRED,1803498,non-listed,10-K,0001803498-24-000007,2024-03-15T20:48:15.000Z,2024-03-15T16:48:15-04:00,after-market,10-K,,0001803498-24-000007,https://www.sec.gov/Archives/edgar/data/1803498/000180349824000007/bcred-20231231.htm,verified_periodic_filing_fallback,10-K reportDate exactly equals 2023-12-31,0001193125-24-118496: 8-K has no EX-99 exhibit | 0001803498-24-000017: 8-K has no EX-99 exhibit | 0001803498-24-000013: 8-K has no EX-99 exhibit | 0001193125-24-043597: 8-K has no EX-99 exhibit | 0001193125-24-017369: 8-K has no EX-99 exhibit | 0001193125-24-014869: 8-K has no EX-99 exhibit,75,0-120
2023-12-31,2023Q4,HPS,1838126,non-listed,10-K,0001838126-24-000022,2024-03-21T21:27:34.000Z,2024-03-21T17:27:34-04:00,after-market,10-K,,0001838126-24-000022,https://www.sec.gov/Archives/edgar/data/1838126/000183812624000022/hps-20231231.htm,verified_periodic_filing_fallback,10-K reportDate exactly equals 2023-12-31,0001838126-24-000028: 8-K has no EX-99 exhibit | 0001838126-24-000025: 8-K has no EX-99 exhibit | 0001838126-24-000016: 8-K has no EX-99 exhibit | 0001838126-24-000005: 8-K has no EX-99 exhibit | 0001838126-24-000003: 8-K has no EX-99 exhibit,81,0-120
2024-03-31,2024Q1,MAIN,1396440,listed,8-K,0001396440-24-000068,2024-04-16T13:21:05.000Z,2024-04-16T09:21:05-04:00,pre-market,8-K_ITEM_2.02_RESULTS,https://www.sec.gov/Archives/edgar/data/1396440/000139644024000068/main-2024416xexx991.htm,0001396440-24-000082,https://www.sec.gov/Archives/edgar/data/1396440/000139644024000082/main-20240331.htm,verified_exhibit_content,verified EX-99 results/NAV metrics; exact period-end date 2024-03-31 found in exhibit,0001396440-24-000137: Item 2.02 exhibit lacks verified quarterly results/NAV metrics | 0001396440-24-000130: Item 2.02 exhibit lacks verified quarterly results/NAV metrics | 0001396440-24-000122: 8-K has no EX-99 exhibit | 0001396440-24-000065: Item 2.02 exhibit lacks verified quarterly results/NAV metrics,16,0-120
2024-03-31,2024Q1,GBDC,1476765,listed,8-K,0001476765-24-000025,2024-04-22T11:07:54.000Z,2024-04-22T07:07:54-04:00,pre-market,8-K_ITEM_2.02_RESULTS,https://www.sec.gov/Archives/edgar/data/1476765/000147676524000025/gbdcfy2024q2earningspre-.htm,0001476765-24-000036,https://www.sec.gov/Archives/edgar/data/1476765/000147676524000036/gbdc-20240331.htm,verified_exhibit_content,verified EX-99 results/NAV metrics; exact period-end date 2024-03-31 found in exhibit,0001476765-24-000064: scheduling announcement; future results date only | 0001476765-24-000045: Item 2.02 exhibit lacks verified quarterly results/NAV metrics | 0001476765-24-000022: scheduling announcement; future results date only,22,0-120
2024-03-31,2024Q1,OCSL,1414932,listed,10-Q,0001414932-24-000008,2024-04-29T22:41:19.000Z,2024-04-29T18:41:19-04:00,after-market,10-Q,,0001414932-24-000008,https://www.sec.gov/Archives/edgar/data/1414932/000141493224000008/ocsl-20240331.htm,verified_periodic_filing_fallback,10-Q reportDate exactly equals 2024-03-31,,29,0-120
2024-03-31,2024Q1,ARCC,1287750,listed,8-K,0001287750-24-000026,2024-04-30T21:30:34.000Z,2024-04-30T17:30:34-04:00,after-market,8-K_ITEM_2.02_RESULTS,https://www.sec.gov/Archives/edgar/data/1287750/000128775024000026/arccq1-24exhibit991.htm,0001287750-24-000028,https://www.sec.gov/Archives/edgar/data/1287750/000128775024000028/arcc-20240331.htm,verified_exhibit_content,verified EX-99 results/NAV metrics; exact period-end date 2024-03-31 found in exhibit,0001287750-24-000037: no exact period evidence for 2024-03-31 in exhibit | 0001287750-24-000032: 8-K has no EX-99 exhibit,30,0-120
2024-03-31,2024Q1,TSLX,1508655,listed,10-Q,0000950170-24-051235,2024-05-01T20:02:40.000Z,2024-05-01T16:02:40-04:00,after-market,10-Q,,0000950170-24-051235,https://www.sec.gov/Archives/edgar/data/1508655/000095017024051235/tslx-20240331.htm,verified_periodic_filing_fallback,10-Q reportDate exactly equals 2024-03-31,,31,0-120
2024-03-31,2024Q1,NMFC,1496099,listed,8-K,0001496099-24-000021,2024-05-01T21:02:05.000Z,2024-05-01T17:02:05-04:00,after-market,8-K_ITEM_2.02_RESULTS,https://www.sec.gov/Archives/edgar/data/1496099/000149609924000021/nmfcearningspressreleaseq1.htm,0001496099-24-000023,https://www.sec.gov/Archives/edgar/data/1496099/000149609924000023/nmfc-20240331.htm,verified_exhibit_content,verified EX-99 results/NAV metrics; exact period-end date 2024-03-31 found in exhibit,,31,0-120
2024-03-31,2024Q1,HTGC,1280784,listed,10-Q,0001280784-24-000014,2024-05-02T20:17:13.000Z,2024-05-02T16:17:13-04:00,after-market,10-Q,,0001280784-24-000014,https://www.sec.gov/Archives/edgar/data/1280784/000128078424000014/htgc-20240331.htm,verified_periodic_filing_fallback,10-Q reportDate exactly equals 2024-03-31,,32,0-120
2024-03-31,2024Q1,MFIC,1278752,listed,10-Q,0000950170-24-054445,2024-05-07T20:03:28.000Z,2024-05-07T16:03:28-04:00,after-market,10-Q,,0000950170-24-054445,https://www.sec.gov/Archives/edgar/data/1278752/000095017024054445/mfic-20240331.htm,verified_periodic_filing_fallback,10-Q reportDate exactly equals 2024-03-31,0001193125-24-182213: no exact period evidence for 2024-03-31 in exhibit | 0001193125-24-178055: Item 2.02 exhibit lacks verified quarterly results/NAV metrics,37,0-120
2024-03-31,2024Q1,BBDC,1379785,listed,8-K,0001379785-24-000042,2024-05-07T20:15:30.000Z,2024-05-07T16:15:30-04:00,after-market,8-K_ITEM_2.02_RESULTS,https://www.sec.gov/Archives/edgar/data/1379785/000137978524000042/exhibit99120240507earnings.htm,0001379785-24-000043,https://www.sec.gov/Archives/edgar/data/1379785/000137978524000043/bbdc-20240331.htm,verified_exhibit_content,verified EX-99 results/NAV metrics; exact period-end date 2024-03-31 found in exhibit,,37,0-120
2024-03-31,2024Q1,GSBD,1572694,listed,10-Q,0000950170-24-054635,2024-05-07T20:40:50.000Z,2024-05-07T16:40:50-04:00,after-market,10-Q,,0000950170-24-054635,https://www.sec.gov/Archives/edgar/data/1572694/000095017024054635/gsbd-20240331.htm,verified_periodic_filing_fallback,10-Q reportDate exactly equals 2024-03-31,0001193125-24-176757: scheduling announcement; future results date only | 0001193125-24-091933: scheduling announcement; future results date only,37,0-120
2024-03-31,2024Q1,CGBD,1544206,listed,10-Q,0001544206-24-000036,2024-05-07T21:19:25.000Z,2024-05-07T17:19:25-04:00,after-market,10-Q,,0001544206-24-000036,https://www.sec.gov/Archives/edgar/data/1544206/000154420624000036/csl-20240331.htm,verified_periodic_filing_fallback,10-Q reportDate exactly equals 2024-03-31,0001544206-24-000051: scheduling announcement; future results date only | 0001544206-24-000018: scheduling announcement; future results date only,37,0-120
2024-03-31,2024Q1,BXSL,1736035,listed,10-Q,0001736035-24-000017,2024-05-08T10:18:09.000Z,2024-05-08T06:18:09-04:00,pre-market,10-Q,,0001736035-24-000017,https://www.sec.gov/Archives/edgar/data/1736035/000173603524000017/bxsl-20240331.htm,verified_periodic_filing_fallback,10-Q reportDate exactly equals 2024-03-31,,38,0-120
2024-03-31,2024Q1,OBDC,1655888,listed,10-Q,0001655888-24-000014,2024-05-08T20:11:16.000Z,2024-05-08T16:11:16-04:00,after-market,10-Q,,0001655888-24-000014,https://www.sec.gov/Archives/edgar/data/1655888/000165588824000014/obdc-20240331.htm,verified_periodic_filing_fallback,10-Q reportDate exactly equals 2024-03-31,0001193125-24-174621: scheduling announcement; future results date only | 0001193125-24-089048: scheduling announcement; future results date only,38,0-120
2024-03-31,2024Q1,PSEC,1287032,listed,10-Q,0001287032-24-000152,2024-05-08T20:24:23.000Z,2024-05-08T16:24:23-04:00,after-market,10-Q,,0001287032-24-000152,https://www.sec.gov/Archives/edgar/data/1287032/000128703224000152/psec-20240331.htm,verified_periodic_filing_fallback,10-Q reportDate exactly equals 2024-03-31,,38,0-120
2024-03-31,2024Q1,FSK,1422183,listed,8-K,0001193125-24-134259,2024-05-08T20:30:36.000Z,2024-05-08T16:30:36-04:00,after-market,8-K_ITEM_2.02_RESULTS,https://www.sec.gov/Archives/edgar/data/1422183/000119312524134259/d806549dex991.htm,0001628280-24-021724,https://www.sec.gov/Archives/edgar/data/1422183/000162828024021724/fsk-20240331.htm,verified_exhibit_content,verified EX-99 results/NAV metrics; exact period-end date 2024-03-31 found in exhibit,0001104659-24-079869: Item 2.02 exhibit lacks verified quarterly results/NAV metrics | 0001193125-24-156137: Item 2.02 exhibit lacks verified quarterly results/NAV metrics | 0001193125-24-151118: Item 2.02 exhibit lacks verified quarterly results/NAV metrics | 0001104659-24-061160: 8-K has no EX-99 exhibit | 0001104659-24-047799: Item 2.02 exhibit lacks verified quarterly results/NAV metrics,38,0-120
2024-03-31,2024Q1,OCIC,1812554,non-listed,10-Q,0001812554-24-000027,2024-05-09T20:47:50.000Z,2024-05-09T16:47:50-04:00,after-market,10-Q,,0001812554-24-000027,https://www.sec.gov/Archives/edgar/data/1812554/000181255424000027/orcic-20240331.htm,verified_periodic_filing_fallback,10-Q reportDate exactly equals 2024-03-31,,39,0-120
2024-03-31,2024Q1,ASIF,1918712,non-listed,10-Q,0001918712-24-000069,2024-05-10T20:12:11.000Z,2024-05-10T16:12:11-04:00,after-market,10-Q,,0001918712-24-000069,https://www.sec.gov/Archives/edgar/data/1918712/000191871224000069/asif-20240331.htm,verified_periodic_filing_fallback,10-Q reportDate exactly equals 2024-03-31,,40,0-120
2024-03-31,2024Q1,BCRED,1803498,non-listed,10-Q,0001803498-24-000022,2024-05-13T21:08:19.000Z,2024-05-13T17:08:19-04:00,after-market,10-Q,,0001803498-24-000022,https://www.sec.gov/Archives/edgar/data/1803498/000180349824000022/bcred-20240331.htm,verified_periodic_filing_fallback,10-Q reportDate exactly equals 2024-03-31,0001803498-24-000036: 8-K has no EX-99 exhibit | 0001803498-24-000033: 8-K has no EX-99 exhibit | 0001803498-24-000030: 8-K has no EX-99 exhibit | 0001803498-24-000026: 8-K has no EX-99 exhibit | 0001193125-24-118496: 8-K has no EX-99 exhibit | 0001803498-24-000017: 8-K has no EX-99 exhibit,43,0-120
2024-03-31,2024Q1,HPS,1838126,non-listed,10-Q,0001838126-24-000038,2024-05-15T18:53:09.000Z,2024-05-15T14:53:09-04:00,market-hours,10-Q,,0001838126-24-000038,https://www.sec.gov/Archives/edgar/data/1838126/000183812624000038/hps-20240331.htm,verified_periodic_filing_fallback,10-Q reportDate exactly equals 2024-03-31,0001838126-24-000051: 8-K has no EX-99 exhibit | 0001838126-24-000048: 8-K has no EX-99 exhibit | 0001838126-24-000045: 8-K has no EX-99 exhibit | 0001838126-24-000028: 8-K has no EX-99 exhibit,45,0-120
2024-06-30,2024Q2,MAIN,1396440,listed,8-K,0001396440-24-000132,2024-07-16T13:19:23.000Z,2024-07-16T09:19:23-04:00,pre-market,8-K_ITEM_2.02_RESULTS,https://www.sec.gov/Archives/edgar/data/1396440/000139644024000132/main-2024716xexx991.htm,0001396440-24-000154,https://www.sec.gov/Archives/edgar/data/1396440/000139644024000154/main-20240630.htm,verified_exhibit_content,verified EX-99 results/NAV metrics; exact period-end date 2024-06-30 found in exhibit,0001396440-24-000214: Item 2.02 exhibit lacks verified quarterly results/NAV metrics | 0001396440-24-000163: Item 2.02 exhibit lacks verified quarterly results/NAV metrics | 0001396440-24-000137: Item 2.02 exhibit lacks verified quarterly results/NAV metrics | 0001396440-24-000130: Item 2.02 exhibit lacks verified quarterly results/NAV metrics,16,0-120
2024-06-30,2024Q2,MFIC,1278752,listed,8-K,0001193125-24-182213,2024-07-22T20:06:03.000Z,2024-07-22T16:06:03-04:00,after-market,8-K_EX-99_NAV,https://www.sec.gov/Archives/edgar/data/1278752/000119312524182213/d871191dex991.htm,0000950170-24-092876,https://www.sec.gov/Archives/edgar/data/1278752/000095017024092876/mfic-20240630.htm,verified_exhibit_content,verified EX-99 results/NAV metrics; exact period-end date 2024-06-30 found in exhibit,0001193125-24-178055: Item 2.02 exhibit lacks verified quarterly results/NAV metrics,22,0-120
2024-06-30,2024Q2,ARCC,1287750,listed,8-K,0001287750-24-000037,2024-07-29T20:56:19.000Z,2024-07-29T16:56:19-04:00,after-market,8-K_ITEM_2.02_RESULTS,https://www.sec.gov/Archives/edgar/data/1287750/000128775024000037/arccq2-24exhibit991.htm,0001287750-24-000039,https://www.sec.gov/Archives/edgar/data/1287750/000128775024000039/arcc-20240630.htm,verified_exhibit_content,verified EX-99 results/NAV metrics; exact period-end date 2024-06-30 found in exhibit,,29,0-120
2024-06-30,2024Q2,TSLX,1508655,listed,10-Q,0000950170-24-088524,2024-07-31T20:02:08.000Z,2024-07-31T16:02:08-04:00,after-market,10-Q,,0000950170-24-088524,https://www.sec.gov/Archives/edgar/data/1508655/000095017024088524/tslx-20240630.htm,verified_periodic_filing_fallback,10-Q reportDate exactly equals 2024-06-30,,31,0-120
2024-06-30,2024Q2,NMFC,1496099,listed,8-K,0001496099-24-000032,2024-07-31T21:02:57.000Z,2024-07-31T17:02:57-04:00,after-market,8-K_ITEM_2.02_RESULTS,https://www.sec.gov/Archives/edgar/data/1496099/000149609924000032/nmfcearningspressreleaseq2.htm,0001496099-24-000034,https://www.sec.gov/Archives/edgar/data/1496099/000149609924000034/nmfc-20240630.htm,verified_exhibit_content,verified EX-99 results/NAV metrics; exact period-end date 2024-06-30 found in exhibit,,31,0-120
2024-06-30,2024Q2,OCSL,1414932,listed,10-Q,0001414932-24-000012,2024-08-01T00:22:39.000Z,2024-07-31T20:22:39-04:00,after-market,10-Q,,0001414932-24-000012,https://www.sec.gov/Archives/edgar/data/1414932/000141493224000012/ocsl-20240630.htm,verified_periodic_filing_fallback,10-Q reportDate exactly equals 2024-06-30,,32,0-120
2024-06-30,2024Q2,HTGC,1280784,listed,10-Q,0001280784-24-000020,2024-08-01T20:16:37.000Z,2024-08-01T16:16:37-04:00,after-market,10-Q,,0001280784-24-000020,https://www.sec.gov/Archives/edgar/data/1280784/000128078424000020/htgc-20240630.htm,verified_periodic_filing_fallback,10-Q reportDate exactly equals 2024-06-30,,32,0-120
2024-06-30,2024Q2,CGBD,1544206,listed,8-K,0001193125-24-193292,2024-08-05T10:04:42.000Z,2024-08-05T06:04:42-04:00,pre-market,8-K_ITEM_2.02_RESULTS,https://www.sec.gov/Archives/edgar/data/1544206/000119312524193292/d878745dex991.htm,0001544206-24-000054,https://www.sec.gov/Archives/edgar/data/1544206/000154420624000054/csl-20240630.htm,verified_exhibit_content,verified EX-99 results/NAV metrics; exact period-end date 2024-06-30 found in exhibit,0001544206-24-000060: scheduling announcement; future results date only | 0001544206-24-000051: scheduling announcement; future results date only,36,0-120
2024-06-30,2024Q2,GBDC,1476765,listed,8-K,0001476765-24-000072,2024-08-05T20:02:23.000Z,2024-08-05T16:02:23-04:00,after-market,8-K_ITEM_2.02_RESULTS,https://www.sec.gov/Archives/edgar/data/1476765/000147676524000072/gbdcfy2024q3earningsprxex.htm,0001476765-24-000074,https://www.sec.gov/Archives/edgar/data/1476765/000147676524000074/gbdc-20240630.htm,verified_exhibit_content,verified EX-99 results/NAV metrics; exact period-end date 2024-06-30 found in exhibit,0001476765-24-000122: scheduling announcement; future results date only | 0001476765-24-000064: scheduling announcement; future results date only,36,0-120
2024-06-30,2024Q2,FSK,1422183,listed,10-Q,0001628280-24-035234,2024-08-06T20:31:12.000Z,2024-08-06T16:31:12-04:00,after-market,10-Q,,0001628280-24-035234,https://www.sec.gov/Archives/edgar/data/1422183/000162828024035234/fsk-20240630.htm,verified_periodic_filing_fallback,10-Q reportDate exactly equals 2024-06-30,0001104659-24-107354: Item 2.02 exhibit lacks verified quarterly results/NAV metrics | 0001104659-24-088104: 8-K has no EX-99 exhibit | 0001104659-24-079869: Item 2.02 exhibit lacks verified quarterly results/NAV metrics,37,0-120
2024-06-30,2024Q2,BXSL,1736035,listed,10-Q,0001736035-24-000026,2024-08-07T10:14:18.000Z,2024-08-07T06:14:18-04:00,pre-market,10-Q,,0001736035-24-000026,https://www.sec.gov/Archives/edgar/data/1736035/000173603524000026/bxsl-20240630.htm,verified_periodic_filing_fallback,10-Q reportDate exactly equals 2024-06-30,,38,0-120
2024-06-30,2024Q2,BBDC,1379785,listed,8-K,0001379785-24-000054,2024-08-07T20:15:15.000Z,2024-08-07T16:15:15-04:00,after-market,8-K_ITEM_2.02_RESULTS,https://www.sec.gov/Archives/edgar/data/1379785/000137978524000054/exhibit99120240807earnings.htm,0001379785-24-000055,https://www.sec.gov/Archives/edgar/data/1379785/000137978524000055/bbdc-20240630.htm,verified_exhibit_content,verified EX-99 results/NAV metrics; exact period-end date 2024-06-30 found in exhibit,,38,0-120
2024-06-30,2024Q2,OBDC,1655888,listed,8-K,0001193125-24-195906,2024-08-07T20:16:31.000Z,2024-08-07T16:16:31-04:00,after-market,8-K_EX-99_RESULTS,https://www.sec.gov/Archives/edgar/data/1655888/000119312524195906/d857906dex991.htm,0001655888-24-000019,https://www.sec.gov/Archives/edgar/data/1655888/000165588824000019/obdc-20240630.htm,verified_exhibit_content,verified EX-99 results/NAV metrics; exact period-end date 2024-06-30 found in exhibit,0001193125-24-230627: scheduling announcement; future results date only | 0001193125-24-174621: scheduling announcement; future results date only,38,0-120
2024-06-30,2024Q2,OCIC,1812554,non-listed,10-Q,0001812554-24-000043,2024-08-08T20:14:25.000Z,2024-08-08T16:14:25-04:00,after-market,10-Q,,0001812554-24-000043,https://www.sec.gov/Archives/edgar/data/1812554/000181255424000043/orcic-20240630.htm,verified_periodic_filing_fallback,10-Q reportDate exactly equals 2024-06-30,,39,0-120
2024-06-30,2024Q2,GSBD,1572694,listed,10-Q,0000950170-24-094144,2024-08-08T20:53:57.000Z,2024-08-08T16:53:57-04:00,after-market,10-Q,,0000950170-24-094144,https://www.sec.gov/Archives/edgar/data/1572694/000095017024094144/gsbd-20240630.htm,verified_periodic_filing_fallback,10-Q reportDate exactly equals 2024-06-30,0001193125-24-234470: scheduling announcement; future results date only | 0001193125-24-176757: scheduling announcement; future results date only,39,0-120
2024-06-30,2024Q2,BCRED,1803498,non-listed,10-Q,0001803498-24-000044,2024-08-12T21:37:12.000Z,2024-08-12T17:37:12-04:00,after-market,10-Q,,0001803498-24-000044,https://www.sec.gov/Archives/edgar/data/1803498/000180349824000044/bcred-20240630.htm,verified_periodic_filing_fallback,10-Q reportDate exactly equals 2024-06-30,0001803498-24-000057: 8-K has no EX-99 exhibit | 0001803498-24-000054: 8-K has no EX-99 exhibit | 0001803498-24-000051: 8-K has no EX-99 exhibit | 0001803498-24-000048: 8-K has no EX-99 exhibit | 0001803498-24-000036: 8-K has no EX-99 exhibit | 0001803498-24-000033: 8-K has no EX-99 exhibit,43,0-120
2024-06-30,2024Q2,ASIF,1918712,non-listed,10-Q,0001918712-24-000099,2024-08-13T20:18:13.000Z,2024-08-13T16:18:13-04:00,after-market,10-Q,,0001918712-24-000099,https://www.sec.gov/Archives/edgar/data/1918712/000191871224000099/asif-20240630.htm,verified_periodic_filing_fallback,10-Q reportDate exactly equals 2024-06-30,,44,0-120
2024-06-30,2024Q2,HPS,1838126,non-listed,10-Q,0001838126-24-000061,2024-08-14T18:49:14.000Z,2024-08-14T14:49:14-04:00,market-hours,10-Q,,0001838126-24-000061,https://www.sec.gov/Archives/edgar/data/1838126/000183812624000061/hps-20240630.htm,verified_periodic_filing_fallback,10-Q reportDate exactly equals 2024-06-30,0001838126-24-000070: 8-K has no EX-99 exhibit | 0001838126-24-000067: 8-K has no EX-99 exhibit | 0001838126-24-000063: 8-K has no EX-99 exhibit | 0001838126-24-000051: 8-K has no EX-99 exhibit,45,0-120
2024-06-30,2024Q2,PSEC,1287032,listed,10-K,0001287032-24-000280,2024-08-28T20:43:17.000Z,2024-08-28T16:43:17-04:00,after-market,10-K,,0001287032-24-000280,https://www.sec.gov/Archives/edgar/data/1287032/000128703224000280/psec-20240630.htm,verified_periodic_filing_fallback,10-K reportDate exactly equals 2024-06-30,,59,0-120
2024-09-30,2024Q3,MAIN,1396440,listed,8-K,0001396440-24-000216,2024-10-15T15:41:36.000Z,2024-10-15T11:41:36-04:00,market-hours,8-K_ITEM_2.02_RESULTS,https://www.sec.gov/Archives/edgar/data/1396440/000139644024000216/main-20241015xexx991.htm,0001396440-24-000236,https://www.sec.gov/Archives/edgar/data/1396440/000139644024000236/main-20240930.htm,verified_exhibit_content,verified EX-99 results/NAV metrics; exact period-end date 2024-09-30 found in exhibit,0001396440-25-000002: Item 2.02 exhibit lacks verified quarterly results/NAV metrics | 0001396440-24-000214: Item 2.02 exhibit lacks verified quarterly results/NAV metrics,15,0-120
2024-09-30,2024Q3,ARCC,1287750,listed,8-K,0001287750-24-000053,2024-10-29T20:49:55.000Z,2024-10-29T16:49:55-04:00,after-market,8-K_ITEM_2.02_RESULTS,https://www.sec.gov/Archives/edgar/data/1287750/000128775024000053/arccq3-2024exhibit991.htm,0001287750-24-000054,https://www.sec.gov/Archives/edgar/data/1287750/000128775024000054/arcc-20240930.htm,verified_exhibit_content,verified EX-99 results/NAV metrics; exact period-end date 2024-09-30 found in exhibit,0001287750-24-000056: Item 2.02 exhibit lacks verified quarterly results/NAV metrics,29,0-120
2024-09-30,2024Q3,NMFC,1496099,listed,8-K,0001496099-24-000038,2024-10-30T20:14:36.000Z,2024-10-30T16:14:36-04:00,after-market,8-K_ITEM_2.02_RESULTS,https://www.sec.gov/Archives/edgar/data/1496099/000149609924000038/nmfcearningspressreleaseq3.htm,0001496099-24-000040,https://www.sec.gov/Archives/edgar/data/1496099/000149609924000040/nmfc-20240930.htm,verified_exhibit_content,verified EX-99 results/NAV metrics; exact period-end date 2024-09-30 found in exhibit,,30,0-120
2024-09-30,2024Q3,HTGC,1280784,listed,10-Q,0001280784-24-000026,2024-10-30T20:16:34.000Z,2024-10-30T16:16:34-04:00,after-market,10-Q,,0001280784-24-000026,https://www.sec.gov/Archives/edgar/data/1280784/000128078424000026/htgc-20240930.htm,verified_periodic_filing_fallback,10-Q reportDate exactly equals 2024-09-30,,30,0-120
2024-09-30,2024Q3,TSLX,1508655,listed,10-Q,0000950170-24-121434,2024-11-05T21:01:59.000Z,2024-11-05T16:01:59-05:00,after-market,10-Q,,0000950170-24-121434,https://www.sec.gov/Archives/edgar/data/1508655/000095017024121434/tslx-20240930.htm,verified_periodic_filing_fallback,10-Q reportDate exactly equals 2024-09-30,,36,0-120
2024-09-30,2024Q3,CGBD,1544206,listed,8-K,0001544206-24-000066,2024-11-05T21:07:38.000Z,2024-11-05T16:07:38-05:00,after-market,8-K_ITEM_2.02_RESULTS,https://www.sec.gov/Archives/edgar/data/1544206/000154420624000066/cgbd_2024930xxex991earning.htm,0001544206-24-000067,https://www.sec.gov/Archives/edgar/data/1544206/000154420624000067/csl-20240930.htm,verified_exhibit_content,verified EX-99 results/NAV metrics; exact period-end date 2024-09-30 found in exhibit,0001544206-25-000003: scheduling announcement; future results date only | 0001544206-24-000060: scheduling announcement; future results date only,36,0-120
2024-09-30,2024Q3,OBDC,1655888,listed,10-Q,0001655888-24-000023,2024-11-06T21:06:55.000Z,2024-11-06T16:06:55-05:00,after-market,10-Q,,0001655888-24-000023,https://www.sec.gov/Archives/edgar/data/1655888/000165588824000023/obdc-20240930.htm,verified_periodic_filing_fallback,10-Q reportDate exactly equals 2024-09-30,0001193125-25-009982: scheduling announcement; future results date only | 0001193125-25-007423: no exact period evidence for 2024-09-30 in exhibit | 0001628280-25-000946: Item 2.02 exhibit lacks verified quarterly results/NAV metrics | 0001628280-25-000131: Item 2.02 exhibit lacks verified quarterly results/NAV metrics | 0001193125-24-230627: scheduling announcement; future results date only,37,0-120
2024-09-30,2024Q3,BBDC,1379785,listed,8-K,0001379785-24-000064,2024-11-06T21:15:35.000Z,2024-11-06T16:15:35-05:00,after-market,8-K_ITEM_2.02_RESULTS,https://www.sec.gov/Archives/edgar/data/1379785/000137978524000064/exhibit99120241106earnings.htm,0001379785-24-000065,https://www.sec.gov/Archives/edgar/data/1379785/000137978524000065/bbdc-20240930.htm,verified_exhibit_content,verified EX-99 results/NAV metrics; exact period-end date 2024-09-30 found in exhibit,,37,0-120
2024-09-30,2024Q3,FSK,1422183,listed,10-Q,0001628280-24-045744,2024-11-06T21:26:12.000Z,2024-11-06T16:26:12-05:00,after-market,10-Q,,0001628280-24-045744,https://www.sec.gov/Archives/edgar/data/1422183/000162828024045744/fsk-20240930.htm,verified_periodic_filing_fallback,10-Q reportDate exactly equals 2024-09-30,0001104659-25-005628: Item 2.02 exhibit lacks verified quarterly results/NAV metrics | 0001193125-24-285975: Item 2.02 exhibit lacks verified quarterly results/NAV metrics | 0001193125-24-283238: Item 2.02 exhibit lacks verified quarterly results/NAV metrics | 0001193125-24-262577: Item 2.02 exhibit lacks verified quarterly results/NAV metrics | 0001193125-24-257940: Item 2.02 exhibit lacks verified quarterly results/NAV metrics | 0001104659-24-116364: 8-K has no EX-99 exhibit | 0001104659-24-107354: Item 2.02 exhibit lacks verified quarterly results/NAV metrics,37,0-120
2024-09-30,2024Q3,MFIC,1278752,listed,10-Q,0000950170-24-122744,2024-11-07T11:32:53.000Z,2024-11-07T06:32:53-05:00,pre-market,10-Q,,0000950170-24-122744,https://www.sec.gov/Archives/edgar/data/1278752/000095017024122744/mfic-20240930.htm,verified_periodic_filing_fallback,10-Q reportDate exactly equals 2024-09-30,,38,0-120
2024-09-30,2024Q3,OCIC,1812554,non-listed,10-Q,0001812554-24-000062,2024-11-07T21:29:14.000Z,2024-11-07T16:29:14-05:00,after-market,10-Q,,0001812554-24-000062,https://www.sec.gov/Archives/edgar/data/1812554/000181255424000062/orcic-20240930.htm,verified_periodic_filing_fallback,10-Q reportDate exactly equals 2024-09-30,,38,0-120
2024-09-30,2024Q3,GSBD,1572694,listed,10-Q,0000950170-24-123412,2024-11-07T21:29:24.000Z,2024-11-07T16:29:24-05:00,after-market,10-Q,,0000950170-24-123412,https://www.sec.gov/Archives/edgar/data/1572694/000095017024123412/gsbd-20240930.htm,verified_periodic_filing_fallback,10-Q reportDate exactly equals 2024-09-30,0001193125-25-007141: scheduling announcement; future results date only | 0001193125-24-234470: scheduling announcement; future results date only,38,0-120
2024-09-30,2024Q3,PSEC,1287032,listed,10-Q,0001287032-24-000408,2024-11-08T12:01:55.000Z,2024-11-08T07:01:55-05:00,pre-market,10-Q,,0001287032-24-000408,https://www.sec.gov/Archives/edgar/data/1287032/000128703224000408/psec-20240930.htm,verified_periodic_filing_fallback,10-Q reportDate exactly equals 2024-09-30,0001287032-25-000008: 8-K has no EX-99 exhibit,39,0-120
2024-09-30,2024Q3,ASIF,1918712,non-listed,10-Q,0001918712-24-000139,2024-11-08T21:14:55.000Z,2024-11-08T16:14:55-05:00,after-market,10-Q,,0001918712-24-000139,https://www.sec.gov/Archives/edgar/data/1918712/000191871224000139/asif-20240930.htm,verified_periodic_filing_fallback,10-Q reportDate exactly equals 2024-09-30,,39,0-120
2024-09-30,2024Q3,BXSL,1736035,listed,10-Q,0001736035-24-000035,2024-11-12T11:07:38.000Z,2024-11-12T06:07:38-05:00,pre-market,10-Q,,0001736035-24-000035,https://www.sec.gov/Archives/edgar/data/1736035/000173603524000035/bxsl-20240930.htm,verified_periodic_filing_fallback,10-Q reportDate exactly equals 2024-09-30,,43,0-120
2024-09-30,2024Q3,BCRED,1803498,non-listed,10-Q,0001803498-24-000062,2024-11-13T21:41:52.000Z,2024-11-13T16:41:52-05:00,after-market,10-Q,,0001803498-24-000062,https://www.sec.gov/Archives/edgar/data/1803498/000180349824000062/bcred-20240930.htm,verified_periodic_filing_fallback,10-Q reportDate exactly equals 2024-09-30,0001803498-25-000006: 8-K has no EX-99 exhibit | 0001803498-24-000069: 8-K has no EX-99 exhibit | 0001803498-24-000066: 8-K has no EX-99 exhibit | 0001803498-24-000057: 8-K has no EX-99 exhibit | 0001803498-24-000054: 8-K has no EX-99 exhibit,44,0-120
2024-09-30,2024Q3,HPS,1838126,non-listed,10-Q,0001838126-24-000079,2024-11-14T21:54:28.000Z,2024-11-14T16:54:28-05:00,after-market,10-Q,,0001838126-24-000079,https://www.sec.gov/Archives/edgar/data/1838126/000183812624000079/hps-20240930.htm,verified_periodic_filing_fallback,10-Q reportDate exactly equals 2024-09-30,0001838126-24-000088: 8-K has no EX-99 exhibit | 0001838126-24-000084: 8-K has no EX-99 exhibit | 0001838126-24-000070: 8-K has no EX-99 exhibit,45,0-120
2024-09-30,2024Q3,OCSL,1414932,listed,10-K,0001414932-24-000016,2024-11-18T22:46:01.000Z,2024-11-18T17:46:01-05:00,after-market,10-K,,0001414932-24-000016,https://www.sec.gov/Archives/edgar/data/1414932/000141493224000016/ocsl-20240930.htm,verified_periodic_filing_fallback,10-K reportDate exactly equals 2024-09-30,,49,0-120
2024-09-30,2024Q3,GBDC,1476765,listed,8-K,0001476765-24-000130,2024-11-19T21:02:05.000Z,2024-11-19T16:02:05-05:00,after-market,8-K_ITEM_2.02_RESULTS,https://www.sec.gov/Archives/edgar/data/1476765/000147676524000130/gbdcfy202410-kearningsprxex.htm,0001476765-24-000132,https://www.sec.gov/Archives/edgar/data/1476765/000147676524000132/gbdc-20240930.htm,verified_exhibit_content,verified EX-99 results/NAV metrics; exact period-end date 2024-09-30 found in exhibit,0001476765-25-000004: scheduling announcement; future results date only | 0001476765-24-000124: Item 2.02 exhibit lacks verified quarterly results/NAV metrics | 0001476765-24-000122: scheduling announcement; future results date only,50,0-120
2024-12-31,2024Q4,OBDC,1655888,listed,8-K,0001193125-25-007423,2025-01-16T13:30:14.000Z,2025-01-16T08:30:14-05:00,pre-market,8-K_ITEM_2.02_RESULTS,https://www.sec.gov/Archives/edgar/data/1655888/000119312525007423/d917816dex991.htm,0001655888-25-000007,https://www.sec.gov/Archives/edgar/data/1655888/000165588825000007/obdc-20241231.htm,verified_exhibit_content,verified EX-99 results/NAV metrics; exact period-end date 2024-12-31 found in exhibit,0001193125-25-072406: scheduling announcement; future results date only | 0001193125-25-009982: scheduling announcement; future results date only | 0001628280-25-001250: no exact period evidence for 2024-12-31 in exhibit | 0001628280-25-000946: Item 2.02 exhibit lacks verified quarterly results/NAV metrics | 0001628280-25-000131: Item 2.02 exhibit lacks verified quarterly results/NAV metrics,16,0-120
2024-12-31,2024Q4,MAIN,1396440,listed,8-K,0001396440-25-000007,2025-01-16T15:45:07.000Z,2025-01-16T10:45:07-05:00,market-hours,8-K_ITEM_2.02_RESULTS,https://www.sec.gov/Archives/edgar/data/1396440/000139644025000007/main-2025116xexx991.htm,0001396440-25-000018,https://www.sec.gov/Archives/edgar/data/1396440/000139644025000018/main-20241231.htm,verified_exhibit_content,verified EX-99 results/NAV metrics; exact period-end date 2024-12-31 found in exhibit,0001396440-25-000042: Item 2.02 exhibit lacks verified quarterly results/NAV metrics | 0001396440-25-000002: Item 2.02 exhibit lacks verified quarterly results/NAV metrics,16,0-120
2024-12-31,2024Q4,OCSL,1414932,listed,10-Q,0001414932-25-000004,2025-02-03T22:55:35.000Z,2025-02-03T17:55:35-05:00,after-market,10-Q,,0001414932-25-000004,https://www.sec.gov/Archives/edgar/data/1414932/000141493225000004/ocsl-20241231.htm,verified_periodic_filing_fallback,10-Q reportDate exactly equals 2024-12-31,,34,0-120
2024-12-31,2024Q4,ARCC,1287750,listed,8-K,0001287750-25-000004,2025-02-04T21:10:20.000Z,2025-02-04T16:10:20-05:00,after-market,8-K_ITEM_2.02_RESULTS,https://www.sec.gov/Archives/edgar/data/1287750/000128775025000004/arccq4-2024exhibit991.htm,0001287750-25-000007,https://www.sec.gov/Archives/edgar/data/1287750/000128775025000007/arcc-20241231.htm,verified_exhibit_content,verified EX-99 results/NAV metrics; exact period-end date 2024-12-31 found in exhibit,0001287750-25-000018: dividend/distribution announcement without results or NAV | 0001104659-25-009302: Item 2.02 exhibit lacks verified quarterly results/NAV metrics,35,0-120
2024-12-31,2024Q4,GBDC,1476765,listed,8-K,0001476765-25-000014,2025-02-04T21:11:34.000Z,2025-02-04T16:11:34-05:00,after-market,8-K_ITEM_2.02_RESULTS,https://www.sec.gov/Archives/edgar/data/1476765/000147676525000014/gbdcfy2025q1earningsprxex.htm,0001476765-25-000016,https://www.sec.gov/Archives/edgar/data/1476765/000147676525000016/gbdc-20241231.htm,verified_exhibit_content,verified EX-99 results/NAV metrics; exact period-end date 2024-12-31 found in exhibit,0001476765-25-000026: scheduling announcement; future results date only | 0001476765-25-000004: scheduling announcement; future results date only,35,0-120
2024-12-31,2024Q4,PSEC,1287032,listed,10-Q,0001287032-25-000012,2025-02-10T21:02:53.000Z,2025-02-10T16:02:53-05:00,after-market,10-Q,,0001287032-25-000012,https://www.sec.gov/Archives/edgar/data/1287032/000128703225000012/psec-20241231.htm,verified_periodic_filing_fallback,10-Q reportDate exactly equals 2024-12-31,0001287032-25-000008: 8-K has no EX-99 exhibit,41,0-120
2024-12-31,2024Q4,TSLX,1508655,listed,10-K,0000950170-25-019845,2025-02-13T21:02:10.000Z,2025-02-13T16:02:10-05:00,after-market,10-K,,0000950170-25-019845,https://www.sec.gov/Archives/edgar/data/1508655/000095017025019845/tslx-20241231.htm,verified_periodic_filing_fallback,10-K reportDate exactly equals 2024-12-31,,44,0-120
2024-12-31,2024Q4,HTGC,1280784,listed,10-K,0001280784-25-000007,2025-02-13T21:16:42.000Z,2025-02-13T16:16:42-05:00,after-market,10-K,,0001280784-25-000007,https://www.sec.gov/Archives/edgar/data/1280784/000128078425000007/htgc-20241231.htm,verified_periodic_filing_fallback,10-K reportDate exactly equals 2024-12-31,0001193125-25-051063: Item 2.02 exhibit lacks verified quarterly results/NAV metrics | 0001193125-25-047525: Item 2.02 exhibit lacks verified quarterly results/NAV metrics | 0001193125-25-046256: Item 2.02 exhibit lacks verified quarterly results/NAV metrics,44,0-120
2024-12-31,2024Q4,BBDC,1379785,listed,8-K,0001379785-25-000009,2025-02-20T21:15:15.000Z,2025-02-20T16:15:15-05:00,after-market,8-K_ITEM_2.02_RESULTS,https://www.sec.gov/Archives/edgar/data/1379785/000137978525000009/exhibit99120250220earnings.htm,0001379785-25-000010,https://www.sec.gov/Archives/edgar/data/1379785/000137978525000010/bbdc-20241231.htm,verified_exhibit_content,verified EX-99 results/NAV metrics; exact period-end date 2024-12-31 found in exhibit,,51,0-120
2024-12-31,2024Q4,MFIC,1278752,listed,10-K,0000950170-25-026688,2025-02-25T21:17:32.000Z,2025-02-25T16:17:32-05:00,after-market,10-K,,0000950170-25-026688,https://www.sec.gov/Archives/edgar/data/1278752/000095017025026688/mfic-20241231.htm,verified_periodic_filing_fallback,10-K reportDate exactly equals 2024-12-31,,56,0-120
2024-12-31,2024Q4,CGBD,1544206,listed,8-K,0001544206-25-000010,2025-02-25T21:22:47.000Z,2025-02-25T16:22:47-05:00,after-market,8-K_ITEM_2.02_RESULTS,https://www.sec.gov/Archives/edgar/data/1544206/000154420625000010/cgbd_20241231xxex991earnin.htm,0001544206-25-000011,https://www.sec.gov/Archives/edgar/data/1544206/000154420625000011/csl-20241231.htm,verified_exhibit_content,verified EX-99 results/NAV metrics; exact period-end date 2024-12-31 found in exhibit,0001544206-25-000022: scheduling announcement; future results date only | 0001193125-25-065938: Item 2.02 exhibit lacks verified quarterly results/NAV metrics | 0001544206-25-000003: scheduling announcement; future results date only,56,0-120
2024-12-31,2024Q4,BXSL,1736035,listed,10-K,0001736035-25-000008,2025-02-26T11:17:47.000Z,2025-02-26T06:17:47-05:00,pre-market,10-K,,0001736035-25-000008,https://www.sec.gov/Archives/edgar/data/1736035/000173603525000008/bxsl-20241231.htm,verified_periodic_filing_fallback,10-K reportDate exactly equals 2024-12-31,,57,0-120
2024-12-31,2024Q4,FSK,1422183,listed,10-K,0001628280-25-008175,2025-02-26T21:24:01.000Z,2025-02-26T16:24:01-05:00,after-market,10-K,,0001628280-25-008175,https://www.sec.gov/Archives/edgar/data/1422183/000162828025008175/fsk-20241231.htm,verified_periodic_filing_fallback,10-K reportDate exactly equals 2024-12-31,0001104659-25-033778: Item 2.02 exhibit lacks verified quarterly results/NAV metrics | 0001104659-25-019181: 8-K has no EX-99 exhibit | 0001104659-25-005628: Item 2.02 exhibit lacks verified quarterly results/NAV metrics,57,0-120
2024-12-31,2024Q4,NMFC,1496099,listed,8-K,0001496099-25-000008,2025-02-26T21:25:39.000Z,2025-02-26T16:25:39-05:00,after-market,8-K_ITEM_2.02_RESULTS,https://www.sec.gov/Archives/edgar/data/1496099/000149609925000008/nmfcearningspressreleaseq4.htm,0001496099-25-000010,https://www.sec.gov/Archives/edgar/data/1496099/000149609925000010/nmfc-20241231.htm,verified_exhibit_content,verified EX-99 results/NAV metrics; exact period-end date 2024-12-31 found in exhibit,,57,0-120
2024-12-31,2024Q4,GSBD,1572694,listed,10-K,0000950170-25-029231,2025-02-27T22:15:01.000Z,2025-02-27T17:15:01-05:00,after-market,10-K,,0000950170-25-029231,https://www.sec.gov/Archives/edgar/data/1572694/000095017025029231/gsbd-20241231.htm,verified_periodic_filing_fallback,10-K reportDate exactly equals 2024-12-31,0001193125-25-074705: scheduling announcement; future results date only | 0001193125-25-007141: scheduling announcement; future results date only,58,0-120
2024-12-31,2024Q4,OCIC,1812554,non-listed,10-K,0001812554-25-000009,2025-03-04T22:28:34.000Z,2025-03-04T17:28:34-05:00,after-market,10-K,,0001812554-25-000009,https://www.sec.gov/Archives/edgar/data/1812554/000181255425000009/orcic-20241231.htm,verified_periodic_filing_fallback,10-K reportDate exactly equals 2024-12-31,0001193125-25-074698: 8-K has no EX-99 exhibit,63,0-120
2024-12-31,2024Q4,ASIF,1918712,non-listed,10-K,0001918712-25-000014,2025-03-10T20:15:40.000Z,2025-03-10T16:15:40-04:00,after-market,10-K,,0001918712-25-000014,https://www.sec.gov/Archives/edgar/data/1918712/000191871225000014/asif-20241231.htm,verified_periodic_filing_fallback,10-K reportDate exactly equals 2024-12-31,,69,0-120
2024-12-31,2024Q4,BCRED,1803498,non-listed,10-K,0001803498-25-000021,2025-03-14T20:14:51.000Z,2025-03-14T16:14:51-04:00,after-market,10-K,,0001803498-25-000021,https://www.sec.gov/Archives/edgar/data/1803498/000180349825000021/bcred-20241231.htm,verified_periodic_filing_fallback,10-K reportDate exactly equals 2024-12-31,0001803498-25-000032: 8-K has no EX-99 exhibit | 0001803498-25-000028: 8-K has no EX-99 exhibit | 0001803498-25-000025: 8-K has no EX-99 exhibit | 0001803498-25-000013: 8-K has no EX-99 exhibit | 0001803498-25-000010: 8-K has no EX-99 exhibit | 0001803498-25-000006: 8-K has no EX-99 exhibit,73,0-120
2024-12-31,2024Q4,HPS,1838126,non-listed,10-K,0001838126-25-000017,2025-03-20T01:43:55.000Z,2025-03-19T21:43:55-04:00,after-market,10-K,,0001838126-25-000017,https://www.sec.gov/Archives/edgar/data/1838126/000183812625000017/hps-20241231.htm,verified_periodic_filing_fallback,10-K reportDate exactly equals 2024-12-31,0001838126-25-000021: 8-K has no EX-99 exhibit | 0001838126-25-000019: 8-K has no EX-99 exhibit | 0001838126-25-000010: 8-K has no EX-99 exhibit | 0001838126-25-000002: 8-K has no EX-99 exhibit,79,0-120
2025-03-31,2025Q1,MAIN,1396440,listed,8-K,0001396440-25-000045,2025-04-16T16:35:16.000Z,2025-04-16T12:35:16-04:00,market-hours,8-K_EX-99_RESULTS,https://www.sec.gov/Archives/edgar/data/1396440/000139644025000045/main-q12025xprexerxexx991.htm,0001396440-25-000068,https://www.sec.gov/Archives/edgar/data/1396440/000139644025000068/main-20250331.htm,verified_exhibit_content_preserved,selection and timestamp preserved from verified Day 1/Day 2 reporting_order.csv,0001396440-25-000042: Item 2.02 exhibit lacks verified quarterly results/NAV metrics | 0001396440-25-000090: Item 2.02 exhibit lacks verified quarterly results/NAV metrics | 0001396440-25-000087: 8-K has no EX-99 exhibit,16,0-120
2025-03-31,2025Q1,ARCC,1287750,listed,10-Q,0001287750-25-000020,2025-04-28T21:50:25.000Z,2025-04-28T17:50:25-04:00,after-market,10-Q,,0001287750-25-000020,https://www.sec.gov/Archives/edgar/data/1287750/000128775025000020/arcc-20250331.htm,verified_filing_fallback_preserved,selection and timestamp preserved from verified Day 1/Day 2 reporting_order.csv,0001287750-25-000018: dividend/distribution announcement without results or NAV | 0001287750-25-000036: no exact period evidence for 2025-03-31 in exhibit,28,0-120
2025-03-31,2025Q1,TSLX,1508655,listed,10-Q,0000950170-25-061008,2025-04-30T20:01:57.000Z,2025-04-30T16:01:57-04:00,after-market,10-Q,,0000950170-25-061008,https://www.sec.gov/Archives/edgar/data/1508655/000095017025061008/tslx-20250331.htm,verified_filing_fallback_preserved,selection and timestamp preserved from verified Day 1/Day 2 reporting_order.csv,,30,0-120
2025-03-31,2025Q1,OCSL,1414932,listed,10-Q,0001414932-25-000010,2025-04-30T21:41:41.000Z,2025-04-30T17:41:41-04:00,after-market,10-Q,,0001414932-25-000010,https://www.sec.gov/Archives/edgar/data/1414932/000141493225000010/ocsl-20250331.htm,verified_filing_fallback_preserved,selection and timestamp preserved from verified Day 1/Day 2 reporting_order.csv,,30,0-120
2025-03-31,2025Q1,HTGC,1280784,listed,10-Q,0001280784-25-000022,2025-05-01T20:16:15.000Z,2025-05-01T16:16:15-04:00,after-market,10-Q,,0001280784-25-000022,https://www.sec.gov/Archives/edgar/data/1280784/000128078425000022/htgc-20250331.htm,verified_filing_fallback_preserved,selection and timestamp preserved from verified Day 1/Day 2 reporting_order.csv,,31,0-120
2025-03-31,2025Q1,GBDC,1476765,listed,8-K,0001476765-25-000037,2025-05-05T20:07:27.000Z,2025-05-05T16:07:27-04:00,after-market,8-K_EX-99_RESULTS,https://www.sec.gov/Archives/edgar/data/1476765/000147676525000037/gbdcfy2025q2earningsprxex.htm,0001476765-25-000040,https://www.sec.gov/Archives/edgar/data/1476765/000147676525000040/gbdc-20250331.htm,verified_exhibit_content_preserved,selection and timestamp preserved from verified Day 1/Day 2 reporting_order.csv,0001476765-25-000026: scheduling announcement; future results date only | 0001476765-25-000066: scheduling announcement; future results date only,35,0-120
2025-03-31,2025Q1,NMFC,1496099,listed,8-K,0001496099-25-000017,2025-05-05T20:16:38.000Z,2025-05-05T16:16:38-04:00,after-market,8-K_EX-99_RESULTS,https://www.sec.gov/Archives/edgar/data/1496099/000149609925000017/nmfcearningspressreleaseq1.htm,0001496099-25-000018,https://www.sec.gov/Archives/edgar/data/1496099/000149609925000018/nmfc-20250331.htm,verified_exhibit_content_preserved,selection and timestamp preserved from verified Day 1/Day 2 reporting_order.csv,,35,0-120
2025-03-31,2025Q1,CGBD,1544206,listed,8-K,0001544206-25-000046,2025-05-06T20:21:50.000Z,2025-05-06T16:21:50-04:00,after-market,8-K_EX-99_RESULTS,https://www.sec.gov/Archives/edgar/data/1544206/000154420625000046/cgbd_2025331xxex991earning.htm,0001544206-25-000047,https://www.sec.gov/Archives/edgar/data/1544206/000154420625000047/csl-20250331.htm,verified_exhibit_content_preserved,selection and timestamp preserved from verified Day 1/Day 2 reporting_order.csv,0001544206-25-000059: scheduling announcement; future results date only | 0001544206-25-000022: scheduling announcement; future results date only | 0001193125-25-068793: no exact period evidence for 2025-03-31 in exhibit,36,0-120
2025-03-31,2025Q1,BXSL,1736035,listed,10-Q,0001736035-25-000013,2025-05-07T10:02:08.000Z,2025-05-07T06:02:08-04:00,pre-market,10-Q,,0001736035-25-000013,https://www.sec.gov/Archives/edgar/data/1736035/000173603525000013/bxsl-20250331.htm,verified_filing_fallback_preserved,selection and timestamp preserved from verified Day 1/Day 2 reporting_order.csv,0001213900-25-040378: Item 2.02 exhibit lacks verified quarterly results/NAV metrics,37,0-120
2025-03-31,2025Q1,OBDC,1655888,listed,10-Q,0001655888-25-000012,2025-05-07T20:15:44.000Z,2025-05-07T16:15:44-04:00,after-market,10-Q,,0001655888-25-000012,https://www.sec.gov/Archives/edgar/data/1655888/000165588825000012/obdc-20250331.htm,verified_filing_fallback_preserved,selection and timestamp preserved from verified Day 1/Day 2 reporting_order.csv,0001193125-25-072406: scheduling announcement; future results date only | 0001193125-25-153464: scheduling announcement; future results date only,37,0-120
2025-03-31,2025Q1,FSK,1422183,listed,10-Q,0001628280-25-023202,2025-05-07T20:28:15.000Z,2025-05-07T16:28:15-04:00,after-market,10-Q,,0001628280-25-023202,https://www.sec.gov/Archives/edgar/data/1422183/000162828025023202/fsk-20250331.htm,verified_filing_fallback_preserved,selection and timestamp preserved from verified Day 1/Day 2 reporting_order.csv,0001104659-25-033778: Item 2.02 exhibit lacks verified quarterly results/NAV metrics | 0001104659-25-067008: Item 2.02 exhibit lacks verified quarterly results/NAV metrics | 0001104659-25-049570: 8-K has no EX-99 exhibit,37,0-120
2025-03-31,2025Q1,BBDC,1379785,listed,8-K,0001379785-25-000026,2025-05-08T20:15:23.000Z,2025-05-08T16:15:23-04:00,after-market,8-K_EX-99_RESULTS,https://www.sec.gov/Archives/edgar/data/1379785/000137978525000026/exhibit99120250508earnings.htm,0001379785-25-000027,https://www.sec.gov/Archives/edgar/data/1379785/000137978525000027/bbdc-20250331.htm,verified_exhibit_content_preserved,selection and timestamp preserved from verified Day 1/Day 2 reporting_order.csv,,38,0-120
2025-03-31,2025Q1,PSEC,1287032,listed,10-Q,0001287032-25-000115,2025-05-08T20:19:42.000Z,2025-05-08T16:19:42-04:00,after-market,10-Q,,0001287032-25-000115,https://www.sec.gov/Archives/edgar/data/1287032/000128703225000115/psec-20250331.htm,verified_filing_fallback_preserved,selection and timestamp preserved from verified Day 1/Day 2 reporting_order.csv,,38,0-120
2025-03-31,2025Q1,GSBD,1572694,listed,10-Q,0000950170-25-067098,2025-05-08T20:38:08.000Z,2025-05-08T16:38:08-04:00,after-market,10-Q,,0000950170-25-067098,https://www.sec.gov/Archives/edgar/data/1572694/000095017025067098/gsbd-20250331.htm,verified_filing_fallback_preserved,selection and timestamp preserved from verified Day 1/Day 2 reporting_order.csv,0001193125-25-157105: scheduling announcement; future results date only | 0001193125-25-074705: scheduling announcement; future results date only,38,0-120
2025-03-31,2025Q1,OCIC,1812554,non-listed,10-Q,0001812554-25-000030,2025-05-08T20:57:45.000Z,2025-05-08T16:57:45-04:00,after-market,10-Q,,0001812554-25-000030,https://www.sec.gov/Archives/edgar/data/1812554/000181255425000030/orcic-20250331.htm,verified_filing_fallback_preserved,selection and timestamp preserved from verified Day 1/Day 2 reporting_order.csv,0001193125-25-074698: 8-K has no EX-99 exhibit,38,0-120
2025-03-31,2025Q1,MFIC,1278752,listed,10-Q,0000950170-25-069131,2025-05-12T20:03:10.000Z,2025-05-12T16:03:10-04:00,after-market,10-Q,,0000950170-25-069131,https://www.sec.gov/Archives/edgar/data/1278752/000095017025069131/mfic-20250331.htm,verified_filing_fallback_preserved,selection and timestamp preserved from verified Day 1/Day 2 reporting_order.csv,,42,0-120
2025-03-31,2025Q1,BCRED,1803498,non-listed,10-Q,0001803498-25-000038,2025-05-12T21:13:49.000Z,2025-05-12T17:13:49-04:00,after-market,10-Q,,0001803498-25-000038,https://www.sec.gov/Archives/edgar/data/1803498/000180349825000038/bcred-20250331.htm,verified_filing_fallback_preserved,selection and timestamp preserved from verified Day 1/Day 2 reporting_order.csv,0001803498-25-000054: 8-K has no EX-99 exhibit | 0001803498-25-000049: 8-K has no EX-99 exhibit | 0001803498-25-000042: 8-K has no EX-99 exhibit | 0001803498-25-000032: 8-K has no EX-99 exhibit | 0001803498-25-000028: 8-K has no EX-99 exhibit,42,0-120
2025-03-31,2025Q1,ASIF,1918712,non-listed,10-Q,0001918712-25-000030,2025-05-14T20:19:28.000Z,2025-05-14T16:19:28-04:00,after-market,10-Q,,0001918712-25-000030,https://www.sec.gov/Archives/edgar/data/1918712/000191871225000030/asif-20250331.htm,verified_filing_fallback_preserved,selection and timestamp preserved from verified Day 1/Day 2 reporting_order.csv,,44,0-120
2025-03-31,2025Q1,HPS,1838126,non-listed,10-Q,0001838126-25-000031,2025-05-15T00:49:18.000Z,2025-05-14T20:49:18-04:00,after-market,10-Q,,0001838126-25-000031,https://www.sec.gov/Archives/edgar/data/1838126/000183812625000031/hps-20250331.htm,verified_filing_fallback_preserved,selection and timestamp preserved from verified Day 1/Day 2 reporting_order.csv,0001838126-25-000040: 8-K has no EX-99 exhibit | 0001838126-25-000037: 8-K has no EX-99 exhibit | 0001838126-25-000034: 8-K has no EX-99 exhibit | 0001838126-25-000021: 8-K has no EX-99 exhibit | 0001838126-25-000019: 8-K has no EX-99 exhibit,45,0-120
2025-06-30,2025Q2,MAIN,1396440,listed,8-K,0001396440-25-000092,2025-07-17T14:11:40.000Z,2025-07-17T10:11:40-04:00,market-hours,8-K_EX-99_RESULTS,https://www.sec.gov/Archives/edgar/data/1396440/000139644025000092/main-q22025xprexerxexx991.htm,0001396440-25-000102,https://www.sec.gov/Archives/edgar/data/1396440/000139644025000102/main-20250630.htm,verified_exhibit_content_preserved,selection and timestamp preserved from verified Day 1/Day 2 reporting_order.csv,0001396440-25-000090: Item 2.02 exhibit lacks verified quarterly results/NAV metrics | 0001396440-25-000165: Item 2.02 exhibit lacks verified quarterly results/NAV metrics,17,0-120
2025-06-30,2025Q2,ARCC,1287750,listed,8-K,0001287750-25-000036,2025-07-28T21:11:20.000Z,2025-07-28T17:11:20-04:00,after-market,8-K_EX-99_RESULTS,https://www.sec.gov/Archives/edgar/data/1287750/000128775025000036/arccq2-2025exhibit991.htm,0001287750-25-000038,https://www.sec.gov/Archives/edgar/data/1287750/000128775025000038/arcc-20250630.htm,verified_exhibit_content_preserved,selection and timestamp preserved from verified Day 1/Day 2 reporting_order.csv,0001287750-25-000044: no exact period evidence for 2025-06-30 in exhibit,28,0-120
2025-06-30,2025Q2,TSLX,1508655,listed,10-Q,0000950170-25-100204,2025-07-30T20:01:53.000Z,2025-07-30T16:01:53-04:00,after-market,10-Q,,0000950170-25-100204,https://www.sec.gov/Archives/edgar/data/1508655/000095017025100204/tslx-20250630.htm,verified_filing_fallback_preserved,selection and timestamp preserved from verified Day 1/Day 2 reporting_order.csv,,30,0-120
2025-06-30,2025Q2,HTGC,1280784,listed,10-Q,0001280784-25-000032,2025-07-31T20:17:31.000Z,2025-07-31T16:17:31-04:00,after-market,10-Q,,0001280784-25-000032,https://www.sec.gov/Archives/edgar/data/1280784/000128078425000032/htgc-20250630.htm,verified_filing_fallback_preserved,selection and timestamp preserved from verified Day 1/Day 2 reporting_order.csv,,31,0-120
2025-06-30,2025Q2,GBDC,1476765,listed,8-K,0001476765-25-000074,2025-08-04T20:02:24.000Z,2025-08-04T16:02:24-04:00,after-market,8-K_EX-99_RESULTS,https://www.sec.gov/Archives/edgar/data/1476765/000147676525000074/gbdcfy2025q3earningsprxex.htm,0001476765-25-000076,https://www.sec.gov/Archives/edgar/data/1476765/000147676525000076/gbdc-20250630.htm,verified_exhibit_content_preserved,selection and timestamp preserved from verified Day 1/Day 2 reporting_order.csv,0001476765-25-000066: scheduling announcement; future results date only | 0001476765-25-000080: scheduling announcement; future results date only,35,0-120
2025-06-30,2025Q2,NMFC,1496099,listed,8-K,0001496099-25-000025,2025-08-04T20:39:28.000Z,2025-08-04T16:39:28-04:00,after-market,8-K_EX-99_RESULTS,https://www.sec.gov/Archives/edgar/data/1496099/000149609925000025/nmfcearningspressreleaseq2.htm,0001496099-25-000027,https://www.sec.gov/Archives/edgar/data/1496099/000149609925000027/nmfc-20250630.htm,verified_exhibit_content_preserved,selection and timestamp preserved from verified Day 1/Day 2 reporting_order.csv,,35,0-120
2025-06-30,2025Q2,OCSL,1414932,listed,10-Q,0001414932-25-000016,2025-08-04T21:51:02.000Z,2025-08-04T17:51:02-04:00,after-market,10-Q,,0001414932-25-000016,https://www.sec.gov/Archives/edgar/data/1414932/000141493225000016/ocsl-20250630.htm,verified_filing_fallback_preserved,selection and timestamp preserved from verified Day 1/Day 2 reporting_order.csv,,35,0-120
2025-06-30,2025Q2,CGBD,1544206,listed,8-K,0001544206-25-000065,2025-08-05T20:00:22.000Z,2025-08-05T16:00:22-04:00,after-market,8-K_EX-99_RESULTS,https://www.sec.gov/Archives/edgar/data/1544206/000154420625000065/cgbd_2025630xxex991earning.htm,0001544206-25-000066,https://www.sec.gov/Archives/edgar/data/1544206/000154420625000066/csl-20250630.htm,verified_exhibit_content_preserved,selection and timestamp preserved from verified Day 1/Day 2 reporting_order.csv,0001544206-25-000072: scheduling announcement; future results date only | 0001544206-25-000059: scheduling announcement; future results date only,36,0-120
2025-06-30,2025Q2,BXSL,1736035,listed,10-Q,0001736035-25-000018,2025-08-06T10:09:52.000Z,2025-08-06T06:09:52-04:00,pre-market,10-Q,,0001736035-25-000018,https://www.sec.gov/Archives/edgar/data/1736035/000173603525000018/bxsl-20250630.htm,verified_filing_fallback_preserved,selection and timestamp preserved from verified Day 1/Day 2 reporting_order.csv,,37,0-120
2025-06-30,2025Q2,OBDC,1655888,listed,10-Q,0001655888-25-000020,2025-08-06T20:05:51.000Z,2025-08-06T16:05:51-04:00,after-market,10-Q,,0001655888-25-000020,https://www.sec.gov/Archives/edgar/data/1655888/000165588825000020/obdc-20250630.htm,verified_filing_fallback_preserved,selection and timestamp preserved from verified Day 1/Day 2 reporting_order.csv,0001193125-25-153464: scheduling announcement; future results date only | 0001193125-25-225925: scheduling announcement; future results date only,37,0-120
2025-06-30,2025Q2,FSK,1422183,listed,10-Q,0001628280-25-038368,2025-08-06T20:29:09.000Z,2025-08-06T16:29:09-04:00,after-market,10-Q,,0001628280-25-038368,https://www.sec.gov/Archives/edgar/data/1422183/000162828025038368/fsk-20250630.htm,verified_filing_fallback_preserved,selection and timestamp preserved from verified Day 1/Day 2 reporting_order.csv,0001104659-25-067008: Item 2.02 exhibit lacks verified quarterly results/NAV metrics | 0001104659-25-097997: Item 2.02 exhibit lacks verified quarterly results/NAV metrics | 0001104659-25-093389: Item 2.02 exhibit lacks verified quarterly results/NAV metrics | 0001104659-25-091460: Item 2.02 exhibit lacks verified quarterly results/NAV metrics | 0001104659-25-077611: 8-K has no EX-99 exhibit,37,0-120
2025-06-30,2025Q2,OCIC,1812554,non-listed,10-Q,0001812554-25-000052,2025-08-07T20:11:51.000Z,2025-08-07T16:11:51-04:00,after-market,10-Q,,0001812554-25-000052,https://www.sec.gov/Archives/edgar/data/1812554/000181255425000052/orcic-20250630.htm,verified_filing_fallback_preserved,selection and timestamp preserved from verified Day 1/Day 2 reporting_order.csv,,38,0-120
2025-06-30,2025Q2,BBDC,1379785,listed,8-K,0001379785-25-000034,2025-08-07T20:18:01.000Z,2025-08-07T16:18:01-04:00,after-market,8-K_EX-99_RESULTS,https://www.sec.gov/Archives/edgar/data/1379785/000137978525000034/exhibit99120250807earnings.htm,0001379785-25-000035,https://www.sec.gov/Archives/edgar/data/1379785/000137978525000035/bbdc-20250630.htm,verified_exhibit_content_preserved,selection and timestamp preserved from verified Day 1/Day 2 reporting_order.csv,0001379785-25-000043: scheduling announcement; future results date only,38,0-120
2025-06-30,2025Q2,GSBD,1572694,listed,10-Q,0000950170-25-105134,2025-08-07T20:40:28.000Z,2025-08-07T16:40:28-04:00,after-market,10-Q,,0000950170-25-105134,https://www.sec.gov/Archives/edgar/data/1572694/000095017025105134/gsbd-20250630.htm,verified_filing_fallback_preserved,selection and timestamp preserved from verified Day 1/Day 2 reporting_order.csv,0001193125-25-251667: scheduling announcement; future results date only | 0001193125-25-157105: scheduling announcement; future results date only,38,0-120
2025-06-30,2025Q2,ASIF,1918712,non-listed,10-Q,0001918712-25-000065,2025-08-08T20:13:45.000Z,2025-08-08T16:13:45-04:00,after-market,10-Q,,0001918712-25-000065,https://www.sec.gov/Archives/edgar/data/1918712/000191871225000065/asif-20250630.htm,verified_filing_fallback_preserved,selection and timestamp preserved from verified Day 1/Day 2 reporting_order.csv,,39,0-120
2025-06-30,2025Q2,MFIC,1278752,listed,10-Q,0000950170-25-106526,2025-08-11T20:04:04.000Z,2025-08-11T16:04:04-04:00,after-market,10-Q,,0000950170-25-106526,https://www.sec.gov/Archives/edgar/data/1278752/000095017025106526/mfic-20250630.htm,verified_filing_fallback_preserved,selection and timestamp preserved from verified Day 1/Day 2 reporting_order.csv,,42,0-120
2025-06-30,2025Q2,BCRED,1803498,non-listed,10-Q,0001803498-25-000062,2025-08-12T20:30:23.000Z,2025-08-12T16:30:23-04:00,after-market,10-Q,,0001803498-25-000062,https://www.sec.gov/Archives/edgar/data/1803498/000180349825000062/bcred-20250630.htm,verified_filing_fallback_preserved,selection and timestamp preserved from verified Day 1/Day 2 reporting_order.csv,0001803498-25-000073: 8-K has no EX-99 exhibit | 0001803498-25-000069: 8-K has no EX-99 exhibit | 0001803498-25-000065: 8-K has no EX-99 exhibit | 0001803498-25-000057: 8-K has no EX-99 exhibit | 0001803498-25-000054: 8-K has no EX-99 exhibit,43,0-120
2025-06-30,2025Q2,HPS,1838126,non-listed,10-Q,0001838126-25-000055,2025-08-13T21:03:05.000Z,2025-08-13T17:03:05-04:00,after-market,10-Q,,0001838126-25-000055,https://www.sec.gov/Archives/edgar/data/1838126/000183812625000055/hps-20250630.htm,verified_filing_fallback_preserved,selection and timestamp preserved from verified Day 1/Day 2 reporting_order.csv,0001838126-25-000061: 8-K has no EX-99 exhibit | 0001838126-25-000060: 8-K has no EX-99 exhibit | 0001838126-25-000058: 8-K has no EX-99 exhibit | 0001838126-25-000040: 8-K has no EX-99 exhibit,44,0-120
2025-06-30,2025Q2,PSEC,1287032,listed,10-K,0001287032-25-000232,2025-08-26T21:25:29.000Z,2025-08-26T17:25:29-04:00,after-market,10-K,,0001287032-25-000232,https://www.sec.gov/Archives/edgar/data/1287032/000128703225000232/psec-20250630.htm,verified_filing_fallback_preserved,selection and timestamp preserved from verified Day 1/Day 2 reporting_order.csv,0001287032-25-000322: Item 2.02 exhibit lacks verified quarterly results/NAV metrics,57,0-120
2025-09-30,2025Q3,MAIN,1396440,listed,8-K,0001396440-25-000167,2025-10-14T13:39:18.000Z,2025-10-14T09:39:18-04:00,market-hours,8-K_EX-99_RESULTS,https://www.sec.gov/Archives/edgar/data/1396440/000139644025000167/main-q32025xprexerxexx991.htm,0001396440-25-000184,https://www.sec.gov/Archives/edgar/data/1396440/000139644025000184/main-20250930.htm,verified_exhibit_content_preserved,selection and timestamp preserved from verified Day 1/Day 2 reporting_order.csv,0001396440-25-000165: Item 2.02 exhibit lacks verified quarterly results/NAV metrics | 0001396440-26-000003: Item 2.02 exhibit lacks verified quarterly results/NAV metrics,14,0-120
2025-09-30,2025Q3,ARCC,1287750,listed,8-K,0001287750-25-000044,2025-10-27T20:29:59.000Z,2025-10-27T16:29:59-04:00,after-market,8-K_EX-99_RESULTS,https://www.sec.gov/Archives/edgar/data/1287750/000128775025000044/arccq3-2025exhibit991.htm,0001287750-25-000046,https://www.sec.gov/Archives/edgar/data/1287750/000128775025000046/arcc-20250930.htm,verified_exhibit_content_preserved,selection and timestamp preserved from verified Day 1/Day 2 reporting_order.csv,,27,0-120
2025-09-30,2025Q3,HTGC,1280784,listed,10-Q,0001280784-25-000041,2025-10-30T20:17:32.000Z,2025-10-30T16:17:32-04:00,after-market,10-Q,,0001280784-25-000041,https://www.sec.gov/Archives/edgar/data/1280784/000128078425000041/htgc-20250930.htm,verified_filing_fallback_preserved,selection and timestamp preserved from verified Day 1/Day 2 reporting_order.csv,,30,0-120
2025-09-30,2025Q3,NMFC,1496099,listed,8-K,0001496099-25-000034,2025-11-03T21:39:20.000Z,2025-11-03T16:39:20-05:00,after-market,8-K_EX-99_RESULTS,https://www.sec.gov/Archives/edgar/data/1496099/000149609925000034/nmfcearningspressreleaseq3.htm,0001496099-25-000035,https://www.sec.gov/Archives/edgar/data/1496099/000149609925000035/nmfc-20250930.htm,verified_exhibit_content_preserved,selection and timestamp preserved from verified Day 1/Day 2 reporting_order.csv,,34,0-120
2025-09-30,2025Q3,CGBD,1544206,listed,10-Q,0001544206-25-000077,2025-11-04T21:02:18.000Z,2025-11-04T16:02:18-05:00,after-market,10-Q,,0001544206-25-000077,https://www.sec.gov/Archives/edgar/data/1544206/000154420625000077/csl-20250930.htm,verified_filing_fallback_preserved,selection and timestamp preserved from verified Day 1/Day 2 reporting_order.csv,0001544206-26-000002: scheduling announcement; future results date only | 0001193125-25-260819: Item 2.02 exhibit lacks verified quarterly results/NAV metrics | 0001544206-25-000072: scheduling announcement; future results date only,35,0-120
2025-09-30,2025Q3,TSLX,1508655,listed,10-Q,0001193125-25-264618,2025-11-04T21:02:36.000Z,2025-11-04T16:02:36-05:00,after-market,10-Q,,0001193125-25-264618,https://www.sec.gov/Archives/edgar/data/1508655/000119312525264618/tslx-20250930.htm,verified_filing_fallback_preserved,selection and timestamp preserved from verified Day 1/Day 2 reporting_order.csv,,35,0-120
2025-09-30,2025Q3,FSK,1422183,listed,8-K,0001104659-25-107029,2025-11-05T21:22:01.000Z,2025-11-05T16:22:01-05:00,after-market,8-K_EX-99_RESULTS,https://www.sec.gov/Archives/edgar/data/1422183/000110465925107029/tm2530215d1_ex99-1.htm,0001628280-25-049617,https://www.sec.gov/Archives/edgar/data/1422183/000162828025049617/fsk-20250930.htm,verified_exhibit_content_preserved,selection and timestamp preserved from verified Day 1/Day 2 reporting_order.csv,0001104659-25-097997: Item 2.02 exhibit lacks verified quarterly results/NAV metrics | 0001104659-26-005404: Item 2.02 exhibit lacks verified quarterly results/NAV metrics | 0001104659-25-111450: 8-K has no EX-99 exhibit,36,0-120
2025-09-30,2025Q3,OBDC,1655888,listed,10-Q,0001655888-25-000024,2025-11-05T21:36:07.000Z,2025-11-05T16:36:07-05:00,after-market,10-Q,,0001655888-25-000024,https://www.sec.gov/Archives/edgar/data/1655888/000165588825000024/obdc-20250930.htm,verified_filing_fallback_preserved,selection and timestamp preserved from verified Day 1/Day 2 reporting_order.csv,0001193125-25-225925: scheduling announcement; future results date only | 0001193125-26-005489: scheduling announcement; future results date only | 0001628280-25-053061: Item 2.02 exhibit lacks verified quarterly results/NAV metrics | 0001193125-25-267102: Item 2.02 exhibit lacks verified quarterly results/NAV metrics,36,0-120
2025-09-30,2025Q3,OCIC,1812554,non-listed,10-Q,0001812554-25-000081,2025-11-06T21:04:34.000Z,2025-11-06T16:04:34-05:00,after-market,10-Q,,0001812554-25-000081,https://www.sec.gov/Archives/edgar/data/1812554/000181255425000081/orcic-20250930.htm,verified_filing_fallback_preserved,selection and timestamp preserved from verified Day 1/Day 2 reporting_order.csv,,37,0-120
2025-09-30,2025Q3,MFIC,1278752,listed,10-Q,0001193125-25-269512,2025-11-06T21:12:39.000Z,2025-11-06T16:12:39-05:00,after-market,10-Q,,0001193125-25-269512,https://www.sec.gov/Archives/edgar/data/1278752/000119312525269512/mfic-20250930.htm,verified_filing_fallback_preserved,selection and timestamp preserved from verified Day 1/Day 2 reporting_order.csv,,37,0-120
2025-09-30,2025Q3,PSEC,1287032,listed,10-Q,0001287032-25-000339,2025-11-06T21:18:21.000Z,2025-11-06T16:18:21-05:00,after-market,10-Q,,0001287032-25-000339,https://www.sec.gov/Archives/edgar/data/1287032/000128703225000339/psec-20250930.htm,verified_filing_fallback_preserved,selection and timestamp preserved from verified Day 1/Day 2 reporting_order.csv,0001287032-25-000322: Item 2.02 exhibit lacks verified quarterly results/NAV metrics,37,0-120
2025-09-30,2025Q3,BBDC,1379785,listed,8-K,0001379785-25-000051,2025-11-06T21:18:29.000Z,2025-11-06T16:18:29-05:00,after-market,8-K_EX-99_RESULTS,https://www.sec.gov/Archives/edgar/data/1379785/000137978525000051/exhibit99120251106earnings.htm,0001379785-25-000050,https://www.sec.gov/Archives/edgar/data/1379785/000137978525000050/bbdc-20250930.htm,verified_exhibit_content_preserved,selection and timestamp preserved from verified Day 1/Day 2 reporting_order.csv,0001379785-25-000052: Item 2.02 exhibit lacks verified quarterly results/NAV metrics | 0001379785-25-000043: scheduling announcement; future results date only,37,0-120
2025-09-30,2025Q3,GSBD,1572694,listed,10-Q,0001193125-25-269840,2025-11-06T21:47:26.000Z,2025-11-06T16:47:26-05:00,after-market,10-Q,,0001193125-25-269840,https://www.sec.gov/Archives/edgar/data/1572694/000119312525269840/gsbd-20250930.htm,verified_filing_fallback_preserved,selection and timestamp preserved from verified Day 1/Day 2 reporting_order.csv,0001193125-25-251667: scheduling announcement; future results date only,37,0-120
2025-09-30,2025Q3,BXSL,1736035,listed,10-Q,0001736035-25-000021,2025-11-10T11:10:01.000Z,2025-11-10T06:10:01-05:00,pre-market,10-Q,,0001736035-25-000021,https://www.sec.gov/Archives/edgar/data/1736035/000173603525000021/bxsl-20250930.htm,verified_filing_fallback_preserved,selection and timestamp preserved from verified Day 1/Day 2 reporting_order.csv,,41,0-120
2025-09-30,2025Q3,BCRED,1803498,non-listed,10-Q,0001803498-25-000081,2025-11-13T21:37:02.000Z,2025-11-13T16:37:02-05:00,after-market,10-Q,,0001803498-25-000081,https://www.sec.gov/Archives/edgar/data/1803498/000180349825000081/bcred-20250930.htm,verified_filing_fallback_preserved,selection and timestamp preserved from verified Day 1/Day 2 reporting_order.csv,0001803498-26-000003: 8-K has no EX-99 exhibit | 0001803498-25-000086: 8-K has no EX-99 exhibit | 0001803498-25-000084: 8-K has no EX-99 exhibit | 0001803498-25-000076: 8-K has no EX-99 exhibit | 0001803498-25-000073: 8-K has no EX-99 exhibit,44,0-120
2025-09-30,2025Q3,HPS,1838126,non-listed,10-Q,0001838126-25-000073,2025-11-14T18:58:29.000Z,2025-11-14T13:58:29-05:00,market-hours,10-Q,,0001838126-25-000073,https://www.sec.gov/Archives/edgar/data/1838126/000183812625000073/hps-20250930.htm,verified_filing_fallback_preserved,selection and timestamp preserved from verified Day 1/Day 2 reporting_order.csv,0001838126-26-000001: 8-K has no EX-99 exhibit | 0001838126-25-000077: 8-K has no EX-99 exhibit | 0001628280-25-054529: 8-K has no EX-99 exhibit | 0001838126-25-000061: 8-K has no EX-99 exhibit,45,0-120
2025-09-30,2025Q3,ASIF,1918712,non-listed,10-Q,0001918712-25-000092,2025-11-14T21:21:34.000Z,2025-11-14T16:21:34-05:00,after-market,10-Q,,0001918712-25-000092,https://www.sec.gov/Archives/edgar/data/1918712/000191871225000092/asif-20250930.htm,verified_filing_fallback_preserved,selection and timestamp preserved from verified Day 1/Day 2 reporting_order.csv,,45,0-120
2025-09-30,2025Q3,OCSL,1414932,listed,10-K,0001414932-25-000022,2025-11-17T23:00:27.000Z,2025-11-17T18:00:27-05:00,after-market,10-K,,0001414932-25-000022,https://www.sec.gov/Archives/edgar/data/1414932/000141493225000022/ocsl-20250930.htm,verified_filing_fallback_preserved,selection and timestamp preserved from verified Day 1/Day 2 reporting_order.csv,,48,0-120
2025-09-30,2025Q3,GBDC,1476765,listed,8-K,0001476765-25-000094,2025-11-18T21:04:03.000Z,2025-11-18T16:04:03-05:00,after-market,8-K_EX-99_RESULTS,https://www.sec.gov/Archives/edgar/data/1476765/000147676525000094/gbdcfy202510-kearningsprxex.htm,0001476765-25-000096,https://www.sec.gov/Archives/edgar/data/1476765/000147676525000096/gbdc-20250930.htm,verified_exhibit_content_preserved,selection and timestamp preserved from verified Day 1/Day 2 reporting_order.csv,0001476765-25-000080: scheduling announcement; future results date only | 0001476765-26-000003: scheduling announcement; future results date only,49,0-120
