cik,filer_name,known_ticker,listed_status,manager,acceptance_archives_present,position_periods_present,aggregated_economic_facilities,current_period_facilities,key_field_completeness_pct,spread_completeness_pct,maturity_completeness_pct,borrower_overlap_with_existing_universe,candidate_pair_potential,number_of_source_mark_movements,movements_with_existing_borrower_overlap,exact_timing_feasible_source_movements,usable_as_listed_target,usable_as_source_only,reporting_order_reconstruction_appears_feasible,recommended_include_later,exclusion_reason
17313,CAPITAL SOUTHWEST CORP,CSWC,listed,,2024q1|2024q2|2024q3|2024q4|2025q1|2025q2|2025q3|2025q4,2023-12-31|2024-03-31|2024-06-30|2024-09-30|2024-12-31|2025-03-31|2025-06-30|2025-09-30,6075,3317,47.69,20.47,0.0,38,1081,361,45,0,True,False,True,True,
81955,RAND CAPITAL CORP,RAND,listed,,2024q1|2024q2|2024q3|2024q4|2025q1|2025q2|2025q3|2025q4,,0,0,0.0,0.0,0.0,0,0,0,0,0,False,False,False,False,fewer than 100 current-period facilities | fewer than four position periods | no borrower-overlap candidate potential with existing universe | no computable >=0.5pp source movements
845385,PRINCETON CAPITAL CORP,PIAC,listed,,2024q1|2024q2|2024q3|2024q4|2025q2|2025q3|2025q4,2025-06-30|2025-09-30,76,38,38.012,0.0,0.0,1,0,4,0,0,False,False,False,False,fewer than 100 current-period facilities | fewer than four position periods | no borrower-overlap candidate potential with existing universe
1143513,GLADSTONE CAPITAL CORP,GLAD,listed,,2024q1|2024q2|2024q3|2024q4|2025q1|2025q2|2025q3|2025q4,2023-12-31|2024-03-31|2024-06-30|2024-09-30|2024-12-31|2025-03-31|2025-06-30|2025-09-30,1894,962,40.841,13.202,0.0,2,12,125,4,0,True,False,True,True,
1259429,OXFORD SQUARE CAPITAL CORP.,OXSQ,listed,,2024q1|2024q2|2024q3|2024q4|2025q1|2025q2|2025q3|2025q4,2025-06-30|2025-09-30,292,142,51.956,0.0,0.0,3,1,27,0,0,False,False,False,False,fewer than four position periods
1278752,MIDCAP FINANCIAL INVESTMENT CORP,MFIC,listed,,2024q1|2024q2|2024q3|2024q4|2025q1|2025q2|2025q3|2025q4,2023-12-31|2024-03-31|2024-06-30|2024-09-30|2024-12-31|2025-03-31|2025-06-30|2025-09-30,10991,5990,61.712,53.79,57.663,1898,121,385,385,0,True,False,True,False,already in 19-fund universe
1280784,"HERCULES CAPITAL, INC.",HTGC,listed,,2024q1|2024q2|2024q3|2024q4|2025q1|2025q2|2025q3|2025q4,2023-12-31|2024-03-31|2024-06-30|2024-09-30|2024-12-31|2025-03-31|2025-06-30|2025-09-30,6417,3227,54.433,31.051,0.0,673,58,426,426,0,True,False,True,False,already in 19-fund universe
1287032,PROSPECT CAPITAL CORP,PSEC,listed,,2024q1|2024q2|2024q3|2024q4|2025q1|2025q2|2025q3|2025q4,,0,0,0.0,0.0,0.0,0,0,0,0,0,False,False,False,False,already in 19-fund universe | fewer than 100 current-period facilities | fewer than four position periods | no borrower-overlap candidate potential with existing universe | no computable >=0.5pp source movements
1287750,ARES CAPITAL CORP,ARCC,listed,,2024q1|2024q2|2024q3|2024q4|2025q1|2025q2|2025q3|2025q4,2023-12-31|2024-03-31|2024-06-30|2024-09-30|2024-12-31|2025-03-31|2025-06-30|2025-09-30,20348,10507,56.171,62.73,0.0,1195,7869,680,680,16,True,False,True,False,already in 19-fund universe
1321741,GLADSTONE INVESTMENT CORPORATIONDE,GAIN,listed,,2024q1|2024q2|2024q3|2024q4|2025q1|2025q2|2025q3|2025q4,2023-12-31|2024-03-31|2024-06-30|2024-09-30|2024-12-31|2025-03-31|2025-06-30|2025-09-30,1014,508,43.613,20.472,0.0,0,0,40,0,0,True,False,True,False,no borrower-overlap candidate potential with existing universe
1326003,BLACKROCK CAPITAL INVESTMENT CORP,,unknown,,2024q1,,0,0,0.0,0.0,0.0,0,0,0,0,0,False,False,False,False,fewer than 100 current-period facilities | fewer than four position periods | no borrower-overlap candidate potential with existing universe | no computable >=0.5pp source movements
1370755,BLACKROCK TCP CAPITAL CORP.,TCPC,listed,,2024q1|2024q2|2024q3|2024q4|2025q1|2025q2|2025q3|2025q4,2023-12-31|2024-03-31|2024-06-30|2024-09-30|2024-12-31|2025-03-31|2025-06-30|2025-09-30,5215,2796,74.257,57.225,74.785,5,107,353,0,0,True,False,True,True,
1372807,BCP INVESTMENT CORP,BCIC,listed,,2024q1|2024q2|2024q3|2024q4|2025q1|2025q2|2025q3|2025q4,2023-12-31|2024-03-31|2024-06-30|2024-09-30|2024-12-31|2025-03-31|2025-06-30|2025-09-30,2678,1365,69.679,53.7,67.546,1,24,239,0,0,True,False,True,True,
1377936,SARATOGA INVESTMENT CORP.,SAJ,listed,,2024q1|2024q2|2024q3|2024q4|2025q1|2025q2|2025q3|2025q4,2023-11-30|2024-11-30|2025-02-28|2025-05-31|2025-08-31,3185,1549,43.828,0.0,0.0,8,0,0,0,0,True,False,True,False,no borrower-overlap candidate potential with existing universe | no computable >=0.5pp source movements
1379785,"BARINGS BDC, INC.",BBDC,listed,,2024q1|2024q2|2024q3|2024q4|2025q1|2025q2|2025q3|2025q4,2023-12-31|2024-03-31|2024-06-30|2024-09-30|2024-12-31|2025-03-31|2025-06-30|2025-09-30,12782,6399,49.169,53.79,0.0,1151,742,809,809,0,True,False,True,False,already in 19-fund universe
1383414,PENNANTPARK INVESTMENT CORP,PNNT,listed,,2024q1|2024q2|2024q3|2024q4|2025q1|2025q2|2025q3|2025q4,2023-12-31|2024-03-31|2024-06-30|2024-09-30|2024-12-31|2025-03-31|2025-06-30|2025-09-30,7511,3953,68.55,46.496,68.96,2,7,278,0,0,True,False,True,True,
1396440,MAIN STREET CAPITAL CORP,MAIN,listed,,2024q1|2024q2|2024q3|2024q4|2025q1|2025q2|2025q3|2025q4,2023-12-31|2024-03-31|2024-06-30|2024-09-30|2024-12-31|2025-03-31|2025-06-30|2025-09-30,9230,4677,52.743,39.513,0.0,367,321,156,156,0,True,False,True,False,already in 19-fund universe
1414932,OAKTREE SPECIALTY LENDING CORP,OCSL,listed,,2024q1|2024q2|2024q3|2024q4|2025q1|2025q2|2025q3|2025q4,2023-12-31|2024-03-31|2024-06-30|2024-09-30|2024-12-31|2025-03-31|2025-06-30|2025-09-30,6376,3254,60.216,72.987,0.0,401,962,456,456,2,True,False,True,False,already in 19-fund universe
1418076,SLR INVESTMENT CORP.,SLRC,listed,,2024q1|2024q2|2024q3|2024q4|2025q1|2025q2|2025q3|2025q4,2023-12-31|2024-03-31|2024-06-30|2024-09-30|2024-12-31|2025-03-31|2025-06-30|2025-09-30,2855,1403,53.98,56.522,61.582,1,0,63,0,0,True,False,True,False,no borrower-overlap candidate potential with existing universe
1422183,FS KKR CAPITAL CORP,FSK,listed,,2024q1|2024q2|2024q3|2024q4|2025q1|2025q2|2025q3|2025q4,2023-12-31|2024-03-31|2024-06-30|2024-09-30|2024-12-31|2025-03-31|2025-06-30|2025-09-30,8061,4178,36.341,74.485,0.0,410,6,27,27,0,True,False,True,False,already in 19-fund universe
1476765,"GOLUB CAPITAL BDC, INC.",GBDC,listed,,2024q1|2024q2|2024q3|2024q4|2025q1|2025q2|2025q3|2025q4,2023-12-31|2024-03-31|2024-06-30|2024-09-30|2024-12-31|2025-03-31|2025-06-30|2025-09-30,24865,12915,36.705,79.876,0.0,826,1389,36,36,0,True,False,True,False,already in 19-fund universe
1487428,HORIZON TECHNOLOGY FINANCE CORP,HRZN,listed,,2024q1|2024q2|2024q3|2024q4|2025q1|2025q2|2025q3|2025q4,,0,0,0.0,0.0,0.0,0,0,0,0,0,False,False,False,False,fewer than 100 current-period facilities | fewer than four position periods | no borrower-overlap candidate potential with existing universe | no computable >=0.5pp source movements
1487918,OFS CAPITAL CORP,OFS,listed,,2024q1|2024q2|2024q3|2024q4|2025q1|2025q2|2025q3|2025q4,2023-12-31|2024-03-31|2024-06-30|2024-09-30|2024-12-31|2025-03-31|2025-06-30|2025-09-30,2105,1036,50.343,51.641,0.0,15,116,190,20,0,True,False,True,True,
1490349,PHENIXFIN CORP,PFX,listed,,2024q1|2024q2|2024q3|2024q4|2025q1|2025q2|2025q3|2025q4,2025-06-30|2025-09-30,399,196,41.837,0.0,34.694,5,6,22,0,0,False,False,False,False,fewer than four position periods
1495584,"FIRSTHAND TECHNOLOGY VALUE FUND, INC.",SVVC,listed,,2024q1|2024q2|2024q3|2024q4|2025q1|2025q2|2025q3|2025q4,,0,0,0.0,0.0,0.0,0,0,0,0,0,False,False,False,False,fewer than 100 current-period facilities | fewer than four position periods | no borrower-overlap candidate potential with existing universe | no computable >=0.5pp source movements
1496099,NEW MOUNTAIN FINANCE CORP,NMFC,listed,,2024q1|2024q2|2024q3|2024q4|2025q1|2025q2|2025q3|2025q4,2023-12-31|2024-03-31|2024-06-30|2024-09-30|2024-12-31|2025-03-31|2025-06-30|2025-09-30,8426,4358,58.89,60.349,0.0,515,5798,412,412,22,True,False,True,False,already in 19-fund universe
1501729,FS SPECIALTY LENDING FUND,,unknown,,2024q1|2024q2|2024q3|2024q4|2025q1|2025q2|2025q3,2023-12-31|2024-03-31|2024-06-30|2024-09-30|2024-12-31|2025-03-31|2025-06-30,1431,738,32.641,66.938,0.0,2,1,0,0,0,False,True,True,False,no computable >=0.5pp source movements
1504619,PENNANTPARK FLOATING RATE CAPITAL LTD.,PFLA,listed,,2024q1|2024q2|2024q3|2024q4|2025q1|2025q2|2025q3|2025q4,2023-12-31|2024-03-31|2024-06-30|2024-09-30|2024-12-31|2025-03-31|2025-06-30|2025-09-30,8006,4319,71.575,52.79,73.628,1,3,381,0,0,True,False,True,True,
1508655,"SIXTH STREET SPECIALTY LENDING, INC.",TSLX,listed,,2024q1|2024q2|2024q3|2024q4|2025q1|2025q2|2025q3|2025q4,2023-12-31|2024-03-31|2024-06-30|2024-09-30|2024-12-31|2025-03-31|2025-06-30|2025-09-30,3406,1711,64.472,67.095,0.0,466,32,331,331,0,True,False,True,False,already in 19-fund universe
1509470,SURO CAPITAL CORP.,NSLR,listed,,2024q1|2024q2|2024q3|2024q4|2025q1|2025q2|2025q3|2025q4,,0,0,0.0,0.0,0.0,0,0,0,0,0,False,False,False,False,fewer than 100 current-period facilities | fewer than four position periods | no borrower-overlap candidate potential with existing universe | no computable >=0.5pp source movements
1512931,MONROE CAPITAL CORP,,unknown,,2024q1|2024q2|2024q3|2024q4|2025q1|2025q2|2025q3|2025q4,2023-12-31|2024-03-31|2024-06-30|2024-09-30|2024-12-31|2025-03-31|2025-06-30|2025-09-30,5793,2828,55.893,71.393,0.0,29,247,225,1,0,False,True,True,True,
1513363,FIDUS INVESTMENT CORP,FDUS,listed,,2024q1|2024q2|2024q3|2024q4|2025q1|2025q2|2025q3|2025q4,2023-12-31|2024-03-31|2024-06-30|2024-09-30|2024-12-31|2025-03-31|2025-06-30|2025-09-30,3579,1860,50.603,24.409,37.688,1,13,117,0,0,True,False,True,True,
1521945,"PROSPECT FLOATING RATE & ALTERNATIVE INCOME FUND, INC.",,unknown,,2024q1|2024q2|2024q3|2024q4|2025q1|2025q2|2025q3|2025q4,,0,0,0.0,0.0,0.0,0,0,0,0,0,False,False,False,False,fewer than 100 current-period facilities | fewer than four position periods | no borrower-overlap candidate potential with existing universe | no computable >=0.5pp source movements
1534254,CION INVESTMENT CORP,CICB,listed,,2024q1|2024q2|2024q3|2024q4|2025q1|2025q2|2025q3|2025q4,2023-12-31|2024-03-31|2024-06-30|2024-09-30|2024-12-31|2025-03-31|2025-06-30|2025-09-30,4137,2072,56.183,34.122,0.0,19,438,228,27,0,True,False,True,True,
1535778,"MSC INCOME FUND, INC.",MSIF,listed,,2024q1|2024q2|2024q3|2024q4|2025q1|2025q2|2025q3|2025q4,2023-12-31|2024-03-31|2024-06-30|2024-09-30|2024-12-31|2025-03-31|2025-06-30|2025-09-30,6825,3485,55.543,45.911,0.0,243,10062,134,134,0,True,False,True,True,
1544206,"CARLYLE SECURED LENDING, INC.",CGBD,listed,,2024q1|2024q2|2024q3|2024q4|2025q1|2025q2|2025q3|2025q4,2023-12-31|2024-03-31|2024-06-30|2024-09-30|2024-12-31|2025-03-31|2025-06-30|2025-09-30,4053,2052,62.936,85.234,0.0,532,26,424,424,0,True,False,True,False,already in 19-fund universe
1551901,STELLUS CAPITAL INVESTMENT CORP,SCM,listed,,2024q1|2024q2|2024q3|2024q4|2025q1|2025q2|2025q3|2025q4,2023-12-31|2024-03-31|2024-06-30|2024-09-30|2024-12-31|2025-03-31|2025-06-30|2025-09-30,5349,2821,47.784,48.742,64.835,10,346,322,11,0,True,False,True,True,
1552198,"WHITEHORSE FINANCE, INC.",WHF,listed,,2024q1|2024q2|2024q3|2024q4|2025q1|2025q2|2025q3|2025q4,2023-12-31|2024-03-31|2024-06-30|2024-09-30|2024-12-31|2025-03-31|2025-06-30|2025-09-30,2918,1506,78.552,86.255,85.657,11,135,391,24,1,True,False,True,True,
1571329,LOGAN RIDGE FINANCE CORP.,,unknown,,2024q1|2024q2|2024q3|2024q4|2025q1|2025q2,2023-12-31|2024-03-31|2024-06-30|2024-09-30|2024-12-31|2025-03-31,1229,618,69.112,50.647,63.107,1,38,147,0,0,False,True,True,True,
1572694,"GOLDMAN SACHS BDC, INC.",GSBD,listed,,2024q1|2024q2|2024q3|2024q4|2025q1|2025q2|2025q3|2025q4,2023-12-31|2024-03-31|2024-06-30|2024-09-30|2024-12-31|2025-03-31|2025-06-30|2025-09-30,6988,3642,78.739,87.781,92.641,1236,68,430,430,0,True,False,True,False,already in 19-fund universe
1578348,"INVESTCORP CREDIT MANAGEMENT BDC, INC.",ICMB,listed,,2024q1|2024q2|2024q3|2024q4|2025q2|2025q3|2025q4,2023-12-31|2024-03-31|2024-06-30|2024-09-30|2025-03-31|2025-06-30|2025-09-30,987,499,64.15,46.693,54.709,4,34,104,0,0,True,False,True,True,
1580345,TRIPLEPOINT VENTURE GROWTH BDC CORP.,TPVG,listed,,2024q1|2024q2|2024q3|2024q4|2025q1|2025q2|2025q3|2025q4,2023-12-31|2024-03-31|2024-06-30|2024-09-30|2024-12-31|2025-03-31|2025-06-30|2025-09-30,5438,2674,44.382,19.26,0.0,2,16,102,0,0,True,False,True,True,
1588272,"NEXPOINT CAPITAL, INC.",,unknown,,2024q1|2024q2|2024q3|2024q4|2025q1|2025q2|2025q3|2025q4,2023-12-31|2024-03-31|2024-06-30|2024-09-30|2024-12-31|2025-03-31|2025-06-30|2025-09-30,450,208,49.733,0.0,41.827,1,6,25,0,0,False,True,True,True,
1603480,TCW DIRECT LENDING LLC,,unknown,,2024q1|2024q2|2024q3|2024q4|2025q1|2025q2|2025q3|2025q4,2023-12-31|2024-03-31|2024-06-30|2024-09-30|2024-12-31|2025-03-31|2025-06-30|2025-09-30,685,341,51.483,23.167,29.326,1,6,25,0,0,False,True,True,True,
1618694,GUGGENHEIM CREDIT INCOME FUND 2016 T,,unknown,,2024q1|2024q2|2024q3|2024q4|2025q1|2025q2,,0,0,0.0,0.0,0.0,0,0,0,0,0,False,False,False,False,fewer than 100 current-period facilities | fewer than four position periods | no borrower-overlap candidate potential with existing universe | no computable >=0.5pp source movements
1618696,GUGGENHEIM CREDIT INCOME FUND 2019,,unknown,,2024q1|2024q2|2024q3|2024q4|2025q1|2025q2,,0,0,0.0,0.0,0.0,0,0,0,0,0,False,False,False,False,fewer than 100 current-period facilities | fewer than four position periods | no borrower-overlap candidate potential with existing universe | no computable >=0.5pp source movements
1618697,GUGGENHEIM CREDIT INCOME FUND,,unknown,,2024q1|2024q2|2024q3|2024q4|2025q1|2025q2,,0,0,0.0,0.0,0.0,0,0,0,0,0,False,False,False,False,fewer than 100 current-period facilities | fewer than four position periods | no borrower-overlap candidate potential with existing universe | no computable >=0.5pp source movements
1633336,"CRESCENT CAPITAL BDC, INC.",CCAP,listed,,2024q1|2024q2|2024q3|2024q4|2025q1|2025q2|2025q3|2025q4,2023-12-31|2024-03-31|2024-06-30|2024-09-30|2024-12-31|2025-03-31|2025-06-30|2025-09-30,8826,4497,64.408,66.867,30.687,1,38,657,0,0,True,False,True,True,
1633858,AUDAX CREDIT BDC INC.,,unknown,,2024q1|2024q2|2024q3|2024q4|2025q1|2025q2|2025q3|2025q4,2023-12-31|2024-03-31|2024-06-30|2024-09-30|2024-12-31|2025-03-31|2025-06-30|2025-09-30,5123,2726,80.097,86.867,88.371,7,46,483,2,0,False,True,True,True,
1634452,AB PRIVATE CREDIT INVESTORS CORP,,unknown,,2024q1|2024q2|2024q3|2024q4|2025q1|2025q2|2025q3|2025q4,2023-12-31|2024-03-31|2024-06-30|2024-09-30|2024-12-31|2025-03-31|2025-06-30|2025-09-30,7560,3880,72.116,82.216,82.784,2,9,367,0,0,False,True,True,True,
1646614,SILVER POINT SPECIALTY LENDING FUND,,unknown,,2024q1|2024q2|2024q3|2024q4|2025q1|2025q2|2025q3|2025q4,2023-12-31|2024-03-31|2024-06-30|2024-09-30|2024-12-31|2025-03-31|2025-06-30|2025-09-30,2615,1380,74.509,82.826,85.145,5,69,267,0,0,False,True,True,True,
1653384,RUNWAY GROWTH FINANCE CORP.,RWAY,listed,,2024q1|2024q2|2024q3|2024q4|2025q1|2025q2|2025q3|2025q4,2023-12-31|2024-03-31|2024-06-30|2024-09-30|2024-12-31|2025-03-31|2025-06-30|2025-09-30,1993,998,57.37,25.05,60.421,0,0,96,0,0,True,False,True,False,no borrower-overlap candidate potential with existing universe
1655050,"BAIN CAPITAL SPECIALTY FINANCE, INC.",BCSF,listed,,2024q1|2024q2|2024q3|2024q4|2025q1|2025q2|2025q3|2025q4,2023-12-31|2024-03-31|2024-06-30|2024-09-30|2024-12-31|2025-03-31|2025-06-30|2025-09-30,8240,4316,77.44,73.262,83.851,0,0,1149,0,0,True,False,True,False,no borrower-overlap candidate potential with existing universe
1655887,BLUE OWL CAPITAL CORP II,,unknown,,2024q1|2024q2|2024q3|2024q4|2025q1|2025q2|2025q3|2025q4,2023-12-31|2024-03-31|2024-06-30|2024-09-30|2024-12-31|2025-03-31|2025-06-30|2025-09-30,5062,2642,59.753,80.318,0.0,308,11054,385,381,43,False,True,True,True,
1655888,BLUE OWL CAPITAL CORP,OBDC,listed,,2024q1|2024q2|2024q3|2024q4|2025q1|2025q2|2025q3|2025q4,2023-12-31|2024-03-31|2024-06-30|2024-09-30|2024-12-31|2025-03-31|2025-06-30|2025-09-30,6731,3527,59.771,79.359,0.0,491,8729,549,549,1,True,False,True,False,already in 19-fund universe
1661306,"HANCOCK PARK CORPORATE INCOME, INC.",,unknown,,2024q1|2024q2|2024q3|2024q4|2025q1|2025q2|2025q3|2025q4,2023-12-31|2024-03-31|2024-06-30|2024-09-30|2024-12-31|2025-03-31|2025-06-30|2025-09-30,1138,574,51.684,60.976,0.0,8,77,97,14,0,False,True,True,True,
1674760,SILVER CAPITAL HOLDINGS LLC,,unknown,,2024q1|2024q2|2024q3|2024q4|2025q1|2025q2|2025q3|2025q4,2023-12-31|2024-03-31|2024-06-30|2024-09-30|2024-12-31|2025-03-31|2025-06-30|2025-09-30,969,454,71.684,70.264,78.634,7,57,48,0,0,False,True,True,True,
1675033,GREAT ELM CAPITAL CORP.,GECC,listed,,2024q1|2024q2|2024q3|2024q4|2025q1|2025q2|2025q3|2025q4,2023-12-31|2024-03-31|2024-06-30|2024-09-30|2024-12-31|2025-03-31|2025-06-30|2025-09-30,1118,574,66.667,22.822,75.61,1,6,112,0,0,True,False,True,True,
1702510,"CARLYLE CREDIT SOLUTIONS, INC.",,unknown,,2024q1|2024q2|2024q3|2024q4|2025q1|2025q2|2025q3|2025q4,2023-12-31|2024-03-31|2024-06-30|2024-09-30|2024-12-31|2025-03-31|2025-06-30|2025-09-30,2899,1507,61.225,87.127,0.0,373,1757,269,256,0,False,True,True,True,
1715268,"GOLUB CAPITAL BDC 3, INC.",,unknown,,2024q1|2024q2,2023-12-31|2024-03-31,5080,2650,37.732,85.094,0.0,450,14284,8,8,0,False,False,False,False,fewer than four position periods
1715933,TCW DIRECT LENDING VII LLC,,unknown,,2024q2|2024q3|2024q4|2025q1|2025q2|2025q3|2025q4,2023-12-31|2024-03-31|2024-06-30|2024-09-30|2024-12-31|2025-03-31|2025-06-30|2025-09-30,1229,622,59.218,48.553,51.608,2,44,130,0,0,False,True,True,True,
1717310,"VENTURE LENDING & LEASING IX, INC.",,unknown,,2024q1|2024q2|2024q3|2024q4|2025q1|2025q2|2025q3|2025q4,2023-12-31|2024-03-31|2024-06-30|2024-09-30|2024-12-31|2025-03-31|2025-06-30|2025-09-30,3530,1455,53.86,0.0,0.0,0,0,305,0,0,False,True,True,False,no borrower-overlap candidate potential with existing universe
1726548,BC PARTNERS LENDING CORP,,unknown,,2024q1|2024q2|2024q3|2024q4|2025q1|2025q2|2025q3|2025q4,2023-12-31|2024-03-31|2024-06-30|2024-09-30|2024-12-31|2025-03-31|2025-06-30|2025-09-30,1545,812,75.561,80.296,83.744,2,10,168,0,0,False,True,True,True,
1736035,BLACKSTONE SECURED LENDING FUND,BXSL,listed,,2024q1|2024q2|2024q3|2024q4|2025q1|2025q2|2025q3|2025q4,2023-12-31|2024-03-31|2024-06-30|2024-09-30|2024-12-31|2025-03-31|2025-06-30|2025-09-30,7283,3992,33.531,89.654,0.0,462,12703,0,0,0,True,False,True,False,already in 19-fund universe | no computable >=0.5pp source movements
1737924,NUVEEN CHURCHILL DIRECT LENDING CORP.,NCDL,listed,,2024q1|2024q2|2024q3|2024q4|2025q1|2025q2|2025q3|2025q4,2023-12-31|2024-03-31|2024-06-30|2024-09-30|2024-12-31|2025-03-31|2025-06-30|2025-09-30,6568,3474,31.606,82.758,0.0,60,975,0,0,0,True,False,True,False,no computable >=0.5pp source movements
1742313,MONROE CAPITAL INCOME PLUS CORP,,unknown,,2024q1|2024q2|2024q3|2024q4|2025q1|2025q2|2025q3|2025q4,2023-12-31|2024-03-31|2024-06-30|2024-09-30|2024-12-31|2025-03-31|2025-06-30|2025-09-30,10290,5585,61.114,80.036,0.0,4,1,789,0,0,False,True,True,True,
1743415,SCP PRIVATE CREDIT INCOME BDC LLC,,unknown,,2024q1|2024q2|2024q3|2024q4|2025q1|2025q2|2025q3|2025q4,2023-12-31|2024-03-31|2024-06-30|2024-09-30|2024-12-31|2025-03-31|2025-06-30|2025-09-30,685,318,72.187,76.73,77.044,4,17,34,0,0,False,True,True,True,
1747172,"KAYNE ANDERSON BDC, INC.",KBDC,listed,,2024q1|2024q2|2024q3|2024q4|2025q1|2025q2|2025q3|2025q4,2025-06-30|2025-09-30,1000,525,69.503,0.0,89.905,20,0,48,0,0,False,False,False,False,fewer than four position periods | no borrower-overlap candidate potential with existing universe
1747777,BLUE OWL TECHNOLOGY FINANCE CORP.,OTF,listed,,2024q1|2024q2|2024q3|2024q4|2025q1|2025q2|2025q3|2025q4,2023-12-31|2024-03-31|2024-06-30|2024-09-30|2024-12-31|2025-03-31|2025-06-30|2025-09-30,3955,2140,56.36,66.308,0.0,245,7336,234,212,44,True,False,True,True,
1766037,"NMF SLF I, INC.",,unknown,,2024q1|2024q2|2024q3|2024q4|2025q1|2025q2|2025q3|2025q4,2023-12-31|2024-03-31|2024-06-30|2024-09-30|2024-12-31|2025-03-31|2025-06-30|2025-09-30,7172,3759,57.178,49.375,0.0,303,13391,190,169,0,False,True,True,True,
1772704,GOLDMAN SACHS PRIVATE MIDDLE MARKET CREDIT II LLC,,unknown,,2024q1|2024q2|2024q3|2024q4|2025q1|2025q2|2025q3|2025q4,2023-12-31|2024-03-31|2024-06-30|2024-09-30|2024-12-31|2025-03-31|2025-06-30|2025-09-30,3904,1862,76.62,85.392,89.259,291,1648,222,165,0,False,True,True,True,
1779523,"MUZINICH BDC, INC.",,unknown,,2024q1|2024q2|2024q3|2024q4|2025q1|2025q2|2025q3|2025q4,2024-06-30|2024-09-30|2024-12-31|2025-03-31|2025-06-30|2025-09-30,189,107,50.467,0.0,28.972,2,3,17,0,0,False,True,True,True,
1781870,"NEW MOUNTAIN GUARDIAN III BDC, L.L.C.",,unknown,,2024q1|2024q2|2024q3|2024q4,2023-12-31|2024-03-31|2024-06-30|2024-09-30,2483,1146,58.862,62.129,0.0,170,3829,82,63,0,False,True,True,True,
1782524,MORGAN STANLEY DIRECT LENDING FUND,MSDL,listed,,2024q1|2024q2|2024q3|2024q4|2025q1|2025q2|2025q3|2025q4,2023-12-31|2024-03-31|2024-06-30|2024-09-30|2024-12-31|2025-03-31|2025-06-30|2025-09-30,7845,4155,61.198,93.357,13.045,133,8252,62,26,0,True,False,True,True,
1784700,VARAGON CAPITAL CORP,,unknown,,2024q1|2024q2|2024q3|2024q4|2025q1|2025q2|2025q3|2025q4,2023-12-31|2024-03-31|2024-06-30|2024-09-30|2024-12-31|2025-03-31|2025-06-30|2025-09-30,5767,3012,73.838,68.825,80.179,24,128,340,3,0,False,True,True,True,
1786108,TRINITY CAPITAL INC.,TRIN,listed,,2024q1|2024q2|2024q3|2024q4|2025q1|2025q2|2025q3|2025q4,2023-12-31|2024-03-31|2024-06-30|2024-09-30|2024-12-31|2025-03-31|2025-06-30|2025-09-30,8095,4206,58.282,0.0,63.386,0,0,900,0,0,True,False,True,False,no borrower-overlap candidate potential with existing universe
1786835,STAR MOUNTAIN LOWER MIDDLE-MARKET CAPITAL CORP,,unknown,,2024q2|2024q3|2024q4|2025q1|2025q2|2025q3|2025q4,2023-12-31|2024-03-31|2024-06-30|2024-09-30|2024-12-31|2025-03-31|2025-06-30|2025-09-30,2679,1388,58.253,28.026,30.331,20,64,370,1,0,False,True,True,True,
1792509,TRIPLEPOINT PRIVATE VENTURE CREDIT INC.,,unknown,,2024q1|2024q2|2024q3|2024q4|2025q1|2025q2|2025q3|2025q4,2023-12-31|2024-03-31|2024-06-30|2024-09-30|2024-12-31|2025-03-31|2025-06-30|2025-09-30,8707,4383,41.068,22.907,0.0,0,0,261,0,0,False,True,True,False,no borrower-overlap candidate potential with existing universe
1794776,PALMER SQUARE CAPITAL BDC INC.,PSBD,listed,,2024q1|2024q2|2024q3|2024q4|2025q1|2025q2|2025q3|2025q4,2024-09-30|2024-12-31|2025-03-31|2025-06-30|2025-09-30,2616,1340,81.377,91.866,95.746,2,15,437,2,0,True,False,True,True,
1803498,BLACKSTONE PRIVATE CREDIT FUND,BCRED,non-listed,,2024q1|2024q2|2024q3|2024q4|2025q1|2025q2|2025q3|2025q4,2023-12-31|2024-03-31|2024-06-30|2024-09-30|2024-12-31|2025-03-31|2025-06-30|2025-09-30,24101,12554,33.614,93.357,0.0,2078,15825,30,30,0,False,True,True,False,already in 19-fund universe
1807427,BLUE OWL CAPITAL CORP III,,unknown,,2024q1|2024q2|2024q3|2024q4,2023-12-31|2024-03-31|2024-06-30|2024-09-30,3072,1693,60.091,83.225,0.0,282,8967,207,202,177,False,True,True,True,
1811972,BARINGS CAPITAL INVESTMENT CORP,,unknown,,2024q1|2024q2|2024q3|2024q4|2025q1|2025q2|2025q3|2025q4,2023-12-31|2024-03-31|2024-06-30|2024-09-30|2024-12-31|2025-03-31|2025-06-30|2025-09-30,10458,5323,49.41,55.157,0.0,894,8755,664,648,631,False,True,True,True,
1812554,BLUE OWL CREDIT INCOME CORP.,OCIC,non-listed,,2024q1|2024q2|2024q3|2024q4|2025q1|2025q2|2025q3|2025q4,2023-12-31|2024-03-31|2024-06-30|2024-09-30|2024-12-31|2025-03-31|2025-06-30|2025-09-30,10017,5463,59.654,88.834,0.0,744,11181,884,884,0,False,True,True,False,already in 19-fund universe
1817825,STEELE CREEK CAPITAL CORP,,unknown,,2024q1|2024q2|2024q3|2024q4|2025q1|2025q2|2025q3|2025q4,2025-06-30|2025-09-30,982,510,61.983,0.0,79.412,0,0,56,0,0,False,False,False,False,fewer than four position periods | no borrower-overlap candidate potential with existing universe
1825248,FRANKLIN BSP CAPITAL CORP,FRBP,listed,,2024q1|2024q2|2024q3|2024q4|2025q1|2025q2|2025q3|2025q4,2023-12-31|2024-03-31|2024-06-30|2024-09-30|2024-12-31|2025-03-31|2025-06-30|2025-09-30,7001,3821,32.17,87.647,0.0,3,16,10,0,0,True,False,True,False,
1825265,TCW DIRECT LENDING VIII LLC,,unknown,,2024q1|2024q2|2024q3|2024q4|2025q1|2025q2|2025q3|2025q4,,0,0,0.0,0.0,0.0,0,0,0,0,0,False,False,False,False,fewer than 100 current-period facilities | fewer than four position periods | no borrower-overlap candidate potential with existing universe | no computable >=0.5pp source movements
1825384,STONE POINT CREDIT CORP,,unknown,,2024q1|2024q2|2024q3|2024q4|2025q1|2025q2|2025q3|2025q4,2023-12-31|2024-03-31|2024-06-30|2024-09-30|2024-12-31|2025-03-31|2025-06-30|2025-09-30,3322,1816,82.611,90.308,95.705,72,3182,313,100,0,False,True,True,True,
1825590,SL INVESTMENT CORP.,,unknown,,2024q1|2024q2,,0,0,0.0,0.0,0.0,0,0,0,0,0,False,False,False,False,fewer than 100 current-period facilities | fewer than four position periods | no borrower-overlap candidate potential with existing universe | no computable >=0.5pp source movements
1832148,SLR HC BDC LLC,,unknown,,2024q1|2024q2|2024q3|2024q4|2025q1|2025q2|2025q3|2025q4,2023-12-31|2024-03-31|2024-06-30|2024-09-30|2024-12-31|2025-03-31|2025-06-30|2025-09-30,571,297,75.159,81.145,87.542,2,9,37,0,0,False,True,True,True,
1834543,BLACKROCK DIRECT LENDING CORP.,,unknown,,2024q1|2024q2|2024q3|2024q4|2025q1|2025q2|2025q3|2025q4,2023-12-31|2024-03-31|2024-06-30|2024-09-30|2024-12-31|2025-03-31|2025-06-30|2025-09-30,3922,2049,79.99,71.498,89.751,4,42,171,0,0,False,True,True,True,
1837532,APOLLO DEBT SOLUTIONS BDC,,unknown,,2024q1|2024q2|2024q3|2024q4|2025q1|2025q2|2025q3|2025q4,2023-12-31|2024-03-31|2024-06-30|2024-09-30|2024-12-31|2025-03-31|2025-06-30|2025-09-30,10006,5816,64.479,68.191,71.647,183,512,778,0,0,False,True,True,True,
1838126,HPS CORPORATE LENDING FUND,HPS,non-listed,,2024q1|2024q2|2024q3|2024q4|2025q1|2025q2|2025q3|2025q4,2023-12-31|2024-03-31|2024-06-30|2024-09-30|2024-12-31|2025-03-31|2025-06-30|2025-09-30,9053,4968,31.092,73.953,0.0,557,7453,5,5,0,False,True,True,False,already in 19-fund universe
1841514,"COMMONWEALTH CREDIT PARTNERS BDC I, INC.",,unknown,,2024q1|2024q2|2024q3|2024q4|2025q1|2025q2|2025q3|2025q4,2023-12-31|2024-03-31|2024-06-30|2024-09-30|2024-12-31|2025-03-31|2025-06-30|2025-09-30,2019,1069,78.027,81.384,82.881,2,50,215,3,0,False,True,True,True,
1843162,"CHICAGO ATLANTIC BDC, INC.",LIEN,listed,,2024q1|2024q2|2024q3|2024q4|2025q1|2025q2|2025q3|2025q4,2023-12-31|2024-03-31|2024-06-30|2024-09-30|2024-12-31|2025-03-31|2025-06-30|2025-09-30,464,288,60.262,26.736,65.625,3,16,37,0,0,True,False,True,True,
1849089,"LAFAYETTE SQUARE USA, INC.",,unknown,,2024q1|2024q2|2024q3|2024q4|2025q1|2025q2|2025q3|2025q4,2023-12-31|2024-03-31|2024-06-30|2024-09-30|2024-12-31|2025-03-31|2025-06-30|2025-09-30,854,502,63.546,87.649,0.0,3,78,0,0,0,False,True,True,False,no computable >=0.5pp source movements
1849894,MSD INVESTMENT CORP.,,unknown,,2024q1|2024q2|2024q3|2024q4|2025q1|2025q2|2025q3|2025q4,2023-12-31|2024-03-31|2024-06-30|2024-09-30|2024-12-31|2025-03-31|2025-06-30|2025-09-30,2410,1356,74.607,77.729,85.841,0,0,230,0,0,False,True,True,False,no borrower-overlap candidate potential with existing universe
1850787,"KAYNE DL 2021, INC.",,unknown,,2024q1|2024q2|2024q3|2024q4|2025q1|2025q2|2025q3|2025q4,2025-06-30|2025-09-30,690,384,68.837,0.0,88.542,17,0,32,0,0,False,False,False,False,fewer than four position periods | no borrower-overlap candidate potential with existing universe
1850938,"WTI FUND X, INC.",,unknown,,2024q1|2024q2|2024q3|2024q4|2025q1|2025q2|2025q3|2025q4,2023-12-31|2024-03-31|2024-06-30|2024-09-30|2024-12-31|2025-03-31|2025-06-30|2025-09-30,3982,1960,53.56,0.0,0.0,0,0,423,0,0,False,True,True,False,no borrower-overlap candidate potential with existing universe
1851277,CARLYLE SECURED LENDING III,,unknown,,2024q1|2024q2|2024q3|2024q4,2023-12-31|2024-03-31|2024-06-30|2024-09-30,708,388,64.376,89.691,0.0,102,473,95,90,0,False,True,True,True,
1851322,NORTH HAVEN PRIVATE INCOME FUND LLC,,unknown,,2024q1|2024q2|2024q3|2024q4|2025q1|2025q2|2025q3|2025q4,2023-12-31|2024-03-31|2024-06-30|2024-09-30|2024-12-31|2025-03-31|2025-06-30|2025-09-30,8247,4485,41.023,96.433,14.158,239,9214,0,0,0,False,True,True,False,no computable >=0.5pp source movements
1859919,BARINGS PRIVATE CREDIT CORP,,unknown,,2024q1|2024q2|2024q3|2024q4|2025q1|2025q2|2025q3|2025q4,2023-12-31|2024-03-31|2024-06-30|2024-09-30|2024-12-31|2025-03-31|2025-06-30|2025-09-30,12001,6102,50.53,59.8,0.0,933,9446,774,682,650,False,True,True,True,
1860424,ONEX DIRECT LENDING BDC FUND,,unknown,,2024q1|2024q2|2024q3|2024q4|2025q1|2025q2|2025q3|2025q4,2023-12-31|2024-03-31|2024-06-30|2024-09-30|2024-12-31|2025-03-31|2025-06-30|2025-09-30,1343,712,68.18,72.331,64.045,3,91,101,0,0,False,True,True,True,
1865174,GOLDMAN SACHS MIDDLE MARKET LENDING CORP. II,,unknown,,2024q1|2024q2|2024q3|2024q4|2025q1|2025q2|2025q3,2023-12-31|2024-03-31|2024-06-30|2024-09-30|2024-12-31|2025-03-31|2025-06-30,2942,1631,77.103,90.435,90.987,321,1493,241,185,0,False,True,True,True,
1868878,GOLUB CAPITAL DIRECT LENDING CORP,,unknown,,2024q1|2024q2|2024q3|2024q4|2025q1|2025q2|2025q3|2025q4,2023-12-31|2024-03-31|2024-06-30|2024-09-30|2024-12-31|2025-03-31|2025-06-30|2025-09-30,11631,6487,36.305,84.122,0.0,452,28251,19,18,0,False,True,True,False,
1869453,BLUE OWL TECHNOLOGY INCOME CORP.,,unknown,,2024q1|2024q2|2024q3|2024q4|2025q1|2025q2|2025q3|2025q4,2023-12-31|2024-03-31|2024-06-30|2024-09-30|2024-12-31|2025-03-31|2025-06-30|2025-09-30,3686,2085,62.611,89.784,0.0,256,8571,360,328,0,False,True,True,True,
1870267,REDWOOD ENHANCED INCOME CORP.,,unknown,,2024q1|2024q2|2024q3|2024q4|2025q1|2025q2|2025q3|2025q4,2023-12-31|2024-03-31|2024-06-30|2024-09-30|2024-12-31|2025-03-31|2025-06-30|2025-09-30,951,502,77.933,77.49,89.044,10,56,135,9,0,False,True,True,True,
1872371,OAKTREE STRATEGIC CREDIT FUND,,unknown,,2024q1|2024q2|2024q3|2024q4|2025q1|2025q2|2025q3|2025q4,2023-12-31|2024-03-31|2024-06-30|2024-09-30|2024-12-31|2025-03-31|2025-06-30|2025-09-30,4896,2652,60.508,83.673,0.0,119,5029,361,191,0,False,True,True,True,
1885968,T SERIES MIDDLE MARKET LOAN FUND LLC,,unknown,,2024q1|2024q2|2024q3|2024q4|2025q1|2025q2|2025q3|2025q4,,0,0,0.0,0.0,0.0,0,0,0,0,0,False,False,False,False,fewer than 100 current-period facilities | fewer than four position periods | no borrower-overlap candidate potential with existing universe | no computable >=0.5pp source movements
1889668,BLUE OWL TECHNOLOGY FINANCE CORP. II,,unknown,,2024q1|2024q2|2024q3|2024q4|2025q1,2023-12-31|2024-03-31|2024-06-30|2024-09-30|2024-12-31,1885,1093,59.968,84.172,0.0,162,4844,128,117,0,False,True,True,True,
1890107,FIRST EAGLE PRIVATE CREDIT FUND,,unknown,,2024q1|2024q2|2024q3|2024q4|2025q1|2025q2|2025q3|2025q4,2023-12-31|2024-03-31|2024-06-30|2024-09-30|2024-12-31|2025-03-31|2025-06-30|2025-09-30,2475,1535,78.313,87.231,87.296,0,0,234,0,0,False,True,True,False,no borrower-overlap candidate potential with existing universe
1895316,BRIGHTWOOD CAPITAL CORP I,,unknown,,2024q1|2024q2|2024q3|2024q4|2025q1|2025q2|2025q3|2025q4,2023-12-31|2024-03-31|2024-06-30|2024-09-30|2024-12-31|2025-03-31|2025-06-30|2025-09-30,1226,690,77.536,84.058,87.101,9,137,127,9,0,False,True,True,True,
1899017,BAIN CAPITAL PRIVATE CREDIT,,unknown,,2024q1|2024q2|2024q3|2024q4|2025q1|2025q2|2025q3|2025q4,2023-12-31|2024-03-31|2024-06-30|2024-09-30|2024-12-31|2025-03-31|2025-06-30|2025-09-30,1896,1286,78.089,73.872,89.114,0,0,268,0,0,False,True,True,False,no borrower-overlap candidate potential with existing universe
1899996,FIDELITY PRIVATE CREDIT CO LLC,,unknown,,2024q1|2024q2|2024q3|2024q4|2025q1|2025q2|2025q3|2025q4,2023-12-31|2024-03-31|2024-06-30|2024-09-30|2024-12-31|2025-03-31|2025-06-30|2025-09-30,3500,1957,70.596,55.34,69.239,0,0,353,0,0,False,True,True,False,no borrower-overlap candidate potential with existing universe
1901037,STELLUS PRIVATE CREDIT BDC,,unknown,,2024q1|2024q2|2024q3|2024q4|2025q1|2025q2|2025q3|2025q4,2023-12-31|2024-03-31|2024-06-30|2024-09-30|2024-12-31|2025-03-31|2025-06-30|2025-09-30,3011,1707,59.988,65.847,69.244,4,213,231,10,0,False,True,True,True,
1901164,T. ROWE PRICE OHA SELECT PRIVATE CREDIT FUND,,unknown,,2024q1|2024q2|2024q3|2024q4|2025q1|2025q2|2025q3|2025q4,2024-03-31|2024-06-30|2024-09-30|2024-12-31|2025-03-31|2025-06-30|2025-09-30,3623,1961,33.345,97.348,0.0,70,3706,2,0,0,False,True,True,False,
1901606,GOLUB CAPITAL DIRECT LENDING UNLEVERED CORP,,unknown,,2024q1|2024q2|2024q3|2024q4|2025q1|2025q2|2025q3|2025q4,2023-12-31|2024-03-31|2024-06-30|2024-09-30|2024-12-31|2025-03-31|2025-06-30|2025-09-30,6033,3525,35.505,84.426,0.0,274,14657,10,10,0,False,True,True,False,
1901612,"GOLUB CAPITAL BDC 4, INC.",,unknown,,2024q1|2024q2|2024q3|2024q4|2025q1|2025q2|2025q3|2025q4,2023-12-31|2024-03-31|2024-06-30|2024-09-30|2024-12-31|2025-03-31|2025-06-30|2025-09-30,7126,4226,35.418,85.376,0.0,324,17519,11,11,0,False,True,True,False,
1902649,BLACKROCK PRIVATE CREDIT FUND,,unknown,,2024q1|2024q2|2024q3|2024q4|2025q1|2025q2|2025q3|2025q4,2023-12-31|2024-03-31|2024-06-30|2024-09-30|2024-12-31|2025-03-31|2025-06-30|2025-09-30,4954,2730,83.146,87.509,92.857,4,29,385,0,0,False,True,True,True,
1905824,PIMCO CAPITAL SOLUTIONS BDC CORP.,,unknown,,2024q1|2024q2|2024q3|2024q4|2025q1|2025q2|2025q3|2025q4,2023-12-31|2024-03-31|2024-06-30|2024-09-30|2024-12-31|2025-03-31|2025-06-30|2025-09-30,1153,629,67.161,46.741,59.936,3,10,130,0,0,False,True,True,True,
1911066,NUVEEN CHURCHILL PRIVATE CAPITAL INCOME FUND,,unknown,,2024q1|2024q2|2024q3|2024q4|2025q1|2025q2|2025q3|2025q4,2023-12-31|2024-03-31|2024-06-30|2024-09-30|2024-12-31|2025-03-31|2025-06-30|2025-09-30,5712,3245,31.69,83.667,0.0,112,1996,3,0,0,False,True,True,False,
1911321,KENNEDY LEWIS CAPITAL CO,,unknown,,2024q1|2024q2|2024q3|2024q4|2025q1|2025q2|2025q3|2025q4,2023-12-31|2024-03-31|2024-06-30|2024-09-30|2024-12-31|2025-03-31|2025-06-30|2025-09-30,2110,1141,79.248,76.775,77.651,2,11,158,0,0,False,True,True,True,
1913724,TPG TWIN BROOK CAPITAL INCOME FUND,,unknown,,2024q1|2024q2|2024q3|2024q4|2025q1|2025q2|2025q3|2025q4,2023-12-31|2024-03-31|2024-06-30|2024-09-30|2024-12-31|2025-03-31|2025-06-30|2025-09-30,9129,5042,63.584,96.351,0.0,9,58,871,9,0,False,True,True,True,
1916099,DIAMETER CREDIT CO,,unknown,,2024q2|2024q3|2024q4|2025q1|2025q2|2025q3|2025q4,2024-03-31|2024-06-30|2024-09-30|2024-12-31|2025-03-31|2025-06-30|2025-09-30,885,614,77.362,76.221,82.248,0,0,81,0,0,False,True,True,False,no borrower-overlap candidate potential with existing universe
1916608,TCW STAR DIRECT LENDING LLC,,unknown,,2024q1|2024q2|2024q3|2024q4|2025q1|2025q2|2025q3|2025q4,2023-12-31|2024-03-31|2024-06-30|2024-09-30|2024-12-31|2025-03-31|2025-06-30|2025-09-30,700,413,65.026,69.492,69.734,3,33,81,0,0,False,True,True,True,
1918712,ARES STRATEGIC INCOME FUND,ASIF,non-listed,,2024q1|2024q2|2024q3|2024q4|2025q1|2025q2|2025q3|2025q4,2023-12-31|2024-03-31|2024-06-30|2024-09-30|2024-12-31|2025-03-31|2025-06-30|2025-09-30,9871,5952,58.565,77.184,0.0,1131,7397,855,855,0,False,True,True,False,already in 19-fund universe
1919369,VISTA CREDIT STRATEGIC LENDING CORP.,,unknown,,2024q1|2024q2|2024q3|2024q4|2025q1|2025q2|2025q3|2025q4,2023-12-31|2024-03-31|2024-06-30|2024-09-30|2024-12-31|2025-03-31|2025-06-30|2025-09-30,455,273,54.497,84.982,48.718,26,430,14,0,0,False,True,True,True,
1920145,GOLDMAN SACHS PRIVATE CREDIT CORP.,,unknown,,2024q1|2024q2|2024q3|2024q4|2025q1|2025q2|2025q3|2025q4,2023-12-31|2024-03-31|2024-06-30|2024-09-30|2024-12-31|2025-03-31|2025-06-30|2025-09-30,5690,3384,81.248,95.804,96.129,372,1633,604,184,0,False,True,True,True,
1920453,FIDELITY PRIVATE CREDIT FUND,,unknown,,2024q1|2024q2|2024q3|2024q4|2025q1|2025q2|2025q3|2025q4,2023-12-31|2024-03-31|2024-06-30|2024-09-30|2024-12-31|2025-03-31|2025-06-30|2025-09-30,3281,2007,72.579,58.296,71.45,0,0,281,0,0,False,True,True,False,no borrower-overlap candidate potential with existing universe
1922947,WELLINGS REAL ESTATE INCOME FUND,,unknown,,2024q1|2024q2|2024q3|2024q4|2025q1|2025q2,2024-03-31|2024-06-30|2024-09-30|2024-12-31|2025-03-31,231,128,44.01,0.0,0.0,0,0,0,0,0,False,True,True,False,no borrower-overlap candidate potential with existing universe | no computable >=0.5pp source movements
1923622,PGIM PRIVATE CREDIT FUND,PGIM,listed,,2024q1|2024q2|2024q3|2024q4|2025q1|2025q2|2025q3|2025q4,2023-12-31|2024-03-31|2024-06-30|2024-09-30|2024-12-31|2025-03-31|2025-06-30|2025-09-30,1338,749,44.667,0.0,99.599,3,21,59,0,0,True,False,True,True,
1925309,SIXTH STREET LENDING PARTNERS,,unknown,,2024q1|2024q2|2024q3|2024q4|2025q1|2025q2|2025q3|2025q4,2023-12-31|2024-03-31|2024-06-30|2024-09-30|2024-12-31|2025-03-31|2025-06-30|2025-09-30,1504,866,67.526,74.942,0.0,123,581,245,114,0,False,True,True,True,
1925531,"NEW MOUNTAIN GUARDIAN IV BDC, L.L.C.",,unknown,,2024q1|2024q2|2024q3|2024q4|2025q1|2025q2|2025q3|2025q4,2023-12-31|2024-03-31|2024-06-30|2024-09-30|2024-12-31|2025-03-31|2025-06-30|2025-09-30,5319,3086,57.673,46.403,0.0,270,10275,135,114,0,False,True,True,True,
1930087,GOLUB CAPITAL PRIVATE CREDIT FUND,,unknown,,2024q1|2024q2|2024q3|2024q4|2025q1|2025q2|2025q3|2025q4,2023-12-31|2024-03-31|2024-06-30|2024-09-30|2024-12-31|2025-03-31|2025-06-30|2025-09-30,7135,4371,40.708,90.345,0.0,436,14885,242,146,0,False,True,True,True,
1930679,KKR FS INCOME TRUST,,unknown,,2024q1|2024q2|2024q3|2024q4|2025q1|2025q2|2025q3|2025q4,2023-12-31|2024-03-31|2024-06-30|2024-09-30|2024-12-31|2025-03-31|2025-06-30|2025-09-30,2762,1764,35.695,81.122,0.0,171,4600,9,5,0,False,True,True,False,
1932591,SLR PRIVATE CREDIT BDC II LLC,,unknown,,2024q1|2024q2|2024q3|2024q4|2025q1|2025q2|2025q3|2025q4,2023-12-31|2024-03-31|2024-06-30|2024-09-30|2024-12-31|2025-03-31|2025-06-30|2025-09-30,465,264,64.857,0.0,93.561,2,8,37,0,0,False,True,True,True,
1944831,WILLOW TREE CAPITAL CORP,,unknown,,2024q4|2025q1|2025q2|2025q3|2025q4,2024-12-31|2025-03-31|2025-06-30|2025-09-30,873,543,36.648,81.4,0.0,15,473,0,0,0,False,True,True,False,no computable >=0.5pp source movements
1948368,PHILLIP STREET MIDDLE MARKET LENDING FUND LLC,,unknown,,2024q1|2024q2|2024q3|2024q4|2025q1|2025q2|2025q3|2025q4,2023-12-31|2024-03-31|2024-06-30|2024-09-30|2024-12-31|2025-03-31|2025-06-30|2025-09-30,2062,1237,80.697,94.099,94.26,276,1236,146,121,0,False,True,True,True,
1950572,BIP VENTURES EVERGREEN BDC,,unknown,,2024q1|2024q2|2024q3|2024q4|2025q1|2025q2|2025q3|2025q4,2025-06-30|2025-09-30,59,39,49.003,0.0,20.513,0,0,0,0,0,False,False,False,False,fewer than 100 current-period facilities | fewer than four position periods | no borrower-overlap candidate potential with existing universe | no computable >=0.5pp source movements
1950803,STEPSTONE PRIVATE CREDIT FUND LLC,,unknown,,2024q1|2024q2|2024q3|2024q4|2025q1|2025q2|2025q3|2025q4,2023-12-31|2024-03-31|2024-06-30|2024-09-30|2024-12-31|2025-03-31|2025-06-30|2025-09-30,8714,5511,76.084,27.4,92.56,5,10,636,0,0,False,True,True,True,
1950976,"26NORTH BDC, INC.",,unknown,,2024q2|2024q3|2024q4|2025q1|2025q2|2025q3|2025q4,2024-03-31|2024-06-30|2024-09-30|2024-12-31|2025-03-31|2025-06-30|2025-09-30,646,431,84.816,97.216,97.216,1,11,34,0,0,False,True,True,True,
1954360,CRESCENT PRIVATE CREDIT INCOME CORP,,unknown,,2024q1|2024q2|2024q3|2024q4|2025q1|2025q2|2025q3|2025q4,2023-12-31|2024-03-31|2024-06-30|2024-09-30|2024-12-31|2025-03-31|2025-06-30|2025-09-30,2787,1709,69.215,73.727,42.188,1,38,231,0,0,False,True,True,True,
1955010,OHA SENIOR PRIVATE LENDING FUND (U) LLC,,unknown,,2024q1|2024q2|2024q3|2024q4|2025q1|2025q2|2025q3|2025q4,2023-12-31|2024-03-31|2024-06-30|2024-09-30|2024-12-31|2025-03-31|2025-06-30|2025-09-30,2170,1213,33.205,98.846,0.0,45,2150,0,0,0,False,True,True,False,no computable >=0.5pp source movements
1959568,"SENIOR CREDIT INVESTMENTS, LLC",,unknown,,2024q1|2024q2|2024q3|2024q4|2025q1|2025q2|2025q3|2025q4,2023-12-31|2024-03-31|2024-06-30|2024-09-30|2024-12-31|2025-03-31|2025-06-30|2025-09-30,1638,1023,77.311,89.052,89.638,0,0,127,0,0,False,True,True,False,no borrower-overlap candidate potential with existing universe
1959604,JEFFERIES CREDIT PARTNERS BDC INC.,,unknown,,2024q1|2024q2|2024q3|2024q4|2025q1|2025q2|2025q3|2025q4,2023-12-31|2024-03-31|2024-06-30|2024-09-30|2024-12-31|2025-03-31|2025-06-30|2025-09-30,1635,1060,77.631,89.34,89.906,0,0,126,0,0,False,True,True,False,no borrower-overlap candidate potential with existing universe
1965934,OVERLAND ADVANTAGE,,unknown,,2024q2|2024q3|2024q4|2025q1|2025q2|2025q3|2025q4,2024-06-30|2024-09-30|2024-12-31|2025-03-31|2025-06-30|2025-09-30,651,431,82.573,87.007,86.775,1,30,102,0,0,False,True,True,True,
1973476,NORTH HAVEN PRIVATE INCOME FUND A LLC,,unknown,,2024q1|2024q2|2024q3|2024q4|2025q1|2025q2|2025q3|2025q4,2023-12-31|2024-03-31|2024-06-30|2024-09-30|2024-12-31|2025-03-31|2025-06-30|2025-09-30,3137,1930,43.189,98.29,17.927,102,4794,0,0,0,False,True,True,False,no computable >=0.5pp source movements
1974793,"OAKTREE GARDENS OLP, LLC",,unknown,,2024q1|2024q2|2024q3|2024q4|2025q1|2025q2|2025q3|2025q4,2023-12-31|2024-03-31|2024-06-30|2024-09-30|2024-12-31|2025-03-31|2025-06-30|2025-09-30,638,402,64.898,95.025,0.0,21,1135,12,11,0,False,True,True,True,
1975736,KKR FS INCOME TRUST SELECT,,unknown,,2024q2|2024q3|2024q4|2025q1|2025q2|2025q3|2025q4,2024-03-31|2024-06-30|2024-09-30|2024-12-31|2025-03-31|2025-06-30|2025-09-30,1617,1146,35.65,95.375,0.0,101,3318,3,2,0,False,True,True,False,
1976336,ANTARES PRIVATE CREDIT FUND,,unknown,,2025q1|2025q2|2025q3|2025q4,2024-12-31|2025-03-31|2025-06-30|2025-09-30,4900,3014,81.575,93.928,94.161,1,2,355,0,0,False,True,True,True,
1976719,"NEW MOUNTAIN GUARDIAN IV INCOME FUND, L.L.C.",,unknown,,2024q1|2024q2|2024q3|2024q4|2025q1|2025q2|2025q3|2025q4,2023-12-31|2024-03-31|2024-06-30|2024-09-30|2024-12-31|2025-03-31|2025-06-30|2025-09-30,3911,2378,57.635,44.87,0.0,238,7621,115,100,0,False,True,True,True,
1979306,"ANDALUSIAN CREDIT COMPANY, LLC",,unknown,,2024q2|2024q3|2024q4|2025q1|2025q2|2025q3|2025q4,2024-03-31|2024-06-30|2024-09-30|2024-12-31|2025-03-31|2025-06-30|2025-09-30,202,139,86.171,100.0,100.0,0,0,12,0,0,False,True,True,False,no borrower-overlap candidate potential with existing universe
1982701,AB PRIVATE LENDING FUND,,unknown,,2024q3|2024q4|2025q1|2025q2|2025q3|2025q4,2024-06-30|2024-09-30|2024-12-31|2025-03-31|2025-06-30|2025-09-30,1885,1267,79.277,95.343,95.817,1,1,59,0,0,False,True,True,True,
1983514,LGAM PRIVATE CREDIT LLC,,unknown,,2024q1|2024q2|2024q3|2024q4|2025q1|2025q2|2025q3|2025q4,2023-12-31|2024-03-31|2024-06-30|2024-09-30|2024-12-31|2025-03-31|2025-06-30|2025-09-30,2427,1520,66.469,97.039,18.75,77,4266,34,23,0,False,True,True,True,
1985375,"MUZINICH CORPORATE LENDING INCOME FUND, INC.",,unknown,,2024q1|2024q2|2024q3|2024q4|2025q1|2025q2|2025q3|2025q4,2025-06-30|2025-09-30,279,133,57.393,0.0,85.714,2,3,21,0,0,False,False,False,False,fewer than four position periods
1987221,JOHN HANCOCK COMVEST PRIVATE INCOME FUND,,unknown,,2024q1|2024q2|2024q3|2024q4|2025q1|2025q2|2025q3|2025q4,2023-12-31|2024-03-31|2024-06-30|2024-09-30|2024-12-31|2025-03-31|2025-06-30|2025-09-30,1243,771,81.626,90.013,91.44,1,69,103,2,0,False,True,True,True,
1987731,"WTI FUND XI, INC.",,unknown,,2024q2|2024q3|2024q4|2025q1|2025q2|2025q3|2025q4,2024-06-30|2024-09-30|2024-12-31|2025-03-31|2025-06-30|2025-09-30,315,219,53.881,0.0,0.0,0,0,82,0,0,False,True,True,False,no borrower-overlap candidate potential with existing universe
1988280,MANULIFE PRIVATE CREDIT FUND,,unknown,,2024q2|2024q3|2024q4|2025q1|2025q2|2025q3|2025q4,2024-03-31|2024-06-30|2024-09-30|2024-12-31|2025-03-31|2025-06-30|2025-09-30,1939,1155,66.032,58.961,100.0,0,0,208,0,0,False,True,True,False,no borrower-overlap candidate potential with existing universe
1989817,HPS CORPORATE CAPITAL SOLUTIONS FUND,,unknown,,2024q2|2024q3|2024q4|2025q1|2025q2|2025q3|2025q4,2024-06-30|2024-09-30|2024-12-31|2025-03-31|2025-06-30|2025-09-30,1668,1179,31.137,78.032,0.0,178,2455,3,3,0,False,True,True,False,
1993402,ANTARES STRATEGIC CREDIT FUND,,unknown,,2024q2|2024q3|2024q4|2025q1|2025q2|2025q3|2025q4,2024-03-31|2024-06-30|2024-09-30|2024-12-31|2025-03-31|2025-06-30|2025-09-30,7655,5447,75.989,86.084,86.763,1,5,795,0,0,False,True,True,True,
1998387,5C LENDING PARTNERS CORP.,,unknown,,2024q4|2025q1|2025q2|2025q3|2025q4,2024-12-31|2025-03-31|2025-06-30|2025-09-30,75,68,76.634,88.235,86.765,1,5,2,0,0,False,False,True,False,fewer than 100 current-period facilities
1999538,X1 CAPITAL INC.,,unknown,,2024q1|2024q2|2024q3|2024q4|2025q1|2025q2|2025q4,,0,0,0.0,0.0,0.0,0,0,0,0,0,False,False,False,False,fewer than 100 current-period facilities | fewer than four position periods | no borrower-overlap candidate potential with existing universe | no computable >=0.5pp source movements
2006758,MIDCAP APOLLO INSTITUTIONAL PRIVATE LENDING,,unknown,,2024q3|2024q4|2025q1|2025q2|2025q3|2025q4,2024-06-30|2024-09-30|2024-12-31|2025-03-31|2025-06-30|2025-09-30,2661,1554,66.166,71.042,72.329,105,214,85,0,0,False,True,True,True,
2008748,LORD ABBETT PRIVATE CREDIT FUND,,unknown,,2024q4|2025q1|2025q2|2025q3|2025q4,,0,0,0.0,0.0,0.0,0,0,0,0,0,False,False,False,False,fewer than 100 current-period facilities | fewer than four position periods | no borrower-overlap candidate potential with existing universe | no computable >=0.5pp source movements
2011498,AGL PRIVATE CREDIT INCOME FUND,,unknown,,2024q4|2025q1|2025q2|2025q3|2025q4,2024-12-31|2025-03-31|2025-06-30|2025-09-30,365,251,80.965,92.032,92.43,1,1,17,0,0,False,True,True,True,
2012139,FORTRESS PRIVATE LENDING FUND,,unknown,,2025q3|2025q4,2025-06-30|2025-09-30,150,150,83.926,93.333,93.333,0,0,12,0,0,False,False,False,False,fewer than four position periods | no borrower-overlap candidate potential with existing universe
2012839,KKR ENHANCED US DIRECT LENDING FUND-L INC.,,unknown,,2024q3|2024q4|2025q1|2025q2|2025q3|2025q4,2024-06-30|2024-09-30|2024-12-31|2025-03-31|2025-06-30|2025-09-30,1862,1259,33.263,99.365,0.0,25,2263,0,0,0,False,True,True,False,no computable >=0.5pp source movements
2017636,"CCS IX PORTFOLIO HOLDINGS, LLC",,unknown,,2025q2|2025q3|2025q4,2025-03-31|2025-06-30|2025-09-30,49,49,65.986,42.857,75.51,1,5,3,0,0,False,False,False,False,fewer than 100 current-period facilities | fewer than four position periods
2018545,FRANKLIN BSP REAL ESTATE DEBT BDC,,unknown,,2024q3|2024q4|2025q1|2025q2|2025q3,2024-06-30|2024-09-30|2024-12-31|2025-03-31|2025-06-30,264,186,33.094,97.849,0.0,0,0,0,0,0,False,True,True,False,no borrower-overlap candidate potential with existing universe | no computable >=0.5pp source movements
2020354,WEST BAY BDC LLC,,unknown,,2024q4|2025q1|2025q2|2025q3|2025q4,2024-09-30|2024-12-31|2025-03-31|2025-06-30|2025-09-30,198,169,83.629,91.716,91.716,7,15,12,0,0,False,True,True,True,
2022625,NUVEEN CHURCHILL PRIVATE CREDIT FUND,,unknown,,2024q3,2024-07-31,160,160,33.264,99.375,0.0,15,0,0,0,0,False,False,False,False,fewer than four position periods | no borrower-overlap candidate potential with existing universe | no computable >=0.5pp source movements
2027033,EAGLE POINT TRINITY SENIOR SECURED LENDING CO,,unknown,,2025q4,2025-09-30,352,225,48.247,35.556,0.0,0,0,0,0,0,False,False,False,False,fewer than four position periods | no borrower-overlap candidate potential with existing universe | no computable >=0.5pp source movements
2028686,SL INVESTMENT FUND II LLC,,unknown,,2025q1|2025q2|2025q3|2025q4,2025-09-30,275,164,87.873,97.561,98.171,0,0,0,0,0,False,False,False,False,fewer than four position periods | no borrower-overlap candidate potential with existing universe | no computable >=0.5pp source movements
2031283,STONE POINT CREDIT INCOME FUND,,unknown,,2025q1|2025q2|2025q3|2025q4,2025-03-31|2025-06-30|2025-09-30,472,472,62.618,97.881,0.0,41,1523,39,13,0,False,False,False,False,fewer than four position periods
2031750,ARES CORE INFRASTRUCTURE FUND,,unknown,,2025q1|2025q2|2025q3|2025q4,2024-09-30|2024-12-31|2025-03-31|2025-06-30|2025-09-30,119,116,62.835,90.517,0.0,36,150,10,9,0,False,True,True,True,
2033362,"AUDAX PRIVATE CREDIT FUND, LLC",,unknown,,2025q3|2025q4,2025-06-30|2025-09-30,828,495,68.777,52.727,54.141,0,0,7,0,0,False,False,False,False,fewer than four position periods | no borrower-overlap candidate potential with existing universe
2035713,"CRESTLINE LENDING SOLUTIONS, LLC",,unknown,,2025q4,2025-09-30,99,68,65.196,94.118,0.0,7,9,0,0,0,False,False,False,False,fewer than 100 current-period facilities | fewer than four position periods | no computable >=0.5pp source movements
2037804,NEW MOUNTAIN PRIVATE CREDIT FUND,,unknown,,2025q1|2025q2|2025q3|2025q4,2024-12-31|2025-03-31|2025-06-30|2025-09-30,2237,1218,57.179,56.897,0.0,197,3676,59,51,0,False,True,True,True,
2041841,LORD ABBETT PRIVATE CREDIT FUND S,,unknown,,2025q2|2025q3|2025q4,,0,0,0.0,0.0,0.0,0,0,0,0,0,False,False,False,False,fewer than 100 current-period facilities | fewer than four position periods | no borrower-overlap candidate potential with existing universe | no computable >=0.5pp source movements
2043759,LAGO EVERGREEN CREDIT,,unknown,,2025q2|2025q3|2025q4,2025-06-30|2025-09-30,76,76,72.515,56.579,97.368,0,0,0,0,0,False,False,False,False,fewer than 100 current-period facilities | fewer than four position periods | no borrower-overlap candidate potential with existing universe | no computable >=0.5pp source movements
2045370,REMORA CAPITAL CORP,,unknown,,2025q4,2025-09-30,151,151,62.693,0.0,74.834,0,0,0,0,0,False,False,False,False,fewer than four position periods | no borrower-overlap candidate potential with existing universe | no computable >=0.5pp source movements
2049733,BLACKSTONE PRIVATE REAL ESTATE CREDIT & INCOME FUND,,unknown,,2025q3|2025q4,2025-06-30|2025-09-30,159,159,28.372,46.541,0.0,0,0,1,0,0,False,False,False,False,fewer than four position periods | no borrower-overlap candidate potential with existing universe
2052152,APOLLO ORIGINATION II (LEVERED) CAPITAL TRUST,,unknown,,2025q2|2025q3|2025q4,2025-03-31|2025-06-30|2025-09-30,418,418,66.348,67.225,70.096,39,127,39,0,0,False,False,False,False,fewer than four position periods
2052153,APOLLO ORIGINATION II (UL) CAPITAL TRUST,,unknown,,2025q2|2025q3|2025q4,2025-03-31|2025-06-30|2025-09-30,429,429,66.356,67.599,69.93,55,248,47,0,0,False,False,False,False,fewer than four position periods
2065397,ANTARES STRATEGIC CREDIT FUND II LLC,,unknown,,2025q4,2025-09-30,118,118,84.275,99.153,99.153,0,0,0,0,0,False,False,False,False,fewer than four position periods | no borrower-overlap candidate potential with existing universe | no computable >=0.5pp source movements
2071136,NUVEEN CHURCHILL BDC V,,unknown,,2025q4,2025-09-30,134,134,32.587,90.299,0.0,9,27,0,0,0,False,False,False,False,fewer than four position periods | no computable >=0.5pp source movements
2077250,STONE POINT CREDIT INCOME FUND - SELECT,,unknown,,2025q4,,0,0,0.0,0.0,0.0,0,0,0,0,0,False,False,False,False,fewer than 100 current-period facilities | fewer than four position periods | no borrower-overlap candidate potential with existing universe | no computable >=0.5pp source movements
