review_observation_id,source_event_cluster_id,normalized_borrower,source_ticker,target_ticker,target_prior_identifier,target_prior_facility_type,target_prior_lien,target_prior_currency,target_prior_reference_rate,target_prior_spread,target_prior_maturity,target_prior_funded_status,target_prior_constituent_descriptions,target_prior_aggregation_lot_count,target_prior_evidence_id,target_current_identifier,target_current_facility_type,target_current_lien,target_current_currency,target_current_reference_rate,target_current_spread,target_current_maturity,target_current_funded_status,target_current_constituent_descriptions,target_current_aggregation_lot_count,target_current_evidence_id,target_current_same_facility,target_current_aggregation_valid,position_status,structural_notes
D5EV_d57ac7fd49b33f3394c88abc,D5EC_8c85826ce74d7f7af8420baf,allen media,OFS,CION,"Allen Media, LLC, Senior Secured First Lien Debt, 2/10/2027 Maturity",other_debt,first_lien,UNKNOWN,UNKNOWN,0.055,,funded,"[""Allen Media, LLC, Senior Secured First Lien Debt, 2/10/2027 Maturity""]",1,EVID_4df8900c188f7ec5caecab0e3ede,,,,,,,,,[],,,uncertain,uncertain,unmatched_disappearance,"Reviewer I: No target-current candidate displayed: current identifier, facility type, lien, currency, reference rate, spread, maturity, funded status, constituent descriptions and aggregation lot count are all blank. Target-prior shows 'Allen Media, LLC, Senior Secured First Lien Debt, 2/10/2027 Maturity' (other_debt, first_lien, currency UNKNOWN, reference rate UNKNOWN, spread 0.055, maturity blank, funded, 1 lot). Blank current side is missing evidence, not proof of difference, so same-facility and aggregation cannot be judged; displayed structure does not distinguish repayment, sale or amendment, so the position is recorded only as unmatched. | Reviewer J: No current candidate or constituents are displayed for the prior funded first-lien other-debt; displayed fields cannot distinguish repayment from sale."
D5EV_f2bba31f83c7353b48576093,D5EC_d14c24de438d18275de4f4c3,community brands parentco,NMFC,OTF,"Community Brands ParentCo, LLC, First lien senior secured loan",other_debt,first_lien,UNKNOWN,UNKNOWN,0.055,,funded,"[""Community Brands ParentCo, LLC, First lien senior secured loan""]",1,EVID_0790a05193f3a0a13cd46584e6ca,"Community Brands ParentCo, LLC, First lien senior secured loan",other_debt,first_lien,UNKNOWN,UNKNOWN,0.055,,funded,"[""Community Brands ParentCo, LLC, First lien senior secured loan""]",1,D5SE_83910bc17c3f9757cb7ac5f4,yes,yes,continuing,"Reviewer I: Target-prior and target-current identifiers are identical ('Community Brands ParentCo, LLC, First lien senior secured loan'); facility type other_debt, lien first_lien, currency UNKNOWN, reference rate UNKNOWN, spread 0.055, maturity blank and funded status funded agree on both sides; 1 aggregation lot on each side with identical constituent description. No displayed structural conflict in debt form, lien, currency or funded status. | Reviewer J: Prior/current identifier, other-debt type, first-lien, spread 0.055, funded status, and one-lot constituent descriptions match. currency, reference rate, and maturity are not displayed."
D5EV_7c83982d1c79c64ac8affcb2,D5EC_b94b2012498895e5f2f778fd,greenway health,NMFC,OTF,"Greenway Health, LLC, First lien senior secured loan",other_debt,first_lien,UNKNOWN,UNKNOWN,0.0675,,funded,"[""Greenway Health, LLC, First lien senior secured loan""]",1,EVID_d4237aa8328887281be66fa20df2,"Greenway Health, LLC, First lien senior secured loan",other_debt,first_lien,UNKNOWN,UNKNOWN,0.0675,,funded,"[""Greenway Health, LLC, First lien senior secured loan""]",1,D5SE_3c7cd0c3f5cccc88711e5e30,yes,yes,continuing,"Reviewer I: Target-prior and target-current identifiers are identical ('Greenway Health, LLC, First lien senior secured loan'); facility type other_debt, lien first_lien, currency UNKNOWN, reference rate UNKNOWN, spread 0.0675, maturity blank and funded status funded agree on both sides; 1 aggregation lot on each side with identical constituent description. No displayed structural conflict in debt form, lien, currency or funded status. | Reviewer J: Prior/current identifier, other-debt type, first-lien, spread 0.0675, funded status, and one-lot constituent descriptions match. currency, reference rate, and maturity are not displayed."
D5EV_0473fd1e79b97a345afb4fa5,D5EC_4ba8b635e3a54b1f5a5abab1,hyland software,ARCC,OTF,"Hyland Software, Inc., First lien senior secured loan",other_debt,first_lien,UNKNOWN,UNKNOWN,0.06,,funded,"[""Hyland Software, Inc., First lien senior secured loan""]",1,EVID_af9b8e980e40d8f1983a70d6a591,"Hyland Software, Inc., First lien senior secured loan",other_debt,first_lien,UNKNOWN,UNKNOWN,0.06,,funded,"[""Hyland Software, Inc., First lien senior secured loan""]",1,D5SE_c1f2f486704742bedd2f6d6d,yes,yes,continuing,"Reviewer I: Target-prior and target-current identifiers are identical ('Hyland Software, Inc., First lien senior secured loan'); facility type other_debt, lien first_lien, currency UNKNOWN, reference rate UNKNOWN, spread 0.06, maturity blank and funded status funded agree on both sides; 1 aggregation lot on each side with identical constituent description. No displayed structural conflict in debt form, lien, currency or funded status. | Reviewer J: Prior/current identifier, other-debt type, first-lien, spread 0.06, funded status, and one-lot constituent descriptions match. currency, reference rate, and maturity are not displayed."
D5EV_8ecf2aee1046f6fd7cced1b0,D5EC_9f9ebd17f4ff9e58c37206f4,hyland software,ASIF,OTF,"Hyland Software, Inc., First lien senior secured loan",other_debt,first_lien,UNKNOWN,UNKNOWN,0.06,,funded,"[""Hyland Software, Inc., First lien senior secured loan""]",1,EVID_af9b8e980e40d8f1983a70d6a591,"Hyland Software, Inc., First lien senior secured loan",other_debt,first_lien,UNKNOWN,UNKNOWN,0.06,,funded,"[""Hyland Software, Inc., First lien senior secured loan""]",1,D5SE_0704be182cb5fb773aa4aa4d,yes,yes,continuing,"Reviewer I: Target-prior and target-current identifiers are identical ('Hyland Software, Inc., First lien senior secured loan'); facility type other_debt, lien first_lien, currency UNKNOWN, reference rate UNKNOWN, spread 0.06, maturity blank and funded status funded agree on both sides; 1 aggregation lot on each side with identical constituent description. No displayed structural conflict in debt form, lien, currency or funded status. | Reviewer J: Prior/current identifier, other-debt type, first-lien, spread 0.06, funded status, and one-lot constituent descriptions match. currency, reference rate, and maturity are not displayed."
D5EV_6d74b1708e4e037b70790a05,D5EC_2826bf36875c4239e1d0b93a,jp intermediate b,OFS,CION,"JP Intermediate B, LLC., Senior Secured First Lien Debt, 8/21/2027 Maturity",other_debt,first_lien,UNKNOWN,UNKNOWN,0.055,,funded,"[""JP Intermediate B, LLC., Senior Secured First Lien Debt, 8/21/2027 Maturity""]",1,EVID_67602974e293850f96b99a6b4ade,,,,,,,,,[],,,uncertain,uncertain,unmatched_disappearance,"Reviewer I: No target-current candidate displayed: current identifier, facility type, lien, currency, reference rate, spread, maturity, funded status, constituent descriptions and aggregation lot count are all blank. Target-prior shows 'JP Intermediate B, LLC., Senior Secured First Lien Debt, 8/21/2027 Maturity' (other_debt, first_lien, currency UNKNOWN, reference rate UNKNOWN, spread 0.055, maturity blank, funded, 1 lot). Blank current side is missing evidence, not proof of difference, so same-facility and aggregation cannot be judged; displayed structure does not distinguish repayment, sale or amendment, so the position is recorded only as unmatched. | Reviewer J: No current candidate or constituents are displayed for the prior funded first-lien other-debt; displayed fields cannot distinguish repayment from sale."
D5EV_0bf02eb5470056c7faa366b3,D5EC_c81aa886820df53368cc5bfd,opco borrower,CION,CSWC,"OPCO BORROWER, LLC, Second Lien",other_debt,second_lien,UNKNOWN,UNKNOWN,,,funded,"[""OPCO BORROWER, LLC, Second Lien""]",1,EVID_7f0fe2a4337f8ffa42c0636e6060,"OPCO BORROWER, LLC, Second Lien",other_debt,second_lien,UNKNOWN,UNKNOWN,,,funded,"[""OPCO BORROWER, LLC, Second Lien""]",1,D5SE_d0e3c69e6a989117674a4be6,yes,yes,continuing,"Reviewer I: Target-prior and target-current identifiers are identical ('OPCO BORROWER, LLC, Second Lien'); facility type other_debt, lien second_lien, currency UNKNOWN, reference rate UNKNOWN, spread blank, maturity blank and funded status funded agree on both sides; 1 aggregation lot on each side with identical constituent description. No displayed structural conflict in debt form, lien, currency or funded status. | Reviewer J: Prior/current identifier, other-debt type, second-lien, funded status, and one-lot constituent descriptions match. currency, reference rate, spread, and maturity are not displayed."
D5EV_e669e9146b91bd3683498ae2,D5EC_3ba60992f749801e08ded97d,realpage,ASIF,OTF,"REALPAGE, INC., Second lien senior secured loan",other_debt,second_lien,UNKNOWN,UNKNOWN,0.065,,funded,"[""REALPAGE, INC., Second lien senior secured loan""]",1,EVID_a33742083f9b91c3523725531147,"REALPAGE, INC., Second lien senior secured loan",other_debt,second_lien,UNKNOWN,UNKNOWN,0.065,,funded,"[""REALPAGE, INC., Second lien senior secured loan""]",1,D5SE_56e2f63bc2c938abb1b1a5c6,yes,yes,continuing,"Reviewer I: Target-prior and target-current identifiers are identical ('REALPAGE, INC., Second lien senior secured loan'); facility type other_debt, lien second_lien, currency UNKNOWN, reference rate UNKNOWN, spread 0.065, maturity blank and funded status funded agree on both sides; 1 aggregation lot on each side with identical constituent description. No displayed structural conflict in debt form, lien, currency or funded status. | Reviewer J: Prior/current identifier, other-debt type, second-lien, spread 0.065, funded status, and one-lot constituent descriptions match. currency, reference rate, and maturity are not displayed."
D5EV_56f5e033119fc6f7710f17e4,D5EC_c01d8f9d2b4b0baaacbaae48,snap fitness a stock,WHF,CION,"Snap Fitness Holdings, Inc., Class A Common Stock., Equity",common_equity,unknown,UNKNOWN,UNKNOWN,,,funded,"[""Snap Fitness Holdings, Inc., Class A Common Stock., Equity""]",1,EVID_4bef20f1c7dda79309f2644f75b4,,,,,,,,,[],,,uncertain,uncertain,unmatched_disappearance,"Reviewer I: No target-current candidate displayed: current identifier, facility type, lien, currency, reference rate, spread, maturity, funded status, constituent descriptions and aggregation lot count are all blank. Target-prior shows 'Snap Fitness Holdings, Inc., Class A Common Stock., Equity' (common_equity, unknown, currency UNKNOWN, reference rate UNKNOWN, spread blank, maturity blank, funded, 1 lot). Blank current side is missing evidence, not proof of difference, so same-facility and aggregation cannot be judged; displayed structure does not distinguish repayment, sale or amendment, so the position is recorded only as unmatched. | Reviewer J: No current candidate or constituents are displayed for the prior funded common-equity; displayed fields cannot distinguish repayment from sale."
D5EV_63ea16f00e9832bb6f6890a7,D5EC_1536e72484b100d474c9c517,statinmed,CION,CSWC,"STATINMED, LLC, First Lien",other_debt,first_lien,UNKNOWN,UNKNOWN,,,funded,"[""STATINMED, LLC, First Lien""]",1,EVID_a26e2cfabb373e219bdfb80cc844,"STATINMED, LLC, First Lien",other_debt,first_lien,UNKNOWN,UNKNOWN,,,funded,"[""STATINMED, LLC, First Lien""]",1,D5SE_80a9f14f785f359ae55398d3,yes,yes,continuing,"Reviewer I: Target-prior and target-current identifiers are identical ('STATINMED, LLC, First Lien'); facility type other_debt, lien first_lien, currency UNKNOWN, reference rate UNKNOWN, spread blank, maturity blank and funded status funded agree on both sides; 1 aggregation lot on each side with identical constituent description. No displayed structural conflict in debt form, lien, currency or funded status. | Reviewer J: Prior/current identifier, other-debt type, first-lien, funded status, and one-lot constituent descriptions match. currency, reference rate, spread, and maturity are not displayed."
D5EV_569cd152db6e30a43d2ab998,D5EC_8697acaad0cd9c0c406dd8dc,allen media,OFS,CION,"Allen Media, LLC, Senior Secured First Lien Debt, 2/10/2027 Maturity",other_debt,first_lien,UNKNOWN,UNKNOWN,,,funded,"[""Allen Media, LLC, Senior Secured First Lien Debt, 2/10/2027 Maturity""]",1,EVID_f93a08c1f1ca898c0e215de547dd,,,,,,,,,[],,,uncertain,uncertain,unmatched_disappearance,"Reviewer I: No target-current candidate displayed: current identifier, facility type, lien, currency, reference rate, spread, maturity, funded status, constituent descriptions and aggregation lot count are all blank. Target-prior shows 'Allen Media, LLC, Senior Secured First Lien Debt, 2/10/2027 Maturity' (other_debt, first_lien, currency UNKNOWN, reference rate UNKNOWN, spread blank, maturity blank, funded, 1 lot). Blank current side is missing evidence, not proof of difference, so same-facility and aggregation cannot be judged; displayed structure does not distinguish repayment, sale or amendment, so the position is recorded only as unmatched. | Reviewer J: No current candidate or constituents are displayed for the prior funded first-lien other-debt; displayed fields cannot distinguish repayment from sale."
D5EV_deab4cbeab2e294dcf2d44e2,D5EC_f36d7a6823f20664245db17b,community brands parentco,NMFC,OTF,"Community Brands ParentCo, LLC, First lien senior secured loan",other_debt,first_lien,UNKNOWN,UNKNOWN,0.055,,funded,"[""Community Brands ParentCo, LLC, First lien senior secured loan""]",1,EVID_0f83365910226807ca59824826e8,"Community Brands ParentCo, LLC, First lien senior secured loan",other_debt,first_lien,UNKNOWN,UNKNOWN,0.055,,funded,"[""Community Brands ParentCo, LLC, First lien senior secured loan""]",1,D5SE_1b3b55aaa485a8b9d98a4086,yes,yes,continuing,"Reviewer I: Target-prior and target-current identifiers are identical ('Community Brands ParentCo, LLC, First lien senior secured loan'); facility type other_debt, lien first_lien, currency UNKNOWN, reference rate UNKNOWN, spread 0.055, maturity blank and funded status funded agree on both sides; 1 aggregation lot on each side with identical constituent description. No displayed structural conflict in debt form, lien, currency or funded status. | Reviewer J: Prior/current identifier, other-debt type, first-lien, spread 0.055, funded status, and one-lot constituent descriptions match. currency, reference rate, and maturity are not displayed."
D5EV_7b9a3eb8893e474f29a2a17c,D5EC_be5f932c2c95a41f48c0c341,inw manufacturing,CSWC,CION,"INW Manufacturing, LLC., Senior Secured First Lien Debt, 3/25/2027 Maturity",other_debt,first_lien,UNKNOWN,UNKNOWN,,,funded,"[""INW Manufacturing, LLC., Senior Secured First Lien Debt, 3/25/2027 Maturity""]",1,EVID_83ae05c063393360703c15f20c3e,,,,,,,,,[],,,uncertain,uncertain,unmatched_disappearance,"Reviewer I: No target-current candidate displayed: current identifier, facility type, lien, currency, reference rate, spread, maturity, funded status, constituent descriptions and aggregation lot count are all blank. Target-prior shows 'INW Manufacturing, LLC., Senior Secured First Lien Debt, 3/25/2027 Maturity' (other_debt, first_lien, currency UNKNOWN, reference rate UNKNOWN, spread blank, maturity blank, funded, 1 lot). Blank current side is missing evidence, not proof of difference, so same-facility and aggregation cannot be judged; displayed structure does not distinguish repayment, sale or amendment, so the position is recorded only as unmatched. | Reviewer J: No current candidate or constituents are displayed for the prior funded first-lien other-debt; displayed fields cannot distinguish repayment from sale."
D5EV_4e71db62dd760aa9577c481e,D5EC_7c9e8a416e6aac97106a086e,lift brands a,CSWC,WHF,"Lift Brands, Inc First Lien Secured Term Loan A",term_loan,first_lien,UNKNOWN,SOFR,0.075,2025-06-29,funded,"[""Lift Brands, Inc First Lien Secured Term Loan A""]",1,EVID_68357de2969674f1e8339c90da1e,"Lift Brands, Inc First Lien Secured Term Loan A",term_loan,first_lien,UNKNOWN,SOFR,0.075,2025-06-29,funded,"[""Lift Brands, Inc First Lien Secured Term Loan A""]",1,D5SE_2a8d51ba1658360fbdbfd2f1,yes,yes,continuing,"Reviewer I: Target-prior and target-current identifiers are identical ('Lift Brands, Inc First Lien Secured Term Loan A'); facility type term_loan, lien first_lien, currency UNKNOWN, reference rate SOFR, spread 0.075, maturity 2025-06-29 and funded status funded agree on both sides; 1 aggregation lot on each side with identical constituent description. No displayed structural conflict in debt form, lien, currency or funded status. | Reviewer J: Prior/current identifier, term-loan type, first-lien, reference rate SOFR, spread 0.075, maturity 2025-06-29, funded status, and one-lot constituent descriptions match. currency is not displayed."
D5EV_5e8755cc94dc4d48778758fd,D5EC_91c4bd3c4b21578fef61cf44,lift brands b,CSWC,WHF,"Lift Brands, Inc First Lien Secured Term Loan B",term_loan,first_lien,UNKNOWN,UNKNOWN,0.095,2025-06-29,funded,"[""Lift Brands, Inc First Lien Secured Term Loan B""]",1,EVID_c6bee0f2a14afdf999f55f520d12,"Lift Brands, Inc First Lien Secured Term Loan B",term_loan,first_lien,UNKNOWN,UNKNOWN,0.095,2025-06-29,funded,"[""Lift Brands, Inc First Lien Secured Term Loan B""]",1,D5SE_1f64b4d73713873bbd384c89,yes,yes,continuing,"Reviewer I: Target-prior and target-current identifiers are identical ('Lift Brands, Inc First Lien Secured Term Loan B'); facility type term_loan, lien first_lien, currency UNKNOWN, reference rate UNKNOWN, spread 0.095, maturity 2025-06-29 and funded status funded agree on both sides; 1 aggregation lot on each side with identical constituent description. No displayed structural conflict in debt form, lien, currency or funded status. | Reviewer J: Prior/current identifier, term-loan type, first-lien, spread 0.095, maturity 2025-06-29, funded status, and one-lot constituent descriptions match. currency and reference rate are not displayed."
D5EV_0e8e49fa34bce6522ebdf311,D5EC_ee20e041c64ff093603d0786,petvet care centers,ARCC,OTF,"PetVet Care Centers, LLC, First lien senior secured loan",other_debt,first_lien,UNKNOWN,UNKNOWN,0.06,,funded,"[""PetVet Care Centers, LLC, First lien senior secured loan""]",1,EVID_918dda0ae882124685a9c9a4534c,"PetVet Care Centers, LLC, First lien senior secured loan",other_debt,first_lien,UNKNOWN,UNKNOWN,0.06,,funded,"[""PetVet Care Centers, LLC, First lien senior secured loan""]",1,D5SE_df5638afbdbdcfe3308d8e6f,yes,yes,continuing,"Reviewer I: Target-prior and target-current identifiers are identical ('PetVet Care Centers, LLC, First lien senior secured loan'); facility type other_debt, lien first_lien, currency UNKNOWN, reference rate UNKNOWN, spread 0.06, maturity blank and funded status funded agree on both sides; 1 aggregation lot on each side with identical constituent description. No displayed structural conflict in debt form, lien, currency or funded status. | Reviewer J: Prior/current identifier, other-debt type, first-lien, spread 0.06, funded status, and one-lot constituent descriptions match. currency, reference rate, and maturity are not displayed."
D5EV_210d833e27e3a4b2bc514032,D5EC_abc2fffd1932452d417bdd7c,statinmed,CSWC,CION,"STATinMED, LLC., Senior Secured First Lien Debt, 7/1/2027 Maturity",other_debt,first_lien,UNKNOWN,UNKNOWN,,,funded,"[""STATinMED, LLC., Senior Secured First Lien Debt, 7/1/2027 Maturity""]",1,EVID_a9bebbd86a2b381f1741f785c7e2,,,,,,,,,[],,,uncertain,uncertain,unmatched_disappearance,"Reviewer I: No target-current candidate displayed: current identifier, facility type, lien, currency, reference rate, spread, maturity, funded status, constituent descriptions and aggregation lot count are all blank. Target-prior shows 'STATinMED, LLC., Senior Secured First Lien Debt, 7/1/2027 Maturity' (other_debt, first_lien, currency UNKNOWN, reference rate UNKNOWN, spread blank, maturity blank, funded, 1 lot). Blank current side is missing evidence, not proof of difference, so same-facility and aggregation cannot be judged; displayed structure does not distinguish repayment, sale or amendment, so the position is recorded only as unmatched. | Reviewer J: No current candidate or constituents are displayed for the prior funded first-lien other-debt; displayed fields cannot distinguish repayment from sale."
D5EV_84d045c1c425e93bbf4e15ca,D5EC_e4360b224ff42b11714a8d09,allen media,OFS,CION,"Allen Media, LLC, Senior Secured First Lien Debt, 2/10/2027 Maturity",other_debt,first_lien,UNKNOWN,UNKNOWN,,,funded,"[""Allen Media, LLC, Senior Secured First Lien Debt, 2/10/2027 Maturity""]",1,EVID_88b767bfa3d1f707c3e84158c49d,,,,,,,,,[],,,uncertain,uncertain,unmatched_disappearance,"Reviewer I: No target-current candidate displayed: current identifier, facility type, lien, currency, reference rate, spread, maturity, funded status, constituent descriptions and aggregation lot count are all blank. Target-prior shows 'Allen Media, LLC, Senior Secured First Lien Debt, 2/10/2027 Maturity' (other_debt, first_lien, currency UNKNOWN, reference rate UNKNOWN, spread blank, maturity blank, funded, 1 lot). Blank current side is missing evidence, not proof of difference, so same-facility and aggregation cannot be judged; displayed structure does not distinguish repayment, sale or amendment, so the position is recorded only as unmatched. | Reviewer J: No current candidate or constituents are displayed for the prior funded first-lien other-debt; displayed fields cannot distinguish repayment from sale."
D5EV_528e28cd9f932f606a886dfc,D5EC_02533430c56efca24fe1b5ab,isagenix international,CSWC,CION,"Isagenix International, LLC., Senior Secured First Lien Debt, 4/14/2028 Maturity",other_debt,first_lien,UNKNOWN,UNKNOWN,,,funded,"[""Isagenix International, LLC., Senior Secured First Lien Debt, 4/14/2028 Maturity""]",1,EVID_df6bd3819ad1c5227601a13eb324,,,,,,,,,[],,,uncertain,uncertain,unmatched_disappearance,"Reviewer I: No target-current candidate displayed: current identifier, facility type, lien, currency, reference rate, spread, maturity, funded status, constituent descriptions and aggregation lot count are all blank. Target-prior shows 'Isagenix International, LLC., Senior Secured First Lien Debt, 4/14/2028 Maturity' (other_debt, first_lien, currency UNKNOWN, reference rate UNKNOWN, spread blank, maturity blank, funded, 1 lot). Blank current side is missing evidence, not proof of difference, so same-facility and aggregation cannot be judged; displayed structure does not distinguish repayment, sale or amendment, so the position is recorded only as unmatched. | Reviewer J: No current candidate or constituents are displayed for the prior funded first-lien other-debt; displayed fields cannot distinguish repayment from sale."
D5EV_96fd27c17c4971c1b3c580e0,D5EC_418b1e0127c211fda3c9630e,jp intermediate b,OFS,CION,"JP Intermediate B, LLC., Senior Secured First Lien Debt, 11/20/2027 Maturity",other_debt,first_lien,UNKNOWN,UNKNOWN,,,funded,"[""JP Intermediate B, LLC., Senior Secured First Lien Debt, 11/20/2027 Maturity""]",1,EVID_6bbeb51e82bbdb8c342c1cd81d0b,,,,,,,,,[],,,uncertain,uncertain,unmatched_disappearance,"Reviewer I: No target-current candidate displayed: current identifier, facility type, lien, currency, reference rate, spread, maturity, funded status, constituent descriptions and aggregation lot count are all blank. Target-prior shows 'JP Intermediate B, LLC., Senior Secured First Lien Debt, 11/20/2027 Maturity' (other_debt, first_lien, currency UNKNOWN, reference rate UNKNOWN, spread blank, maturity blank, funded, 1 lot). Blank current side is missing evidence, not proof of difference, so same-facility and aggregation cannot be judged; displayed structure does not distinguish repayment, sale or amendment, so the position is recorded only as unmatched. | Reviewer J: No current candidate or constituents are displayed for the prior funded first-lien other-debt; displayed fields cannot distinguish repayment from sale."
D5EV_8db09e90c91ed9cfa2d63914,D5EC_f7de0219c42bf43e6527653a,nellson nutraceutical,OBDC,MSDL,"Nellson Nutraceutical, Inc., First Lien Debt",other_debt,first_lien,UNKNOWN,UNKNOWN,0.0575,,funded,"[""Nellson Nutraceutical, Inc., First Lien Debt""]",1,EVID_8e0d9608a049bc4ff49c2f55288e,"Nellson Nutraceutical, Inc., First Lien Debt",other_debt,first_lien,UNKNOWN,UNKNOWN,0.0575,,funded,"[""Nellson Nutraceutical, Inc., First Lien Debt""]",1,D5SE_0b22f79585115812a6d33de3,yes,yes,continuing,"Reviewer I: Target-prior and target-current identifiers are identical ('Nellson Nutraceutical, Inc., First Lien Debt'); facility type other_debt, lien first_lien, currency UNKNOWN, reference rate UNKNOWN, spread 0.0575, maturity blank and funded status funded agree on both sides; 1 aggregation lot on each side with identical constituent description. No displayed structural conflict in debt form, lien, currency or funded status. | Reviewer J: Prior/current identifier, other-debt type, first-lien, spread 0.0575, funded status, and one-lot constituent descriptions match. currency, reference rate, and maturity are not displayed."
D5EV_223148adf3c57f1ce429ef5e,D5EC_5f513e79f9d4babae29dba44,petvet care centers,ARCC,OTF,"PetVet Care Centers, LLC, First lien senior secured loan",other_debt,first_lien,UNKNOWN,UNKNOWN,0.06,,funded,"[""PetVet Care Centers, LLC, First lien senior secured loan""]",1,EVID_564036619991295225b2cbccf02c,"PetVet Care Centers, LLC, First lien senior secured loan",other_debt,first_lien,UNKNOWN,UNKNOWN,0.06,,funded,"[""PetVet Care Centers, LLC, First lien senior secured loan""]",1,D5SE_2076aa63fabd06bedc688f67,yes,yes,continuing,"Reviewer I: Target-prior and target-current identifiers are identical ('PetVet Care Centers, LLC, First lien senior secured loan'); facility type other_debt, lien first_lien, currency UNKNOWN, reference rate UNKNOWN, spread 0.06, maturity blank and funded status funded agree on both sides; 1 aggregation lot on each side with identical constituent description. No displayed structural conflict in debt form, lien, currency or funded status. | Reviewer J: Prior/current identifier, other-debt type, first-lien, spread 0.06, funded status, and one-lot constituent descriptions match. currency, reference rate, and maturity are not displayed."
D5EV_2c8443f93602d23959d6c67a,D5EC_6176c448c6117d8dfcaf88f3,pye barker fire and safety,ASIF,OTF,"Pye-Barker Fire & Safety, LLC, First lien senior secured loan",other_debt,first_lien,UNKNOWN,UNKNOWN,0.045,,funded,"[""Pye-Barker Fire & Safety, LLC, First lien senior secured loan""]",1,EVID_f5a39cc5857b06a58481c06818bd,"Pye-Barker Fire & Safety, LLC, First lien senior secured loan",other_debt,first_lien,UNKNOWN,UNKNOWN,0.045,,funded,"[""Pye-Barker Fire & Safety, LLC, First lien senior secured loan""]",1,D5SE_4cd62720866bed0ef611e936,yes,yes,continuing,"Reviewer I: Target-prior and target-current identifiers are identical ('Pye-Barker Fire & Safety, LLC, First lien senior secured loan'); facility type other_debt, lien first_lien, currency UNKNOWN, reference rate UNKNOWN, spread 0.045, maturity blank and funded status funded agree on both sides; 1 aggregation lot on each side with identical constituent description. No displayed structural conflict in debt form, lien, currency or funded status. | Reviewer J: Prior/current identifier, other-debt type, first-lien, spread 0.045, funded status, and one-lot constituent descriptions match. currency, reference rate, and maturity are not displayed."
D5EV_5faab35be7673c082434fcab,D5EC_2e10a4a2316e3730d442caa9,realpage,ASIF,OTF,"REALPAGE, INC., Second lien senior secured loan",other_debt,second_lien,UNKNOWN,UNKNOWN,0.065,,funded,"[""REALPAGE, INC., Second lien senior secured loan""]",1,EVID_7523f50212bb2a4137ee7a7574f1,"RealPage, Inc., Second lien senior secured loan",other_debt,second_lien,UNKNOWN,UNKNOWN,0.065,,funded,"[""RealPage, Inc., Second lien senior secured loan""]",1,D5SE_360cae5ccc76d4913e180dec,yes,yes,continuing,"Reviewer I: Identifier and constituent description differ only in letter case ('REALPAGE, INC., Second lien senior secured loan' vs 'RealPage, Inc., Second lien senior secured loan'), which is lender-specific wording rather than a structural difference; facility type other_debt, lien second_lien, currency UNKNOWN, reference rate UNKNOWN, spread 0.065, maturity blank, funded status funded and 1 aggregation lot are identical on both sides. | Reviewer J: Prior/current identifier apart from capitalization, other-debt type, second-lien, spread 0.065, funded status, and one-lot constituent descriptions match. currency, reference rate, and maturity are not displayed."
D5EV_40fd3f8ad25d3a39cff86129,D5EC_f24adc0d35cc52cf771e6cde,realpage,CIK1766037,OTF,"REALPAGE, INC., Second lien senior secured loan",other_debt,second_lien,UNKNOWN,UNKNOWN,0.065,,funded,"[""REALPAGE, INC., Second lien senior secured loan""]",1,EVID_7523f50212bb2a4137ee7a7574f1,"RealPage, Inc., Second lien senior secured loan",other_debt,second_lien,UNKNOWN,UNKNOWN,0.065,,funded,"[""RealPage, Inc., Second lien senior secured loan""]",1,D5SE_32dc0cb0b00df359c15fda32,yes,yes,continuing,"Reviewer I: Identifier and constituent description differ only in letter case ('REALPAGE, INC., Second lien senior secured loan' vs 'RealPage, Inc., Second lien senior secured loan'), which is lender-specific wording rather than a structural difference; facility type other_debt, lien second_lien, currency UNKNOWN, reference rate UNKNOWN, spread 0.065, maturity blank, funded status funded and 1 aggregation lot are identical on both sides. | Reviewer J: Prior/current identifier apart from capitalization, other-debt type, second-lien, spread 0.065, funded status, and one-lot constituent descriptions match. currency, reference rate, and maturity are not displayed."
D5EV_79ecfa2da80651a349e27709,D5EC_0eebbe29e45a8e1feabfcba9,realpage,CIK1781870,OTF,"REALPAGE, INC., Second lien senior secured loan",other_debt,second_lien,UNKNOWN,UNKNOWN,0.065,,funded,"[""REALPAGE, INC., Second lien senior secured loan""]",1,EVID_7523f50212bb2a4137ee7a7574f1,"RealPage, Inc., Second lien senior secured loan",other_debt,second_lien,UNKNOWN,UNKNOWN,0.065,,funded,"[""RealPage, Inc., Second lien senior secured loan""]",1,D5SE_7052f749e67b65c951a13fe7,yes,yes,continuing,"Reviewer I: Identifier and constituent description differ only in letter case ('REALPAGE, INC., Second lien senior secured loan' vs 'RealPage, Inc., Second lien senior secured loan'), which is lender-specific wording rather than a structural difference; facility type other_debt, lien second_lien, currency UNKNOWN, reference rate UNKNOWN, spread 0.065, maturity blank, funded status funded and 1 aggregation lot are identical on both sides. | Reviewer J: Prior/current identifier apart from capitalization, other-debt type, second-lien, spread 0.065, funded status, and one-lot constituent descriptions match. currency, reference rate, and maturity are not displayed."
D5EV_0e7d36c356bb8ba344365cda,D5EC_86b28a4bd2517beeb7bb3146,realpage,CIK1925531,OTF,"REALPAGE, INC., Second lien senior secured loan",other_debt,second_lien,UNKNOWN,UNKNOWN,0.065,,funded,"[""REALPAGE, INC., Second lien senior secured loan""]",1,EVID_7523f50212bb2a4137ee7a7574f1,"RealPage, Inc., Second lien senior secured loan",other_debt,second_lien,UNKNOWN,UNKNOWN,0.065,,funded,"[""RealPage, Inc., Second lien senior secured loan""]",1,D5SE_eb8bb3d1b288567c9dc9b97b,yes,yes,continuing,"Reviewer I: Identifier and constituent description differ only in letter case ('REALPAGE, INC., Second lien senior secured loan' vs 'RealPage, Inc., Second lien senior secured loan'), which is lender-specific wording rather than a structural difference; facility type other_debt, lien second_lien, currency UNKNOWN, reference rate UNKNOWN, spread 0.065, maturity blank, funded status funded and 1 aggregation lot are identical on both sides. | Reviewer J: Prior/current identifier apart from capitalization, other-debt type, second-lien, spread 0.065, funded status, and one-lot constituent descriptions match. currency, reference rate, and maturity are not displayed."
D5EV_291a2a8e8508e0808d00ab51,D5EC_c9c324cc68aa6adbc418e529,realpage,CIK1976719,OTF,"REALPAGE, INC., Second lien senior secured loan",other_debt,second_lien,UNKNOWN,UNKNOWN,0.065,,funded,"[""REALPAGE, INC., Second lien senior secured loan""]",1,EVID_7523f50212bb2a4137ee7a7574f1,"RealPage, Inc., Second lien senior secured loan",other_debt,second_lien,UNKNOWN,UNKNOWN,0.065,,funded,"[""RealPage, Inc., Second lien senior secured loan""]",1,D5SE_13cf855db2439fc743c23139,yes,yes,continuing,"Reviewer I: Identifier and constituent description differ only in letter case ('REALPAGE, INC., Second lien senior secured loan' vs 'RealPage, Inc., Second lien senior secured loan'), which is lender-specific wording rather than a structural difference; facility type other_debt, lien second_lien, currency UNKNOWN, reference rate UNKNOWN, spread 0.065, maturity blank, funded status funded and 1 aggregation lot are identical on both sides. | Reviewer J: Prior/current identifier apart from capitalization, other-debt type, second-lien, spread 0.065, funded status, and one-lot constituent descriptions match. currency, reference rate, and maturity are not displayed."
D5EV_29193e8c4ade8d5fc4130f10,D5EC_ca768146091f11f0764109f7,snap fitness a stock,WHF,CION,"Snap Fitness Holdings, Inc., Class A Common Stock., Equity",common_equity,unknown,UNKNOWN,UNKNOWN,,,funded,"[""Snap Fitness Holdings, Inc., Class A Common Stock., Equity""]",1,EVID_8f1d45389de311eb76ed970c4fe5,,,,,,,,,[],,,uncertain,uncertain,unmatched_disappearance,"Reviewer I: No target-current candidate displayed: current identifier, facility type, lien, currency, reference rate, spread, maturity, funded status, constituent descriptions and aggregation lot count are all blank. Target-prior shows 'Snap Fitness Holdings, Inc., Class A Common Stock., Equity' (common_equity, unknown, currency UNKNOWN, reference rate UNKNOWN, spread blank, maturity blank, funded, 1 lot). Blank current side is missing evidence, not proof of difference, so same-facility and aggregation cannot be judged; displayed structure does not distinguish repayment, sale or amendment, so the position is recorded only as unmatched. | Reviewer J: No current candidate or constituents are displayed for the prior funded common-equity; displayed fields cannot distinguish repayment from sale."
D5EV_81b0639ef3a5df20b12adab1,D5EC_602c8530d231f9fba9925f00,triplepoint acquisition,WHF,SCM,"TriplePoint Acquisition Holdings LLC, Term Loan",term_loan,unknown,UNKNOWN,UNKNOWN,0.055,2029-05-31,funded,"[""TriplePoint Acquisition Holdings LLC, Term Loan""]",1,EVID_413e92bd25af5b22b27395b5bdbd,"TriplePoint Acquisition Holdings LLC, Term Loan",term_loan,unknown,UNKNOWN,UNKNOWN,0.055,2029-05-31,funded,"[""TriplePoint Acquisition Holdings LLC, Term Loan""]",1,D5SE_a540761b12221271199a818b,yes,yes,continuing,"Reviewer I: Target-prior and target-current identifiers are identical ('TriplePoint Acquisition Holdings LLC, Term Loan'); facility type term_loan, lien unknown, currency UNKNOWN, reference rate UNKNOWN, spread 0.055, maturity 2029-05-31 and funded status funded agree on both sides; 1 aggregation lot on each side with identical constituent description. No displayed structural conflict in debt form, lien, currency or funded status. | Reviewer J: Prior/current identifier, term-loan type, spread 0.055, maturity 2029-05-31, funded status, and one-lot constituent descriptions match. lien, currency, and reference rate are not displayed."
D5EV_31024582486f6782c726e217,D5EC_7beb88050506f6633916e47d,xplor t1,ASIF,OTF,"XPLOR T1, LLC, First lien senior secured loan",other_debt,first_lien,UNKNOWN,UNKNOWN,0.0425,,funded,"[""XPLOR T1, LLC, First lien senior secured loan""]",1,EVID_a8d95e0399402d7c6316a1f6695a,"XPLOR T1, LLC, First lien senior secured loan",other_debt,first_lien,UNKNOWN,UNKNOWN,0.0425,,funded,"[""XPLOR T1, LLC, First lien senior secured loan""]",1,D5SE_57927ae72a132bd25e4ea1d0,yes,yes,continuing,"Reviewer I: Target-prior and target-current identifiers are identical ('XPLOR T1, LLC, First lien senior secured loan'); facility type other_debt, lien first_lien, currency UNKNOWN, reference rate UNKNOWN, spread 0.0425, maturity blank and funded status funded agree on both sides; 1 aggregation lot on each side with identical constituent description. No displayed structural conflict in debt form, lien, currency or funded status. | Reviewer J: Prior/current identifier, other-debt type, first-lien, spread 0.0425, funded status, and one-lot constituent descriptions match. currency, reference rate, and maturity are not displayed."
D5EV_f1023e56f9a8a7322097c229,D5EC_9c901a90cb41a1d677b6d1af,allen media,OFS,CION,"Allen Media, LLC, Senior Secured First Lien Debt, 2/10/2027 Maturity",other_debt,first_lien,UNKNOWN,UNKNOWN,,,funded,"[""Allen Media, LLC, Senior Secured First Lien Debt, 2/10/2027 Maturity""]",1,EVID_9226784af690840cf2c40013e408,,,,,,,,,[],,,uncertain,uncertain,unmatched_disappearance,"Reviewer I: No target-current candidate displayed: current identifier, facility type, lien, currency, reference rate, spread, maturity, funded status, constituent descriptions and aggregation lot count are all blank. Target-prior shows 'Allen Media, LLC, Senior Secured First Lien Debt, 2/10/2027 Maturity' (other_debt, first_lien, currency UNKNOWN, reference rate UNKNOWN, spread blank, maturity blank, funded, 1 lot). Blank current side is missing evidence, not proof of difference, so same-facility and aggregation cannot be judged; displayed structure does not distinguish repayment, sale or amendment, so the position is recorded only as unmatched. | Reviewer J: No current candidate or constituents are displayed for the prior funded first-lien other-debt; displayed fields cannot distinguish repayment from sale."
D5EV_929a38407e646825ce51d687,D5EC_f1107a6ae848144cdbaa0bb1,asurion,CIK1661306,OTF,"Asurion, LLC, Second lien senior secured loan",other_debt,second_lien,UNKNOWN,UNKNOWN,0.0525,,funded,"[""Asurion, LLC, Second lien senior secured loan""]",1,EVID_03d8f527cf2f35f6447c6e5cca62,"Asurion, LLC, Second lien senior secured loan",other_debt,second_lien,UNKNOWN,UNKNOWN,0.0525,,funded,"[""Asurion, LLC, Second lien senior secured loan""]",1,D5SE_4e20573d47353e5c039bb489,yes,yes,continuing,"Reviewer I: Target-prior and target-current identifiers are identical ('Asurion, LLC, Second lien senior secured loan'); facility type other_debt, lien second_lien, currency UNKNOWN, reference rate UNKNOWN, spread 0.0525, maturity blank and funded status funded agree on both sides; 1 aggregation lot on each side with identical constituent description. No displayed structural conflict in debt form, lien, currency or funded status. | Reviewer J: Prior/current identifier, other-debt type, second-lien, spread 0.0525, funded status, and one-lot constituent descriptions match. currency, reference rate, and maturity are not displayed."
D5EV_9cb1d48eb2aed8e4c9da7e25,D5EC_2d572b423f82b275bfd30b07,blackhawk network,OBDC,OFS,"Blackhawk Network Holdings, Inc, First Lien Debt",other_debt,first_lien,UNKNOWN,UNKNOWN,0.05,,funded,"[""Blackhawk Network Holdings, Inc, First Lien Debt""]",1,EVID_1458c288ffd384166686bc2607fe,,,,,,,,,[],,,uncertain,uncertain,unmatched_disappearance,"Reviewer I: No target-current candidate displayed: current identifier, facility type, lien, currency, reference rate, spread, maturity, funded status, constituent descriptions and aggregation lot count are all blank. Target-prior shows 'Blackhawk Network Holdings, Inc, First Lien Debt' (other_debt, first_lien, currency UNKNOWN, reference rate UNKNOWN, spread 0.05, maturity blank, funded, 1 lot). Blank current side is missing evidence, not proof of difference, so same-facility and aggregation cannot be judged; displayed structure does not distinguish repayment, sale or amendment, so the position is recorded only as unmatched. | Reviewer J: No current candidate or constituents are displayed for the prior funded first-lien other-debt; displayed fields cannot distinguish repayment from sale."
D5EV_b49ae18bce39e03f3ab75565,D5EC_cdef9e7b676f0779d305b4e7,finastra usa,CIK1872371,OTF,"Finastra USA, Inc., First lien senior secured revolving loan",revolver,first_lien,UNKNOWN,UNKNOWN,0.0725,,funded,"[""Finastra USA, Inc., First lien senior secured revolving loan""]",1,EVID_72ef47fd85c3c6c6269f470bed8d,"Finastra USA, Inc., First lien senior secured loan",other_debt,first_lien,UNKNOWN,UNKNOWN,0.0725,,funded,"[""Finastra USA, Inc., First lien senior secured loan""]",1,D5SE_47865f2d06fa740b3ac4d582,no,yes,uncertain,"Prior 'Finastra USA, Inc., First lien senior secured revolving loan' is facility_type revolver, first_lien, funded, spread 0.0725, blank maturity, 1 lot; current 'Finastra USA, Inc., First lien senior secured loan' is facility_type other_debt, first_lien, funded, spread 0.0725, blank maturity, 1 lot. Revolver and non-revolver loan are different facility forms, so same_facility is no despite matching borrower, lien, spread and funded status. The single current constituent description is one coherent first-lien funded loan with known type and lien, so aggregation is valid. For status, no displayed structural field shows a successor or amendment relation between the revolver and the other_debt loan: identifier wording differs only in the dropped 'revolving', maturity is blank on both sides, currency and reference rate are UNKNOWN, and identical spread alone is not amendment evidence. refinancing_amendment therefore lacks structural grounding, and repayment versus sale cannot be distinguished, so uncertain."
D5EV_2872475ec640faf7eb7b6f3a,D5EC_fb54ac0b4ddad64153990661,forescout technologies,ARCC,OTF,"Forescout Technologies, Inc., First lien senior secured loan",other_debt,first_lien,UNKNOWN,UNKNOWN,0.05,,funded,"[""Forescout Technologies, Inc., First lien senior secured loan""]",1,EVID_8a4af4404fff633d0e72c3a7c90d,"Forescout Technologies, Inc.",unknown,unknown,UNKNOWN,UNKNOWN,0.05,,funded,"[""Forescout Technologies, Inc.""]",1,D5SE_d79fd2ef6d2c7d2b60d900ea,uncertain,uncertain,uncertain,"Prior 'Forescout Technologies, Inc., First lien senior secured loan' is other_debt, first_lien, funded, spread 0.05, blank maturity, 1 lot; current identifier is the borrower name only, 'Forescout Technologies, Inc.', with facility_type unknown and lien unknown, funded, spread 0.05, blank maturity, 1 lot. Unknown facility type and lien are missing evidence, not confirmation, and borrower equality plus matching spread and funded status are insufficient for identity, so same_facility is uncertain. For aggregation, the single constituent description carries no facility-level detail: a borrower-name-only line with unknown type and lien cannot be shown to represent one coherent economic facility rather than a borrower-level grouping, so lot count 1 alone does not establish validity and aggregation is uncertain. With identity undecided and no structural evidence of repayment, sale or amendment, status is uncertain."
D5EV_44167ecf393fca0a38b730cc,D5EC_482fd8bfe4a7eea7821e6620,inw manufacturing,CSWC,CION,"INW Manufacturing, LLC., Senior Secured First Lien Debt, 3/25/2027 Maturity",other_debt,first_lien,UNKNOWN,UNKNOWN,,,funded,"[""INW Manufacturing, LLC., Senior Secured First Lien Debt, 3/25/2027 Maturity""]",1,EVID_250c0eadfe5f28e9216462bcdace,,,,,,,,,[],,,uncertain,uncertain,unmatched_disappearance,"Reviewer I: No target-current candidate displayed: current identifier, facility type, lien, currency, reference rate, spread, maturity, funded status, constituent descriptions and aggregation lot count are all blank. Target-prior shows 'INW Manufacturing, LLC., Senior Secured First Lien Debt, 3/25/2027 Maturity' (other_debt, first_lien, currency UNKNOWN, reference rate UNKNOWN, spread blank, maturity blank, funded, 1 lot). Blank current side is missing evidence, not proof of difference, so same-facility and aggregation cannot be judged; displayed structure does not distinguish repayment, sale or amendment, so the position is recorded only as unmatched. | Reviewer J: No current candidate or constituents are displayed for the prior funded first-lien other-debt; displayed fields cannot distinguish repayment from sale."
D5EV_8d88b8aad171e0558438e1d7,D5EC_c63a45369ececb32ef550d49,isagenix international,CSWC,CION,"Isagenix International, LLC., Senior Secured First Lien Debt, 4/14/2028 Maturity",other_debt,first_lien,UNKNOWN,UNKNOWN,,,funded,"[""Isagenix International, LLC., Senior Secured First Lien Debt, 4/14/2028 Maturity""]",1,EVID_b60623b2e42bdfb6d49eb5bb6f54,,,,,,,,,[],,,uncertain,uncertain,unmatched_disappearance,"Reviewer I: No target-current candidate displayed: current identifier, facility type, lien, currency, reference rate, spread, maturity, funded status, constituent descriptions and aggregation lot count are all blank. Target-prior shows 'Isagenix International, LLC., Senior Secured First Lien Debt, 4/14/2028 Maturity' (other_debt, first_lien, currency UNKNOWN, reference rate UNKNOWN, spread blank, maturity blank, funded, 1 lot). Blank current side is missing evidence, not proof of difference, so same-facility and aggregation cannot be judged; displayed structure does not distinguish repayment, sale or amendment, so the position is recorded only as unmatched. | Reviewer J: No current candidate or constituents are displayed for the prior funded first-lien other-debt; displayed fields cannot distinguish repayment from sale."
D5EV_0886264549f8d1edc918c351,D5EC_13a13ce210b39f91047226c1,lab logistics,CSWC,WHF,"Lab Logistics, LLC First Lien Secured Revolving Loan",revolver,first_lien,UNKNOWN,SOFR,0.0725,2025-12-31,funded,"[""Lab Logistics, LLC First Lien Secured Revolving Loan""]",1,EVID_a52b0ed3ab795f6857a499222c18,"Lab Logistics, LLC First Lien Secured Revolving Loan",revolver,first_lien,UNKNOWN,SOFR,0.0725,2025-12-31,funded,"[""Lab Logistics, LLC First Lien Secured Revolving Loan""]",1,D5SE_c36a095e7e3576731a856d87,yes,yes,continuing,"Reviewer I: Target-prior and target-current identifiers are identical ('Lab Logistics, LLC First Lien Secured Revolving Loan'); facility type revolver, lien first_lien, currency UNKNOWN, reference rate SOFR, spread 0.0725, maturity 2025-12-31 and funded status funded agree on both sides; 1 aggregation lot on each side with identical constituent description. No displayed structural conflict in debt form, lien, currency or funded status. | Reviewer J: Prior/current identifier, revolver type, first-lien, reference rate SOFR, spread 0.0725, maturity 2025-12-31, funded status, and one-lot constituent descriptions match. currency is not displayed."
D5EV_12cdbe603d26ce6ee557c68c,D5EC_d5cf15b8c686ce3e7be12091,lift brands a,CSWC,WHF,"Lift Brands, Inc First Lien Secured Term Loan A",term_loan,first_lien,UNKNOWN,SOFR,0.075,2025-06-29,funded,"[""Lift Brands, Inc First Lien Secured Term Loan A""]",1,EVID_daa693067614b0550b4604095cfe,"Lift Brands, Inc First Lien Secured Term Loan A",term_loan,first_lien,UNKNOWN,SOFR,0.075,2025-06-29,funded,"[""Lift Brands, Inc First Lien Secured Term Loan A""]",1,D5SE_1364eab0fbbe881b3ec38a84,yes,yes,continuing,"Reviewer I: Target-prior and target-current identifiers are identical ('Lift Brands, Inc First Lien Secured Term Loan A'); facility type term_loan, lien first_lien, currency UNKNOWN, reference rate SOFR, spread 0.075, maturity 2025-06-29 and funded status funded agree on both sides; 1 aggregation lot on each side with identical constituent description. No displayed structural conflict in debt form, lien, currency or funded status. | Reviewer J: Prior/current identifier, term-loan type, first-lien, reference rate SOFR, spread 0.075, maturity 2025-06-29, funded status, and one-lot constituent descriptions match. currency is not displayed."
D5EV_ae9fddd6692c2d1fb78938ed,D5EC_ecb3c214ed5d800666f30c39,lift brands b,CSWC,WHF,"Lift Brands, Inc First Lien Secured Term Loan B",term_loan,first_lien,UNKNOWN,UNKNOWN,0.095,2025-06-29,funded,"[""Lift Brands, Inc First Lien Secured Term Loan B""]",1,EVID_55b2888f95e1d518ee589cdd9c54,"Lift Brands, Inc First Lien Secured Term Loan B",term_loan,first_lien,UNKNOWN,UNKNOWN,,2025-06-29,funded,"[""Lift Brands, Inc First Lien Secured Term Loan B""]",1,D5SE_223d50f7be0216555eb5a923,yes,yes,continuing,"Reviewer I: Identifiers are identical ('Lift Brands, Inc First Lien Secured Term Loan B'), with matching facility type term_loan, lien first_lien, currency UNKNOWN, reference rate UNKNOWN, maturity 2025-06-29, funded status funded and one aggregation lot on each side. The only difference is that the current spread is blank where prior showed 0.095; a blank field is missing information, not a structural conflict, and the distinct 'Term Loan B' tranche label is preserved. | Reviewer J: Prior/current identifier, term-loan type, first-lien, maturity 2025-06-29, funded status, and one-lot constituent descriptions match. currency and reference rate are not displayed. The current spread is not displayed."
D5EV_bdd36469d2423b4d784e3b98,D5EC_a1ca6aebbf08f4c8a07f6d2d,m2s intermediate,OCSL,WHF,"M2S Group Intermediate Holdings, Inc. First Lien Secured Term Loan",term_loan,first_lien,UNKNOWN,UNKNOWN,0.0475,2031-08-25,funded,"[""M2S Group Intermediate Holdings, Inc. First Lien Secured Term Loan""]",1,EVID_674b71785abfba9685fc502caf86,"M2S Group Intermediate Holdings, Inc. First Lien Secured Term Loan",term_loan,first_lien,UNKNOWN,UNKNOWN,0.0473,2031-08-25,funded,"[""M2S Group Intermediate Holdings, Inc. First Lien Secured Term Loan""]",1,D5SE_df31330be57f426e2d3841b5,yes,yes,continuing,"Prior and current identifiers are identical, 'M2S Group Intermediate Holdings, Inc. First Lien Secured Term Loan', with facility_type term_loan, first_lien, currency UNKNOWN, reference rate UNKNOWN, maturity 2031-08-25 on both sides, funded on both sides, and one constituent description and 1 lot on each side. The only difference is spread 0.0475 to 0.0473. A spread change alone may be ordinary repricing and does not imply a new facility, so same_facility is yes and the single coherent term-loan lot makes aggregation valid. refinancing_amendment requires structural grounding for a successor or amendment state; here maturity, lien, facility type, funded status, identifier and lot structure are unchanged, so a 2 bp spread move gives no such grounding and the position is continuing."
D5EV_6a95a1a785595ec2522cfccb,D5EC_23dcc5032e759dcd25eebc54,nellson nutraceutical,OBDC,MSDL,"Nellson Nutraceutical, Inc., First Lien Debt",other_debt,first_lien,UNKNOWN,UNKNOWN,0.0575,,funded,"[""Nellson Nutraceutical, Inc., First Lien Debt""]",1,EVID_ce4028084e021f5c9a9d752d2aac,"Nellson Nutraceutical, Inc., First Lien Debt",other_debt,first_lien,UNKNOWN,UNKNOWN,0.0575,,funded,"[""Nellson Nutraceutical, Inc., First Lien Debt""]",1,D5SE_ab471b933f789915a5a80198,yes,yes,continuing,"Reviewer I: Target-prior and target-current identifiers are identical ('Nellson Nutraceutical, Inc., First Lien Debt'); facility type other_debt, lien first_lien, currency UNKNOWN, reference rate UNKNOWN, spread 0.0575, maturity blank and funded status funded agree on both sides; 1 aggregation lot on each side with identical constituent description. No displayed structural conflict in debt form, lien, currency or funded status. | Reviewer J: Prior/current identifier, other-debt type, first-lien, spread 0.0575, funded status, and one-lot constituent descriptions match. currency, reference rate, and maturity are not displayed."
D5EV_f1018b988fe4aa8a8e1b8ed0,D5EC_f7592964d5fbdb763f0e6b51,petvet care centers,ARCC,OTF,"PetVet Care Centers, LLC, First lien senior secured loan",other_debt,first_lien,UNKNOWN,UNKNOWN,0.06,,funded,"[""PetVet Care Centers, LLC, First lien senior secured loan""]",1,EVID_218b15db79e6ed873b385984e881,"PetVet Care Centers, LLC, First lien senior secured loan",other_debt,first_lien,UNKNOWN,UNKNOWN,0.06,,funded,"[""PetVet Care Centers, LLC, First lien senior secured loan""]",1,D5SE_e71d53afd9226792aa9fb921,yes,yes,continuing,"Reviewer I: Target-prior and target-current identifiers are identical ('PetVet Care Centers, LLC, First lien senior secured loan'); facility type other_debt, lien first_lien, currency UNKNOWN, reference rate UNKNOWN, spread 0.06, maturity blank and funded status funded agree on both sides; 1 aggregation lot on each side with identical constituent description. No displayed structural conflict in debt form, lien, currency or funded status. | Reviewer J: Prior/current identifier, other-debt type, first-lien, spread 0.06, funded status, and one-lot constituent descriptions match. currency, reference rate, and maturity are not displayed."
D5EV_461b4522db818800b411cf81,D5EC_fbb4527273d8c3233b3a9d6b,pye barker fire and safety,ASIF,OTF,"Pye-Barker Fire & Safety, LLC, First lien senior secured revolving loan",revolver,first_lien,UNKNOWN,UNKNOWN,0.045,,funded,"[""Pye-Barker Fire & Safety, LLC, First lien senior secured revolving loan""]",1,EVID_2aa1928f18db7e73a95e8f0ff536,"Pye-Barker Fire & Safety, LLC, First lien senior secured revolving loan",revolver,first_lien,UNKNOWN,UNKNOWN,0.045,,funded,"[""Pye-Barker Fire & Safety, LLC, First lien senior secured revolving loan""]",1,D5SE_0c467df3658aa96a14a56690,yes,yes,continuing,"Reviewer I: Target-prior and target-current identifiers are identical ('Pye-Barker Fire & Safety, LLC, First lien senior secured revolving loan'); facility type revolver, lien first_lien, currency UNKNOWN, reference rate UNKNOWN, spread 0.045, maturity blank and funded status funded agree on both sides; 1 aggregation lot on each side with identical constituent description. No displayed structural conflict in debt form, lien, currency or funded status. | Reviewer J: Prior/current identifier, revolver type, first-lien, spread 0.045, funded status, and one-lot constituent descriptions match. currency, reference rate, and maturity are not displayed."
D5EV_16089877a8f98d5b837ead2b,D5EC_fce2bb2fb601951ab0abd7cd,pye barker fire and safety,ASIF,OTF,"Pye-Barker Fire & Safety, LLC, First lien senior secured loan",other_debt,first_lien,UNKNOWN,UNKNOWN,0.045,,funded,"[""Pye-Barker Fire & Safety, LLC, First lien senior secured loan""]",1,EVID_cbe78f0e4d75750cc3b99365ddc4,"Pye-Barker Fire & Safety, LLC, First lien senior secured loan",other_debt,first_lien,UNKNOWN,UNKNOWN,0.045,,funded,"[""Pye-Barker Fire & Safety, LLC, First lien senior secured loan""]",1,D5SE_8e0c35a74bd6b98a6dbcd8ab,yes,yes,continuing,"Reviewer I: Target-prior and target-current identifiers are identical ('Pye-Barker Fire & Safety, LLC, First lien senior secured loan'); facility type other_debt, lien first_lien, currency UNKNOWN, reference rate UNKNOWN, spread 0.045, maturity blank and funded status funded agree on both sides; 1 aggregation lot on each side with identical constituent description. No displayed structural conflict in debt form, lien, currency or funded status. | Reviewer J: Prior/current identifier, other-debt type, first-lien, spread 0.045, funded status, and one-lot constituent descriptions match. currency, reference rate, and maturity are not displayed."
D5EV_87a178fe2605a2efcf55fba1,D5EC_4bd5456c38911048cbe47633,triplepoint acquisition,CIK1901037,WHF,TriplePoint Acquisition Holdings LLC First Lien Secured Term Loan,term_loan,first_lien,UNKNOWN,SOFR,0.055,2029-05-31,funded,"[""TriplePoint Acquisition Holdings LLC First Lien Secured Term Loan""]",1,EVID_abcab5920bc3cf25c1f39885c556,TriplePoint Acquisition Holdings LLC First Lien Secured Term Loan,term_loan,first_lien,UNKNOWN,SOFR,0.055,2029-05-31,funded,"[""TriplePoint Acquisition Holdings LLC First Lien Secured Term Loan""]",1,D5SE_78c6e3ab9ef8e1881c4f5afb,yes,yes,continuing,"Reviewer I: Target-prior and target-current identifiers are identical ('TriplePoint Acquisition Holdings LLC First Lien Secured Term Loan'); facility type term_loan, lien first_lien, currency UNKNOWN, reference rate SOFR, spread 0.055, maturity 2029-05-31 and funded status funded agree on both sides; 1 aggregation lot on each side with identical constituent description. No displayed structural conflict in debt form, lien, currency or funded status. | Reviewer J: Prior/current identifier, term-loan type, first-lien, reference rate SOFR, spread 0.055, maturity 2029-05-31, funded status, and one-lot constituent descriptions match. currency is not displayed."
D5EV_d41ba6669cd8282839502643,D5EC_64cedc5a52b94ccefb424b21,triplepoint acquisition,SCM,WHF,TriplePoint Acquisition Holdings LLC First Lien Secured Term Loan,term_loan,first_lien,UNKNOWN,SOFR,0.055,2029-05-31,funded,"[""TriplePoint Acquisition Holdings LLC First Lien Secured Term Loan""]",1,EVID_abcab5920bc3cf25c1f39885c556,TriplePoint Acquisition Holdings LLC First Lien Secured Term Loan,term_loan,first_lien,UNKNOWN,SOFR,0.055,2029-05-31,funded,"[""TriplePoint Acquisition Holdings LLC First Lien Secured Term Loan""]",1,D5SE_0babddcccccfeeb4125f9c5c,yes,yes,continuing,"Reviewer I: Target-prior and target-current identifiers are identical ('TriplePoint Acquisition Holdings LLC First Lien Secured Term Loan'); facility type term_loan, lien first_lien, currency UNKNOWN, reference rate SOFR, spread 0.055, maturity 2029-05-31 and funded status funded agree on both sides; 1 aggregation lot on each side with identical constituent description. No displayed structural conflict in debt form, lien, currency or funded status. | Reviewer J: Prior/current identifier, term-loan type, first-lien, reference rate SOFR, spread 0.055, maturity 2029-05-31, funded status, and one-lot constituent descriptions match. currency is not displayed."
D5EV_0b9ed1b3b2fa2a359dc54177,D5EC_e997e27eca29c000298f067d,asurion,CIK1661306,OTF,"Asurion, LLC, Second lien senior secured loan",other_debt,second_lien,UNKNOWN,UNKNOWN,0.0525,,funded,"[""Asurion, LLC, Second lien senior secured loan""]",1,EVID_8fc46debeeec8c603239105807f7,"Asurion, LLC, Second lien senior secured loan",other_debt,second_lien,UNKNOWN,UNKNOWN,0.0525,,funded,"[""Asurion, LLC, Second lien senior secured loan""]",1,D5SE_de8a457f1f81c830206a2c13,yes,yes,continuing,"Reviewer I: Target-prior and target-current identifiers are identical ('Asurion, LLC, Second lien senior secured loan'); facility type other_debt, lien second_lien, currency UNKNOWN, reference rate UNKNOWN, spread 0.0525, maturity blank and funded status funded agree on both sides; 1 aggregation lot on each side with identical constituent description. No displayed structural conflict in debt form, lien, currency or funded status. | Reviewer J: Prior/current identifier, other-debt type, second-lien, spread 0.0525, funded status, and one-lot constituent descriptions match. currency, reference rate, and maturity are not displayed."
D5EV_6a4eed319e9f8fe7f99747fa,D5EC_f91d1d5046f1b999a4a753fd,idera,OFS,MSDL,"Idera, Inc., Second Lien Debt",other_debt,second_lien,UNKNOWN,UNKNOWN,0.0675,,funded,"[""Idera, Inc., Second Lien Debt""]",1,EVID_8d20d1513b969ff71b8858c56fa3,"Idera, Inc., Second Lien Debt",other_debt,second_lien,UNKNOWN,UNKNOWN,0.0675,,funded,"[""Idera, Inc., Second Lien Debt""]",1,D5SE_59d7d279ce8f472ca243c5b8,yes,yes,continuing,"Reviewer I: Target-prior and target-current identifiers are identical ('Idera, Inc., Second Lien Debt'); facility type other_debt, lien second_lien, currency UNKNOWN, reference rate UNKNOWN, spread 0.0675, maturity blank and funded status funded agree on both sides; 1 aggregation lot on each side with identical constituent description. No displayed structural conflict in debt form, lien, currency or funded status. | Reviewer J: Prior/current identifier, other-debt type, second-lien, spread 0.0675, funded status, and one-lot constituent descriptions match. currency, reference rate, and maturity are not displayed."
D5EV_0c52b634a145a52d3e9d6a2d,D5EC_fc24da716cf2426943bc3444,jp intermediate b,OFS,CION,"JP Intermediate B, LLC., Senior Secured First Lien Debt, 11/20/2027 Maturity",other_debt,first_lien,UNKNOWN,UNKNOWN,0.065,,funded,"[""JP Intermediate B, LLC., Senior Secured First Lien Debt, 11/20/2027 Maturity""]",1,EVID_937ff8af0bfcfc56dad18068679e,,,,,,,,,[],,,uncertain,uncertain,unmatched_disappearance,"Reviewer I: No target-current candidate displayed: current identifier, facility type, lien, currency, reference rate, spread, maturity, funded status, constituent descriptions and aggregation lot count are all blank. Target-prior shows 'JP Intermediate B, LLC., Senior Secured First Lien Debt, 11/20/2027 Maturity' (other_debt, first_lien, currency UNKNOWN, reference rate UNKNOWN, spread 0.065, maturity blank, funded, 1 lot). Blank current side is missing evidence, not proof of difference, so same-facility and aggregation cannot be judged; displayed structure does not distinguish repayment, sale or amendment, so the position is recorded only as unmatched. | Reviewer J: No current candidate or constituents are displayed for the prior funded first-lien other-debt; displayed fields cannot distinguish repayment from sale."
D5EV_31b1d7de3c01a293b4a24e0c,D5EC_31431d4a01059178e2751dae,perkinelmer u s,CIK1869453,MSDL,"PerkinElmer U.S., LLC, First Lien Debt",other_debt,first_lien,UNKNOWN,UNKNOWN,0.05,,funded,"[""PerkinElmer U.S., LLC, First Lien Debt""]",1,EVID_f3b158c9bf8679aa9c0ad74f8df1,"PerkinElmer U.S., LLC, First Lien Debt",other_debt,first_lien,UNKNOWN,UNKNOWN,0.05,,funded,"[""PerkinElmer U.S., LLC, First Lien Debt""]",1,D5SE_1a73ff25541283aed7083637,yes,yes,continuing,"Reviewer I: Target-prior and target-current identifiers are identical ('PerkinElmer U.S., LLC, First Lien Debt'); facility type other_debt, lien first_lien, currency UNKNOWN, reference rate UNKNOWN, spread 0.05, maturity blank and funded status funded agree on both sides; 1 aggregation lot on each side with identical constituent description. No displayed structural conflict in debt form, lien, currency or funded status. | Reviewer J: Prior/current identifier, other-debt type, first-lien, spread 0.05, funded status, and one-lot constituent descriptions match. currency, reference rate, and maturity are not displayed."
D5EV_b1e33c72796a87433c6f92eb,D5EC_008f98e6b57f1ba835f0d6f2,perkinelmer u s,OCIC,MSDL,"PerkinElmer U.S., LLC, First Lien Debt",other_debt,first_lien,UNKNOWN,UNKNOWN,0.05,,funded,"[""PerkinElmer U.S., LLC, First Lien Debt""]",1,EVID_f3b158c9bf8679aa9c0ad74f8df1,"PerkinElmer U.S., LLC, First Lien Debt",other_debt,first_lien,UNKNOWN,UNKNOWN,0.05,,funded,"[""PerkinElmer U.S., LLC, First Lien Debt""]",1,D5SE_96beaee4f418b62d9d9ac99b,yes,yes,continuing,"Reviewer I: Target-prior and target-current identifiers are identical ('PerkinElmer U.S., LLC, First Lien Debt'); facility type other_debt, lien first_lien, currency UNKNOWN, reference rate UNKNOWN, spread 0.05, maturity blank and funded status funded agree on both sides; 1 aggregation lot on each side with identical constituent description. No displayed structural conflict in debt form, lien, currency or funded status. | Reviewer J: Prior/current identifier, other-debt type, first-lien, spread 0.05, funded status, and one-lot constituent descriptions match. currency, reference rate, and maturity are not displayed."
D5EV_52d76106e233964c89f9b289,D5EC_8d23c51ec0de6a3b964f9b3e,petvet care centers,NMFC,OTF,"PetVet Care Centers, LLC, First lien senior secured loan",other_debt,first_lien,UNKNOWN,UNKNOWN,0.06,,funded,"[""PetVet Care Centers, LLC, First lien senior secured loan""]",1,EVID_589b9c8736c081703fabcccad2f7,"PetVet Care Centers, LLC, First lien senior secured loan",other_debt,first_lien,UNKNOWN,UNKNOWN,0.06,,funded,"[""PetVet Care Centers, LLC, First lien senior secured loan""]",1,D5SE_3dc76a3d194e1917b02eb3b1,yes,yes,continuing,"Reviewer I: Target-prior and target-current identifiers are identical ('PetVet Care Centers, LLC, First lien senior secured loan'); facility type other_debt, lien first_lien, currency UNKNOWN, reference rate UNKNOWN, spread 0.06, maturity blank and funded status funded agree on both sides; 1 aggregation lot on each side with identical constituent description. No displayed structural conflict in debt form, lien, currency or funded status. | Reviewer J: Prior/current identifier, other-debt type, first-lien, spread 0.06, funded status, and one-lot constituent descriptions match. currency, reference rate, and maturity are not displayed."
D5EV_aebedff93315b84fc959cf91,D5EC_03d91dcc4a10080388206fcb,allen media,OFS,CION,"Allen Media, LLC, Senior Secured First Lien Debt, 2/10/2027 Maturity",other_debt,first_lien,UNKNOWN,UNKNOWN,0.055,,funded,"[""Allen Media, LLC, Senior Secured First Lien Debt, 2/10/2027 Maturity""]",1,EVID_e623c88b9241ac2d119fedd03d8f,,,,,,,,,[],,,uncertain,uncertain,unmatched_disappearance,"Reviewer I: No target-current candidate displayed: current identifier, facility type, lien, currency, reference rate, spread, maturity, funded status, constituent descriptions and aggregation lot count are all blank. Target-prior shows 'Allen Media, LLC, Senior Secured First Lien Debt, 2/10/2027 Maturity' (other_debt, first_lien, currency UNKNOWN, reference rate UNKNOWN, spread 0.055, maturity blank, funded, 1 lot). Blank current side is missing evidence, not proof of difference, so same-facility and aggregation cannot be judged; displayed structure does not distinguish repayment, sale or amendment, so the position is recorded only as unmatched. | Reviewer J: No current candidate or constituents are displayed for the prior funded first-lien other-debt; displayed fields cannot distinguish repayment from sale."
D5EV_56eb0926deb6208c9d3be8f5,D5EC_6b4dab625959afc45e6a930f,athenahealth,NMFC,OTF,"Athenahealth Group Inc., First lien senior secured loan",other_debt,first_lien,UNKNOWN,UNKNOWN,0.03,,funded,"[""Athenahealth Group Inc., First lien senior secured loan""]",1,EVID_17f7edb054e1b916af0e256022c0,"Athenahealth Group Inc., First lien senior secured loan",other_debt,first_lien,UNKNOWN,UNKNOWN,0.0275,,funded,"[""Athenahealth Group Inc., First lien senior secured loan""]",1,D5SE_e536bcc77ad7f266d4b00530,yes,yes,refinancing_amendment,"Reviewer I: Identifiers are identical ('Athenahealth Group Inc., First lien senior secured loan') with matching facility type other_debt, lien first_lien, currency UNKNOWN, reference rate UNKNOWN, blank maturity, funded status funded and one aggregation lot on each side. Spread moves 0.03 to 0.0275, a 25 basis point reduction that is displayed evidence of a repricing/amendment; repricing preserves facility identity, so the row is classified as amendment rather than plain continuation. | Reviewer J: Prior/current identifier, other-debt type, first lien, funded status, and one-lot description match; spread changes from 0.03 to 0.0275, supporting repricing/amendment."
D5EV_4cc14157b528999eaa6b757e,D5EC_d3e0e97653f9760afcd4535b,connectwise,NMFC,OTF,"ConnectWise, LLC, First lien senior secured loan",other_debt,first_lien,UNKNOWN,UNKNOWN,0.035,,funded,"[""ConnectWise, LLC, First lien senior secured loan""]",1,EVID_2887805eeceef56a5e85a0b49097,"ConnectWise, LLC, First lien senior secured loan",other_debt,first_lien,UNKNOWN,UNKNOWN,0.035,,funded,"[""ConnectWise, LLC, First lien senior secured loan""]",1,D5SE_0830a402982ebe9f234d3c42,yes,yes,continuing,"Reviewer I: Target-prior and target-current identifiers are identical ('ConnectWise, LLC, First lien senior secured loan'); facility type other_debt, lien first_lien, currency UNKNOWN, reference rate UNKNOWN, spread 0.035, maturity blank and funded status funded agree on both sides; 1 aggregation lot on each side with identical constituent description. No displayed structural conflict in debt form, lien, currency or funded status. | Reviewer J: Prior/current identifier, other-debt type, first-lien, spread 0.035, funded status, and one-lot constituent descriptions match. currency, reference rate, and maturity are not displayed."
D5EV_dc436360ecc599e08c348c0e,D5EC_065bc29e31be5b5c0cd4e675,jp intermediate b,OFS,CION,"JP Intermediate B, LLC., Senior Secured First Lien Debt, 11/20/2027 Maturity",other_debt,first_lien,UNKNOWN,UNKNOWN,0.065,,funded,"[""JP Intermediate B, LLC., Senior Secured First Lien Debt, 11/20/2027 Maturity""]",1,EVID_bc75be9a56a8d4dd825c950565a5,,,,,,,,,[],,,uncertain,uncertain,unmatched_disappearance,"Reviewer I: No target-current candidate displayed: current identifier, facility type, lien, currency, reference rate, spread, maturity, funded status, constituent descriptions and aggregation lot count are all blank. Target-prior shows 'JP Intermediate B, LLC., Senior Secured First Lien Debt, 11/20/2027 Maturity' (other_debt, first_lien, currency UNKNOWN, reference rate UNKNOWN, spread 0.065, maturity blank, funded, 1 lot). Blank current side is missing evidence, not proof of difference, so same-facility and aggregation cannot be judged; displayed structure does not distinguish repayment, sale or amendment, so the position is recorded only as unmatched. | Reviewer J: No current candidate or constituents are displayed for the prior funded first-lien other-debt; displayed fields cannot distinguish repayment from sale."
D5EV_01b58c3f356725d63b6e1f86,D5EC_f7868be530205330ab464457,kaseya,NMFC,OTF,"Kaseya Inc., First lien senior secured loan",other_debt,first_lien,UNKNOWN,UNKNOWN,0.0325,,funded,"[""Kaseya Inc., First lien senior secured loan""]",1,EVID_c6d5015155a9277abc8dac0ca3a8,"Kaseya Inc., First lien senior secured loan",other_debt,first_lien,UNKNOWN,UNKNOWN,0.0325,,funded,"[""Kaseya Inc., First lien senior secured loan""]",1,D5SE_35d51886380017ed1674f045,yes,yes,continuing,"Reviewer I: Target-prior and target-current identifiers are identical ('Kaseya Inc., First lien senior secured loan'); facility type other_debt, lien first_lien, currency UNKNOWN, reference rate UNKNOWN, spread 0.0325, maturity blank and funded status funded agree on both sides; 1 aggregation lot on each side with identical constituent description. No displayed structural conflict in debt form, lien, currency or funded status. | Reviewer J: Prior/current identifier, other-debt type, first-lien, spread 0.0325, funded status, and one-lot constituent descriptions match. currency, reference rate, and maturity are not displayed."
D5EV_22b92172837e5c656ae8a4fc,D5EC_5b1c70198a9cf89b4e4c92d0,logrhythm,NMFC,OTF,"LogRhythm, Inc., First lien senior secured loan",other_debt,first_lien,UNKNOWN,UNKNOWN,0.075,,funded,"[""LogRhythm, Inc., First lien senior secured loan""]",1,EVID_b6adaac1e9d428dc57b120c6bc40,"LogRhythm, Inc., First lien senior secured loan",other_debt,first_lien,UNKNOWN,UNKNOWN,0.075,,funded,"[""LogRhythm, Inc., First lien senior secured loan""]",1,D5SE_a82a3f377fd00ae4e169936d,yes,yes,continuing,"Reviewer I: Target-prior and target-current identifiers are identical ('LogRhythm, Inc., First lien senior secured loan'); facility type other_debt, lien first_lien, currency UNKNOWN, reference rate UNKNOWN, spread 0.075, maturity blank and funded status funded agree on both sides; 1 aggregation lot on each side with identical constituent description. No displayed structural conflict in debt form, lien, currency or funded status. | Reviewer J: Prior/current identifier, other-debt type, first-lien, spread 0.075, funded status, and one-lot constituent descriptions match. currency, reference rate, and maturity are not displayed."
D5EV_b851a769bc41a0c684807a5d,D5EC_bfbedd0a01f4a64e85fa30b8,m2s intermediate,OCSL,WHF,"M2S Group Intermediate Holdings, Inc. First Lien Secured Term Loan",term_loan,first_lien,UNKNOWN,SOFR,0.0475,2031-08-25,funded,"[""M2S Group Intermediate Holdings, Inc. First Lien Secured Term Loan""]",1,EVID_76b03ebd11f246ecda788728f86c,"M2S Group Intermediate Holdings, Inc. First Lien Secured Term Loan",term_loan,first_lien,UNKNOWN,UNKNOWN,0.0475,2031-08-25,funded,"[""M2S Group Intermediate Holdings, Inc. First Lien Secured Term Loan""]",1,D5SE_03b0c9ad6a23fc0bf3f27102,yes,yes,continuing,"Reviewer I: Identifiers are identical ('M2S Group Intermediate Holdings, Inc. First Lien Secured Term Loan'), with matching facility type term_loan, lien first_lien, currency UNKNOWN, spread 0.0475, maturity 2031-08-25, funded status funded and one aggregation lot on each side. The reference rate is SOFR on the prior side and UNKNOWN on the current side; UNKNOWN is absent information rather than a rate conflict. | Reviewer J: Prior/current identifier, term-loan type, first-lien, spread 0.0475, maturity 2031-08-25, funded status, and one-lot constituent descriptions match. currency is not displayed. The current reference rate is UNKNOWN."
D5EV_0a4ad52bbd0c50e6cfb05514,D5EC_c329836f58a0d68dc3e1aca0,petvet care centers,ARCC,OTF,"PetVet Care Centers, LLC, First lien senior secured loan",other_debt,first_lien,UNKNOWN,UNKNOWN,0.06,,funded,"[""PetVet Care Centers, LLC, First lien senior secured loan""]",1,EVID_b2277d98f91f449d95e3d88481e3,"PetVet Care Centers, LLC, First lien senior secured loan",other_debt,first_lien,UNKNOWN,UNKNOWN,0.06,,funded,"[""PetVet Care Centers, LLC, First lien senior secured loan""]",1,D5SE_372bd2baa820ee816ef7ff70,yes,yes,continuing,"Reviewer I: Target-prior and target-current identifiers are identical ('PetVet Care Centers, LLC, First lien senior secured loan'); facility type other_debt, lien first_lien, currency UNKNOWN, reference rate UNKNOWN, spread 0.06, maturity blank and funded status funded agree on both sides; 1 aggregation lot on each side with identical constituent description. No displayed structural conflict in debt form, lien, currency or funded status. | Reviewer J: Prior/current identifier, other-debt type, first-lien, spread 0.06, funded status, and one-lot constituent descriptions match. currency, reference rate, and maturity are not displayed."
D5EV_afb2092fc81ff6e4bc35d01a,D5EC_b29928f64e1072a69d247d21,petvet care centers,NMFC,OTF,"PetVet Care Centers, LLC, First lien senior secured loan",other_debt,first_lien,UNKNOWN,UNKNOWN,0.06,,funded,"[""PetVet Care Centers, LLC, First lien senior secured loan""]",1,EVID_b2277d98f91f449d95e3d88481e3,"PetVet Care Centers, LLC, First lien senior secured loan",other_debt,first_lien,UNKNOWN,UNKNOWN,0.06,,funded,"[""PetVet Care Centers, LLC, First lien senior secured loan""]",1,D5SE_8fd3f6e5a877d58c45a37a04,yes,yes,continuing,"Reviewer I: Target-prior and target-current identifiers are identical ('PetVet Care Centers, LLC, First lien senior secured loan'); facility type other_debt, lien first_lien, currency UNKNOWN, reference rate UNKNOWN, spread 0.06, maturity blank and funded status funded agree on both sides; 1 aggregation lot on each side with identical constituent description. No displayed structural conflict in debt form, lien, currency or funded status. | Reviewer J: Prior/current identifier, other-debt type, first-lien, spread 0.06, funded status, and one-lot constituent descriptions match. currency, reference rate, and maturity are not displayed."
D5EV_9d95c851974603588ee9e63d,D5EC_5aab67edbb59c4864075f5ca,storable,NMFC,OTF,"Storable, Inc., First lien senior secured loan",other_debt,first_lien,UNKNOWN,UNKNOWN,0.0325,,funded,"[""Storable, Inc., First lien senior secured loan""]",1,EVID_27eb06b33cb1041e69ffc36a8255,"Storable, Inc., First lien senior secured loan",other_debt,first_lien,UNKNOWN,UNKNOWN,0.0325,,funded,"[""Storable, Inc., First lien senior secured loan""]",1,D5SE_676eb783ac07a9afdc8badca,yes,yes,continuing,"Reviewer I: Target-prior and target-current identifiers are identical ('Storable, Inc., First lien senior secured loan'); facility type other_debt, lien first_lien, currency UNKNOWN, reference rate UNKNOWN, spread 0.0325, maturity blank and funded status funded agree on both sides; 1 aggregation lot on each side with identical constituent description. No displayed structural conflict in debt form, lien, currency or funded status. | Reviewer J: Prior/current identifier, other-debt type, first-lien, spread 0.0325, funded status, and one-lot constituent descriptions match. currency, reference rate, and maturity are not displayed."
D5EV_ee0d1f55a8626ec9e07a6819,D5EC_0d55e9d3a6a3517b978ce949,m2s intermediate,OCSL,WHF,"M2S Group Intermediate Holdings, Inc. First Lien Secured Term Loan",term_loan,first_lien,UNKNOWN,SOFR,0.0475,2031-08-25,funded,"[""M2S Group Intermediate Holdings, Inc. First Lien Secured Term Loan""]",1,EVID_ab23cc37e4a973adee16f36bb7e0,"M2S Group Intermediate Holdings, Inc. First Lien Secured Term Loan",term_loan,first_lien,UNKNOWN,SOFR,0.0475,2031-08-25,funded,"[""M2S Group Intermediate Holdings, Inc. First Lien Secured Term Loan""]",1,D5SE_efc82cb8f40f5f05c3dc67fe,yes,yes,continuing,"Reviewer I: Target-prior and target-current identifiers are identical ('M2S Group Intermediate Holdings, Inc. First Lien Secured Term Loan'); facility type term_loan, lien first_lien, currency UNKNOWN, reference rate SOFR, spread 0.0475, maturity 2031-08-25 and funded status funded agree on both sides; 1 aggregation lot on each side with identical constituent description. No displayed structural conflict in debt form, lien, currency or funded status. | Reviewer J: Prior/current identifier, term-loan type, first-lien, reference rate SOFR, spread 0.0475, maturity 2031-08-25, funded status, and one-lot constituent descriptions match. currency is not displayed."
D5EV_4bcc43807ee299de5de2ca0a,D5EC_bdf50a40b8d90ef96b681429,real chemistry intermediate iii,NCDL,BBDC,"Real Chemistry Intermediate III, Inc. | Revolver",revolver,unknown,UNKNOWN,UNKNOWN,0.045,,funded,"[""Real Chemistry Intermediate III, Inc."",""Revolver""]",1,EVID_475ef279cd5e050204907ab13b80,"Real Chemistry Intermediate III, Inc. | Revolver",revolver,unknown,UNKNOWN,UNKNOWN,0.045,,funded,"[""Real Chemistry Intermediate III, Inc."",""Revolver""]",1,D5SE_67767609020592c76b034685,yes,yes,continuing,"Reviewer I: Target-prior and target-current identifiers are identical ('Real Chemistry Intermediate III, Inc. | Revolver'); facility type revolver, lien unknown, currency UNKNOWN, reference rate UNKNOWN, spread 0.045, maturity blank and funded status funded agree on both sides; 1 aggregation lot on each side with identical constituent description. No displayed structural conflict in debt form, lien, currency or funded status. | Reviewer J: Prior/current identifier, revolver type, spread 0.045, funded status, and one-lot constituent descriptions match. lien, currency, reference rate, and maturity are not displayed."
D5EV_f438ca82f7a27e794a1837a9,D5EC_03ea18827a74bda0ec1f74a2,swoop intermediate iii,NCDL,BBDC,"Swoop Intermediate III, Inc. | Revolver",revolver,unknown,UNKNOWN,UNKNOWN,0.045,,funded,"[""Revolver"",""Swoop Intermediate III, Inc.""]",1,EVID_b5c7fded2d8d0ccb40d413327b61,"Swoop Intermediate III, Inc. | Revolver",revolver,unknown,UNKNOWN,UNKNOWN,0.045,,funded,"[""Revolver"",""Swoop Intermediate III, Inc.""]",1,D5SE_abfb3feface48ed3e8b0743a,yes,yes,continuing,"Reviewer I: Target-prior and target-current identifiers are identical ('Swoop Intermediate III, Inc. | Revolver'); facility type revolver, lien unknown, currency UNKNOWN, reference rate UNKNOWN, spread 0.045, maturity blank and funded status funded agree on both sides; 1 aggregation lot on each side with identical constituent description. No displayed structural conflict in debt form, lien, currency or funded status. | Reviewer J: Prior/current identifier, revolver type, spread 0.045, funded status, and one-lot constituent descriptions match. lien, currency, reference rate, and maturity are not displayed."
