review_observation_id,source_event_cluster_id,borrower_norm,report_period_label,source_ticker,target_ticker,reporting_window_days,target_prior_mark,source_prior_mark,source_current_mark,target_current_mark,target_current_same_facility,target_current_aggregation_valid,position_status
D5EV_d57ac7fd49b33f3394c88abc,D5EC_8c85826ce74d7f7af8420baf,allen media,2024Q1,OFS,CION,6.789873,0.9675102599,0.8916599625,0.876344086,,uncertain,uncertain,unmatched_disappearance
D5EV_f2bba31f83c7353b48576093,D5EC_d14c24de438d18275de4f4c3,community brands parentco,2024Q1,NMFC,OTF,9.170833,0.9900215534,0.9729234241,0.981620246,0.9924769908,yes,yes,continuing
D5EV_7c83982d1c79c64ac8affcb2,D5EC_b94b2012498895e5f2f778fd,greenway health,2024Q1,NMFC,OTF,9.170833,0.9700605645,0.9850370137,1,0.9774882871,yes,yes,continuing
D5EV_0473fd1e79b97a345afb4fa5,D5EC_4ba8b635e3a54b1f5a5abab1,hyland software,2024Q1,ARCC,OTF,9.981944,0.9850035512,0.9856410256,1,0.9849894366,yes,yes,continuing
D5EV_8ecf2aee1046f6fd7cced1b0,D5EC_9f9ebd17f4ff9e58c37206f4,hyland software,2024Q1,ASIF,OTF,0.210417,0.9850035512,0.9849981797,1,0.9849894366,yes,yes,continuing
D5EV_6d74b1708e4e037b70790a05,D5EC_2826bf36875c4239e1d0b93a,jp intermediate b,2024Q1,OFS,CION,6.789873,0.7824971904,0.7170534384,0.731956568,,uncertain,uncertain,unmatched_disappearance
D5EV_0bf02eb5470056c7faa366b3,D5EC_c81aa886820df53368cc5bfd,opco borrower,2024Q1,CION,CSWC,6.087963,1,0.94504,1.03,1,yes,yes,continuing
D5EV_e669e9146b91bd3683498ae2,D5EC_3ba60992f749801e08ded97d,realpage,2024Q1,ASIF,OTF,0.210417,0.9975047619,1,0.98,0.9892,yes,yes,continuing
D5EV_56f5e033119fc6f7710f17e4,D5EC_c01d8f9d2b4b0baaacbaae48,snap fitness a stock,2024Q1,WHF,CION,1.204456,,65,83.5,,uncertain,uncertain,unmatched_disappearance
D5EV_63ea16f00e9832bb6f6890a7,D5EC_1536e72484b100d474c9c517,statinmed,2024Q1,CION,CSWC,6.087963,0.8107142857,0.9700318412,0.9549923334,0.65,yes,yes,continuing
D5EV_569cd152db6e30a43d2ab998,D5EC_8697acaad0cd9c0c406dd8dc,allen media,2024Q2,OFS,CION,6.789826,0.9550805806,0.876344086,0.7544474394,,uncertain,uncertain,unmatched_disappearance
D5EV_deab4cbeab2e294dcf2d44e2,D5EC_f36d7a6823f20664245db17b,community brands parentco,2024Q2,NMFC,OTF,9.122894,0.9924769908,0.981620246,1,1,yes,yes,continuing
D5EV_7b9a3eb8893e474f29a2a17c,D5EC_be5f932c2c95a41f48c0c341,inw manufacturing,2024Q2,CSWC,CION,1.848854,0.9237714286,0.8004761905,0.8400966184,,uncertain,uncertain,unmatched_disappearance
D5EV_4e71db62dd760aa9577c481e,D5EC_7c9e8a416e6aac97106a086e,lift brands a,2024Q2,CSWC,WHF,1.809375,1,0.9800163132,0.9901840491,1,yes,yes,continuing
D5EV_5e8755cc94dc4d48778758fd,D5EC_91c4bd3c4b21578fef61cf44,lift brands b,2024Q2,CSWC,WHF,1.809375,1,0.9092284418,0.9394387001,1,yes,yes,continuing
D5EV_0e8e49fa34bce6522ebdf311,D5EC_ee20e041c64ff093603d0786,petvet care centers,2024Q2,ARCC,OTF,10.957616,0.99499387,0.9803625378,0.9500378501,0.9849951349,yes,yes,continuing
D5EV_210d833e27e3a4b2bc514032,D5EC_abc2fffd1932452d417bdd7c,statinmed,2024Q2,CSWC,CION,1.848854,0.9549923334,0.65,0.2,,uncertain,uncertain,unmatched_disappearance
D5EV_84d045c1c425e93bbf4e15ca,D5EC_e4360b224ff42b11714a8d09,allen media,2024Q3,OFS,CION,6.831678,0.9424773691,0.7544474394,0.6554054054,,uncertain,uncertain,unmatched_disappearance
D5EV_528e28cd9f932f606a886dfc,D5EC_02533430c56efca24fe1b5ab,isagenix international,2024Q3,CSWC,CION,8.883067,0.98125,0.8797297297,0.2747688243,,uncertain,uncertain,unmatched_disappearance
D5EV_96fd27c17c4971c1b3c580e0,D5EC_418b1e0127c211fda3c9630e,jp intermediate b,2024Q3,OFS,CION,6.831678,0.8187488238,0.7366404088,0.5153083226,,uncertain,uncertain,unmatched_disappearance
D5EV_8db09e90c91ed9cfa2d63914,D5EC_f7de0219c42bf43e6527653a,nellson nutraceutical,2024Q3,OBDC,MSDL,1.2514,1,0.9849735285,0.9900148217,1,yes,yes,continuing
D5EV_223148adf3c57f1ce429ef5e,D5EC_5f513e79f9d4babae29dba44,petvet care centers,2024Q3,ARCC,OTF,15.005567,0.9849951349,0.9500378501,0.940060698,0.9800030804,yes,yes,continuing
D5EV_2c8443f93602d23959d6c67a,D5EC_6176c448c6117d8dfcaf88f3,pye barker fire and safety,2024Q3,ASIF,OTF,5.200706,0.9949780733,1,0.9938510654,0.9949780733,yes,yes,continuing
D5EV_5faab35be7673c082434fcab,D5EC_2e10a4a2316e3730d442caa9,realpage,2024Q3,ASIF,OTF,5.200706,0.9724952381,0.9849991445,0.9577794023,0.9578095238,yes,yes,continuing
D5EV_40fd3f8ad25d3a39cff86129,D5EC_f24adc0d35cc52cf771e6cde,realpage,2024Q3,CIK1766037,OTF,0.280567,0.9724952381,0.9774730656,0.964337155,0.9578095238,yes,yes,continuing
D5EV_79ecfa2da80651a349e27709,D5EC_0eebbe29e45a8e1feabfcba9,realpage,2024Q3,CIK1781870,OTF,1.240289,0.9724952381,0.9774577332,0.9643080776,0.9578095238,yes,yes,continuing
D5EV_0e7d36c356bb8ba344365cda,D5EC_86b28a4bd2517beeb7bb3146,realpage,2024Q3,CIK1925531,OTF,0.274317,0.9724952381,0.9775391499,0.9642984968,0.9578095238,yes,yes,continuing
D5EV_291a2a8e8508e0808d00ab51,D5EC_c9c324cc68aa6adbc418e529,realpage,2024Q3,CIK1976719,OTF,1.242373,0.9724952381,0.9774506733,0.9642968995,0.9578095238,yes,yes,continuing
D5EV_29193e8c4ade8d5fc4130f10,D5EC_ca768146091f11f0764109f7,snap fitness a stock,2024Q3,WHF,CION,0.249734,,83.5,47.5,,uncertain,uncertain,unmatched_disappearance
D5EV_81b0639ef3a5df20b12adab1,D5EC_602c8530d231f9fba9925f00,triplepoint acquisition,2024Q3,WHF,SCM,0.624236,0.9802491967,0.9802827381,0.9901174716,0.9799999963,yes,yes,continuing
D5EV_31024582486f6782c726e217,D5EC_7beb88050506f6633916e47d,xplor t1,2024Q3,ASIF,OTF,5.200706,0.995,0.9975022381,1.0037511191,1.005,yes,yes,continuing
D5EV_f1023e56f9a8a7322097c229,D5EC_9c901a90cb41a1d677b6d1af,allen media,2024Q4,OFS,CION,9.189468,0.8699448529,0.6554054054,0.7033324302,,uncertain,uncertain,unmatched_disappearance
D5EV_929a38407e646825ce51d687,D5EC_f1107a6ae848144cdbaa0bb1,asurion,2024Q4,CIK1661306,OTF,10.120336,0.934828764,0.9416053333,0.9796453333,0.9743376719,yes,yes,continuing
D5EV_9cb1d48eb2aed8e4c9da7e25,D5EC_2d572b423f82b275bfd30b07,blackhawk network,2024Q4,OBDC,OFS,12.208461,1.0055,1.0036891984,1.0110954774,,uncertain,uncertain,unmatched_disappearance
D5EV_b49ae18bce39e03f3ab75565,D5EC_cdef9e7b676f0779d305b4e7,finastra usa,2024Q4,CIK1872371,OTF,40.72728,1,0.9700285442,0.9865343728,,no,yes,uncertain
D5EV_2872475ec640faf7eb7b6f3a,D5EC_fb54ac0b4ddad64153990661,forescout technologies,2024Q4,ARCC,OTF,47.62103,0.9957153558,0.9926470588,0.9852941176,,uncertain,uncertain,uncertain
D5EV_44167ecf393fca0a38b730cc,D5EC_482fd8bfe4a7eea7821e6620,inw manufacturing,2024Q4,CSWC,CION,36.850579,0.9487647059,0.8401960784,0.9179104478,,uncertain,uncertain,unmatched_disappearance
D5EV_8d88b8aad171e0558438e1d7,D5EC_c63a45369ececb32ef550d49,isagenix international,2024Q4,CSWC,CION,36.850579,0.9850648643,0.2747688243,0.2098445596,,uncertain,uncertain,unmatched_disappearance
D5EV_0886264549f8d1edc918c351,D5EC_13a13ce210b39f91047226c1,lab logistics,2024Q4,CSWC,WHF,30.850266,1,1,0.9892473118,1,yes,yes,continuing
D5EV_12cdbe603d26ce6ee557c68c,D5EC_d5cf15b8c686ce3e7be12091,lift brands a,2024Q4,CSWC,WHF,30.850266,1,0.9901599016,0.997944924,1,yes,yes,continuing
D5EV_ae9fddd6692c2d1fb78938ed,D5EC_ecb3c214ed5d800666f30c39,lift brands b,2024Q4,CSWC,WHF,30.850266,1,0.939481268,0.9704225352,1,yes,yes,continuing
D5EV_bdd36469d2423b4d784e3b98,D5EC_a1ca6aebbf08f4c8a07f6d2d,m2s intermediate,2024Q4,OCSL,WHF,31.773877,0.9625,0.9625,0.9675391139,0.9675537359,yes,yes,continuing
D5EV_6a95a1a785595ec2522cfccb,D5EC_23dcc5032e759dcd25eebc54,nellson nutraceutical,2024Q4,OBDC,MSDL,8.198067,1,0.9900148217,1,1,yes,yes,continuing
D5EV_f1018b988fe4aa8a8e1b8ed0,D5EC_f7592964d5fbdb763f0e6b51,petvet care centers,2024Q4,ARCC,OTF,47.62103,0.9800030804,0.940060698,0.9299847793,0.9574862319,yes,yes,continuing
D5EV_461b4522db818800b411cf81,D5EC_fbb4527273d8c3233b3a9d6b,pye barker fire and safety,2024Q4,ASIF,OTF,13.843252,0.9589442815,0.9199594732,1,0.9794721408,yes,yes,continuing
D5EV_16089877a8f98d5b837ead2b,D5EC_fce2bb2fb601951ab0abd7cd,pye barker fire and safety,2024Q4,ASIF,OTF,13.843252,0.9949780733,0.9938510654,1,0.9974919957,yes,yes,continuing
D5EV_87a178fe2605a2efcf55fba1,D5EC_4bd5456c38911048cbe47633,triplepoint acquisition,2024Q4,CIK1901037,WHF,0.792627,0.9901174716,0.9800000131,0.995000097,0.9979435408,yes,yes,continuing
D5EV_d41ba6669cd8282839502643,D5EC_64cedc5a52b94ccefb424b21,triplepoint acquisition,2024Q4,SCM,WHF,2.803044,0.9901174716,0.9799999963,0.9949999137,0.9979435408,yes,yes,continuing
D5EV_0b9ed1b3b2fa2a359dc54177,D5EC_e997e27eca29c000298f067d,asurion,2025Q1,CIK1661306,OTF,3.456493,0.9743376719,0.9796453333,0.95,0.9443367488,yes,yes,continuing
D5EV_6a4eed319e9f8fe7f99747fa,D5EC_f91d1d5046f1b999a4a753fd,idera,2025Q1,OFS,MSDL,7.107627,1,1,0.9440924338,1,yes,yes,continuing
D5EV_0c52b634a145a52d3e9d6a2d,D5EC_fc24da716cf2426943bc3444,jp intermediate b,2025Q1,OFS,CION,6.787222,0.7949959044,0.4532125916,0.4105217766,,uncertain,uncertain,unmatched_disappearance
D5EV_31b1d7de3c01a293b4a24e0c,D5EC_31431d4a01059178e2751dae,perkinelmer u s,2025Q1,CIK1869453,MSDL,0.169433,0.9930875576,0.9975082908,0.9924977631,1,yes,yes,continuing
D5EV_b1e33c72796a87433c6f92eb,D5EC_008f98e6b57f1ba835f0d6f2,perkinelmer u s,2025Q1,OCIC,MSDL,0.134711,0.9930875576,0.997500062,0.9924972311,1,yes,yes,continuing
D5EV_52d76106e233964c89f9b289,D5EC_8d23c51ec0de6a3b964f9b3e,petvet care centers,2025Q1,NMFC,OTF,7.214826,0.9574862319,1,0.9836147325,0.9449941305,yes,yes,continuing
D5EV_aebedff93315b84fc959cf91,D5EC_03d91dcc4a10080388206fcb,allen media,2025Q2,OFS,CION,6.789502,0.8925848926,0.7044281445,0.7409425225,,uncertain,uncertain,unmatched_disappearance
D5EV_56eb0926deb6208c9d3be8f5,D5EC_6b4dab625959afc45e6a930f,athenahealth,2025Q2,NMFC,OTF,2.161458,0.9859357061,0.9913396185,1.0001449485,,yes,yes,refinancing_amendment
D5EV_4cc14157b528999eaa6b757e,D5EC_d3e0e97653f9760afcd4535b,connectwise,2025Q2,NMFC,OTF,2.161458,0.9980327869,1.0005039053,1.0063147259,1.0039447732,yes,yes,continuing
D5EV_dc436360ecc599e08c348c0e,D5EC_065bc29e31be5b5c0cd4e675,jp intermediate b,2025Q2,OFS,CION,6.789502,0.7099932981,0.4105217766,0.3615782665,,uncertain,uncertain,unmatched_disappearance
D5EV_01b58c3f356725d63b6e1f86,D5EC_f7868be530205330ab464457,kaseya,2025Q2,NMFC,OTF,2.161458,0.995,0.9949407842,1.0053025937,1.0033941998,yes,yes,continuing
D5EV_22b92172837e5c656ae8a4fc,D5EC_5b1c70198a9cf89b4e4c92d0,logrhythm,2025Q2,NMFC,OTF,2.161458,0.9724210526,0.9835557674,0.9723546235,0.9724210526,yes,yes,continuing
D5EV_b851a769bc41a0c684807a5d,D5EC_bfbedd0a01f4a64e85fa30b8,m2s intermediate,2025Q2,OCSL,WHF,2.735613,0.9672466735,0.963371838,0.9706498952,0.9681341719,yes,yes,continuing
D5EV_0a4ad52bbd0c50e6cfb05514,D5EC_c329836f58a0d68dc3e1aca0,petvet care centers,2025Q2,ARCC,OTF,8.971181,0.9449941305,0.9298245614,0.8998470948,0.9449969608,yes,yes,continuing
D5EV_afb2092fc81ff6e4bc35d01a,D5EC_b29928f64e1072a69d247d21,petvet care centers,2025Q2,NMFC,OTF,2.161458,0.9449941305,0.9836147325,0.9755026247,0.9449969608,yes,yes,continuing
D5EV_9d95c851974603588ee9e63d,D5EC_5aab67edbb59c4864075f5ca,storable,2025Q2,NMFC,OTF,2.161458,0.9934495616,0.995410438,1.0005184033,0.9980368328,yes,yes,continuing
D5EV_ee0d1f55a8626ec9e07a6819,D5EC_0d55e9d3a6a3517b978ce949,m2s intermediate,2026Q1,OCSL,WHF,2.71544,0.9901793339,0.995204541,0.9792924935,0.9899067471,yes,yes,continuing
D5EV_4bcc43807ee299de5de2ca0a,D5EC_bdf50a40b8d90ef96b681429,real chemistry intermediate iii,2026Q1,NCDL,BBDC,0.961968,,0.0039325843,-0.0061797753,,yes,yes,continuing
D5EV_f438ca82f7a27e794a1837a9,D5EC_03ea18827a74bda0ec1f74a2,swoop intermediate iii,2026Q1,NCDL,BBDC,0.961968,,0.0045045045,0.0101351351,,yes,yes,continuing
