cik,fund_id,filer_name,canonical_manager,legal_adviser,verification_status,evidence_source,evidence_accession,evidence_statement,evidence_excerpt_sha256,confidence
17313,CSWC,CAPITAL SOUTHWEST CORP,Capital Southwest,internally managed,verified,https://www.sec.gov/Archives/edgar/data/17313/000001731326000035/cswc-20260331.htm,0000017313-26-000035,Official 10-K contains the adviser evidence token 'internally managed'.,2c976664ef05f9493851b2628d39e9abef56907108ee90a4b183d121cca07bd6,high
1143513,GLAD,GLADSTONE CAPITAL CORP,Gladstone Management,Gladstone Management Corporation,verified,https://www.sec.gov/Archives/edgar/data/1143513/000114351325000015/glad-20250930.htm,0001143513-25-000015,Official 10-K contains the adviser evidence token 'gladstone management corporation'.,7a5968a447cce9b17d2f89fbd60e870018a30a92419e2199f885cf5c40e82715,high
1321741,GAIN,GLADSTONE INVESTMENT CORPORATIONDE,Gladstone Management,Gladstone Management Corporation,verified,https://www.sec.gov/Archives/edgar/data/1321741/000132174126000011/gain-20260331.htm,0001321741-26-000011,Official 10-K contains the adviser evidence token 'gladstone management corporation'.,7a5968a447cce9b17d2f89fbd60e870018a30a92419e2199f885cf5c40e82715,high
1370755,TCPC,BLACKROCK TCP CAPITAL CORP.,BlackRock,"BlackRock Capital Investment Advisors, LLC",verified,https://www.sec.gov/Archives/edgar/data/1370755/000119312526079299/tcpc-20251231.htm,0001193125-26-079299,Official 10-K contains the adviser evidence token 'blackrock capital investment advisors'.,a699d34470252b91d848ceb6d11f9ce52a0adfe8821ca4cf02f121a34e5c42a9,high
1383414,PNNT,PENNANTPARK INVESTMENT CORP,PennantPark,"PennantPark Investment Advisers, LLC",verified,https://www.sec.gov/Archives/edgar/data/1383414/000119312525293703/pnnt-20250930.htm,0001193125-25-293703,Official 10-K contains the adviser evidence token 'pennantpark investment advisers'.,b86f79c56a3492fcc794f4cb6953d36e6cf7f77a02db789bcd7486d168f9f3c3,high
1487918,OFS,OFS CAPITAL CORP,OFS Capital Management,"OFS Capital Management, LLC",verified,https://www.sec.gov/Archives/edgar/data/1487918/000148791826000021/ofs-20251231.htm,0001487918-26-000021,Official 10-K contains the adviser evidence token 'ofs capital management'.,06f762e7e3590df8341339e9ef01e4230d2cad6da38b1d9320814d5fa6313b0e,high
1504619,PFLA,PENNANTPARK FLOATING RATE CAPITAL LTD.,PennantPark,"PennantPark Investment Advisers, LLC",verified,https://www.sec.gov/Archives/edgar/data/1504619/000119312525293672/pflt-20250930.htm,0001193125-25-293672,Official 10-K contains the adviser evidence token 'pennantpark investment advisers'.,b787b8babe6a8fda5f2c28dda16713bd741bbfc0966c1ab0b57e55dafa141ead,high
1534254,CICB,CION INVESTMENT CORP,CION Investment Management,"CION Investment Management, LLC",verified,https://www.sec.gov/Archives/edgar/data/1534254/000153425426000003/cion-20251231.htm,0001534254-26-000003,Official 10-K contains the adviser evidence token 'cion investment management'.,5992645ecfdeca9c59b522b7e6ff05fe32f63f40f76d53ca9ab2f7cf60f9bddd,high
1535778,MSIF,"MSC INCOME FUND, INC.",Main Street Capital,"MSC Adviser I, LLC",verified,https://www.sec.gov/Archives/edgar/data/1535778/000153577826000026/msif-20251231.htm,0001535778-26-000026,Official 10-K contains the adviser evidence token 'msc adviser i'.,0afe1ad21bb927878cf865de3d99344384f7381229235b4061b9b5076c8044af,high
1551901,SCM,STELLUS CAPITAL INVESTMENT CORP,Stellus Capital Management,"Stellus Capital Management, LLC",verified,https://www.sec.gov/Archives/edgar/data/1551901/000110465926026432/scm-20251231x10k.htm,0001104659-26-026432,Official 10-K contains the adviser evidence token 'stellus capital management'.,a77480ca28da09eeaf0e9674fbbce118c384a71210921dea0eb94ee2b87e59ea,high
1552198,WHF,"WHITEHORSE FINANCE, INC.",H.I.G. WhiteHorse,"H.I.G. WhiteHorse Advisers, LLC",verified,https://www.sec.gov/Archives/edgar/data/1552198/000110465926024735/whf-20251231x10k.htm,0001104659-26-024735,Official 10-K contains the adviser evidence token 'whitehorse advisers'.,6e5ce3630c1891950a2ac3b3de968fffb4d7f5057647892fdfdd7ef6d64f06d6,high
1655887,CIK1655887,BLUE OWL CAPITAL CORP II,Blue Owl Credit,Blue Owl Credit Advisors LLC,verified,https://www.sec.gov/Archives/edgar/data/1655887/000165588726000010/obdc-20251231.htm,0001655887-26-000010,Official 10-K contains the adviser evidence token 'blue owl credit advisors'.,e348bcd72285bd0fdb08e79c2d116e4feb01c1b7610ac590b6576d64d4967618,high
1661306,CIK1661306,"HANCOCK PARK CORPORATE INCOME, INC.",OFS Capital Management,"OFS Capital Management, LLC",verified,https://www.sec.gov/Archives/edgar/data/1661306/000166130626000023/hpci-20251231.htm,0001661306-26-000023,Official 10-K contains the adviser evidence token 'ofs capital management'.,fc6d55191957fc5a3288450d2d55095af65a9db4c086a0066b5e6f9a106371f0,high
1715933,CIK1715933,TCW DIRECT LENDING VII LLC,TCW,TCW Asset Management Company LLC,verified,https://www.sec.gov/Archives/edgar/data/1715933/000119312526141887/ck0001715933-20251231.htm,0001193125-26-141887,Official 10-K contains the adviser evidence token 'tcw asset management'.,4befa8bbc51fd0eee6f92c89f834b0ee18217a8cbc011bef5caf821a2f021f95,high
1737924,NCDL,NUVEEN CHURCHILL DIRECT LENDING CORP.,Nuveen Churchill,Churchill DLC Advisor LLC,verified,https://www.sec.gov/Archives/edgar/data/1737924/000173792426000014/ncdlc-20251231.htm,0001737924-26-000014,Official 10-K contains the adviser evidence token 'churchill dlc advisor'.,56c10c75c8309ec43c698d35e23ae81d66d4e9604be24bbfe115a66d5c90d41d,high
1747777,OTF,BLUE OWL TECHNOLOGY FINANCE CORP.,Blue Owl Credit,Blue Owl Technology Credit Advisors II LLC,verified,https://www.sec.gov/Archives/edgar/data/1747777/000174777726000012/ortf-20251231.htm,0001747777-26-000012,Official 10-K contains the adviser evidence token 'blue owl technology credit advisors'.,8eff3315857f27525adc1e1d042dfd3d136fea818b0fbf2a8f7966c712c167d5,high
1766037,CIK1766037,"NMF SLF I, INC.",New Mountain Capital,"New Mountain Finance Advisers BDC, L.L.C.",verified,https://www.sec.gov/Archives/edgar/data/1766037/000176603726000004/nmslf-20251231.htm,0001766037-26-000004,Official 10-K contains the adviser evidence token 'new mountain'.,88c9eabf6cc91d41c8647d6883aadbad45b7dc510e0f2a70ed86b9775f613c20,high
1781870,CIK1781870,"NEW MOUNTAIN GUARDIAN III BDC, L.L.C.",New Mountain Capital,"New Mountain Guardian III BDC Adviser, L.L.C.",verified,https://www.sec.gov/Archives/edgar/data/1781870/000178187024000004/nmg3-20231231.htm,0001781870-24-000004,Official 10-K contains the adviser evidence token 'new mountain'.,03070c427c81346ee62e154dd186a53f997f1fb502315736a9802f548c59738a,high
1782524,MSDL,MORGAN STANLEY DIRECT LENDING FUND,Morgan Stanley Investment Management,MS Capital Partners Adviser Inc.,verified,https://www.sec.gov/Archives/edgar/data/1782524/000119312526076632/msdl-20251231.htm,0001193125-26-076632,Official 10-K contains the adviser evidence token 'ms capital partners adviser'.,69b94af46b1e9865d2fc410dcc92fe3c3d6e577cf0080b42bcbd6eb2c57b6414,high
1794776,PSBD,PALMER SQUARE CAPITAL BDC INC.,Palmer Square Capital Management,Palmer Square BDC Advisor LLC,verified,https://www.sec.gov/Archives/edgar/data/1794776/000119312526073362/psbd-20251231.htm,0001193125-26-073362,Official 10-K contains the adviser evidence token 'palmer square bdc advisor'.,f51da8168cfb5c080c3e0f497fdb875978c4f5d15f8912ae6e2c5f1f8ebeea5f,high
1807427,CIK1807427,BLUE OWL CAPITAL CORP III,Blue Owl Credit,Blue Owl Credit Advisors LLC,verified,https://www.sec.gov/Archives/edgar/data/1807427/000180742724000010/orcc-20231231.htm,0001807427-24-000010,Official 10-K contains the adviser evidence token 'blue owl credit advisors'.,a6fbc6c94c35133c92dd5874adb3a9db996186abff4706e11befaeb874ba07ca,high
1811972,CIK1811972,BARINGS CAPITAL INVESTMENT CORP,Barings,Barings LLC,verified,https://www.sec.gov/Archives/edgar/data/1811972/000181197226000004/bdc-20251231.htm,0001811972-26-000004,Official 10-K contains the adviser evidence token 'barings llc'.,32c459b2f1360199501961091120dd169583c3cd82b39ae6daeece4cba3a7816,high
1843162,LIEN,"CHICAGO ATLANTIC BDC, INC.",Chicago Atlantic,"Chicago Atlantic BDC Advisers, LLC",verified,https://www.sec.gov/Archives/edgar/data/1843162/000119312526115112/lien-20251231.htm,0001193125-26-115112,Official 10-K contains the adviser evidence token 'chicago atlantic bdc advisers'.,49bca15b5f53959bef5b7430240b073d4b8e7dc68d82d7c1d140ee29cf45b47e,high
1859919,CIK1859919,BARINGS PRIVATE CREDIT CORP,Barings,Barings LLC,verified,https://www.sec.gov/Archives/edgar/data/1859919/000185991926000022/bdc-20251231.htm,0001859919-26-000022,Official 10-K contains the adviser evidence token 'barings llc'.,68d7f7fdcc0451b7083045bb07010ff95e0e630d38e4c5c06fc940e026254e34,high
1869453,CIK1869453,BLUE OWL TECHNOLOGY INCOME CORP.,Blue Owl Credit,Blue Owl Technology Credit Advisors LLC,verified,https://www.sec.gov/Archives/edgar/data/1869453/000186945326000017/ortic-20251231.htm,0001869453-26-000017,Official 10-K contains the adviser evidence token 'blue owl technology credit advisors'.,fd32156e4c02f98f19f37b0ce4695effb2b5af37bdecd517831d38fc5c55b71e,high
1872371,CIK1872371,OAKTREE STRATEGIC CREDIT FUND,Oaktree Capital Management,"Oaktree Fund Advisors, LLC",verified,https://www.sec.gov/Archives/edgar/data/1872371/000187237125000018/oscf-20250930.htm,0001872371-25-000018,Official 10-K contains the adviser evidence token 'oaktree fund advisors'.,433fcb1226ecd6a13ff8c18305b725953872ea00e096a986bb925d97f7de8a4a,high
1889668,CIK1889668,BLUE OWL TECHNOLOGY FINANCE CORP. II,Blue Owl Credit,Blue Owl Technology Credit Advisors II LLC,verified,https://www.sec.gov/Archives/edgar/data/1889668/000188966825000006/ortf-20241231.htm,0001889668-25-000006,Official 10-K contains the adviser evidence token 'blue owl technology credit advisors'.,fd32156e4c02f98f19f37b0ce4695effb2b5af37bdecd517831d38fc5c55b71e,high
1901037,CIK1901037,STELLUS PRIVATE CREDIT BDC,Stellus Capital Management,"Stellus Capital Management, LLC",verified,https://www.sec.gov/Archives/edgar/data/1901037/000110465926027592/tmb-20251231x10k.htm,0001104659-26-027592,Official 10-K contains the adviser evidence token 'stellus capital management'.,c1a5b21ba6eaf1c035db29656211d5485a90affcd9bc5e5a3224006022b2c520,high
1923622,PGIM,PGIM PRIVATE CREDIT FUND,PGIM,PGIM Private Capital,verified,https://www.sec.gov/Archives/edgar/data/1923622/000119312526111462/ck0001923622-20251231.htm,0001193125-26-111462,Official 10-K contains the adviser evidence token 'pgim private capital'.,89fdafdd15ba62d1cb25a0594abf8d692c87c185fed20b5bfc325fc359ce7e4f,high
1925531,CIK1925531,"NEW MOUNTAIN GUARDIAN IV BDC, L.L.C.",New Mountain Capital,"New Mountain Guardian IV BDC Adviser, L.L.C.",verified,https://www.sec.gov/Archives/edgar/data/1925531/000192553126000003/nmg4-20251231.htm,0001925531-26-000003,Official 10-K contains the adviser evidence token 'new mountain'.,ca0abad608127565964bca852bc789b3f0f01ff8905e968bbc962bdeaedb0115,high
1976719,CIK1976719,"NEW MOUNTAIN GUARDIAN IV INCOME FUND, L.L.C.",New Mountain Capital,"New Mountain Guardian IV Income Fund Adviser, L.L.C.",verified,https://www.sec.gov/Archives/edgar/data/1976719/000197671926000005/nmg4-20251231.htm,0001976719-26-000005,Official 10-K contains the adviser evidence token 'new mountain'.,9cbc3d2f05302c85e2074c322a12e2f2f2ef03553e5ad83b06c97675e4f26b73,high
