report_period_end,report_period_label,ticker,cik,form,accession,acceptance_timestamp_utc,event_type,verification_status,evidence_source,verification_evidence,days_after_period_end
2024-03-31,2024Q1,CSWC,17313,8-K,0000017313-24-000015,2024-05-14T20:06:40.000Z,8-K_ITEM_2.02_RESULTS,verified,https://www.sec.gov/Archives/edgar/data/17313/000001731324000015/q42024earningsrelease.htm,verified EX-99 results/NAV metrics; exact period-end date 2024-03-31 found in exhibit,44
2024-03-31,2024Q1,GAIN,1321741,8-K,0001321741-24-000010,2024-05-08T20:21:55.000Z,8-K_ITEM_2.02_RESULTS,verified,https://www.sec.gov/Archives/edgar/data/1321741/000132174124000010/gain3312024er8-kex991x5824.htm,verified EX-99 results/NAV metrics; exact period-end date 2024-03-31 found in exhibit,38
2024-03-31,2024Q1,BBDC,1379785,8-K,0001379785-24-000042,2024-05-07T20:15:30.000Z,8-K_ITEM_2.02_RESULTS,verified,https://www.sec.gov/Archives/edgar/data/1379785/000137978524000042/exhibit99120240507earnings.htm,verified EX-99 results/NAV metrics; exact period-end date 2024-03-31 found in exhibit,37
2024-03-31,2024Q1,CICB,1534254,8-K,0001104659-24-059142,2024-05-09T12:30:25.000Z,8-K_ITEM_2.02_RESULTS,verified,https://www.sec.gov/Archives/edgar/data/1534254/000110465924059142/tm2413780d1_ex99-1.htm,verified EX-99 results/NAV metrics; exact period-end date 2024-03-31 found in exhibit,39
2024-03-31,2024Q1,MSIF,1535778,,,,,excluded_not_verified_listed_equity,,Target equity listing was not verified.,
2024-03-31,2024Q1,OBDC,1655888,8-K,0001193125-24-134250,2024-05-08T20:26:03.000Z,8-K_ITEM_2.02_RESULTS,verified,https://www.sec.gov/Archives/edgar/data/1655888/000119312524134250/d834947dex991.htm,verified EX-99 results/NAV metrics; exact period-end date 2024-03-31 found in exhibit,38
2024-03-31,2024Q1,OTF,1747777,10-Q,0001747777-24-000009,2024-05-10T21:15:00.000Z,10-Q,verified,https://www.sec.gov/Archives/edgar/data/1747777/000174777724000009/ortfc-20240331.htm,10-Q reportDate exactly equals 2024-03-31,40
2024-06-30,2024Q2,GLAD,1143513,8-K,0001193125-24-195894,2024-08-07T20:15:56.000Z,8-K_ITEM_2.02_RESULTS,verified,https://www.sec.gov/Archives/edgar/data/1143513/000119312524195894/d875885dex991.htm,verified EX-99 results/NAV metrics; exact period-end date 2024-06-30 found in exhibit,38
2024-06-30,2024Q2,BBDC,1379785,8-K,0001379785-24-000054,2024-08-07T20:15:15.000Z,8-K_ITEM_2.02_RESULTS,verified,https://www.sec.gov/Archives/edgar/data/1379785/000137978524000054/exhibit99120240807earnings.htm,verified EX-99 results/NAV metrics; exact period-end date 2024-06-30 found in exhibit,38
2024-06-30,2024Q2,CICB,1534254,8-K,0001104659-24-087038,2024-08-08T12:30:21.000Z,8-K_ITEM_2.02_RESULTS,verified,https://www.sec.gov/Archives/edgar/data/1534254/000110465924087038/tm2421021d1_ex99-1.htm,verified EX-99 results/NAV metrics; exact period-end date 2024-06-30 found in exhibit,39
2024-06-30,2024Q2,MSIF,1535778,,,,,excluded_not_verified_listed_equity,,Target equity listing was not verified.,
2024-06-30,2024Q2,WHF,1552198,8-K,0001558370-24-011469,2024-08-08T11:33:30.000Z,8-K_ITEM_2.02_RESULTS,verified,https://www.sec.gov/Archives/edgar/data/1552198/000155837024011469/whf-20240808xex99d1.htm,verified EX-99 results/NAV metrics; exact period-end date 2024-06-30 found in exhibit,39
2024-06-30,2024Q2,OBDC,1655888,8-K,0001193125-24-195906,2024-08-07T20:16:31.000Z,8-K_EX-99_RESULTS,verified,https://www.sec.gov/Archives/edgar/data/1655888/000119312524195906/d857906dex991.htm,verified EX-99 results/NAV metrics; exact period-end date 2024-06-30 found in exhibit,38
2024-06-30,2024Q2,OTF,1747777,10-Q,0001747777-24-000013,2024-08-09T20:08:58.000Z,10-Q,verified,https://www.sec.gov/Archives/edgar/data/1747777/000174777724000013/ortfc-20240630.htm,10-Q reportDate exactly equals 2024-06-30,40
2024-09-30,2024Q3,GLAD,1143513,8-K,0001193125-24-257247,2024-11-13T21:25:32.000Z,8-K_ITEM_2.02_RESULTS,verified,https://www.sec.gov/Archives/edgar/data/1143513/000119312524257247/d833548dex991.htm,verified EX-99 results/NAV metrics; exact period-end date 2024-09-30 found in exhibit,44
2024-09-30,2024Q3,BBDC,1379785,8-K,0001379785-24-000064,2024-11-06T21:15:35.000Z,8-K_ITEM_2.02_RESULTS,verified,https://www.sec.gov/Archives/edgar/data/1379785/000137978524000064/exhibit99120241106earnings.htm,verified EX-99 results/NAV metrics; exact period-end date 2024-09-30 found in exhibit,37
2024-09-30,2024Q3,CICB,1534254,8-K,0001104659-24-115087,2024-11-07T13:30:37.000Z,8-K_ITEM_2.02_RESULTS,verified,https://www.sec.gov/Archives/edgar/data/1534254/000110465924115087/tm2427532d1_ex99-1.htm,verified EX-99 results/NAV metrics; exact period-end date 2024-09-30 found in exhibit,38
2024-09-30,2024Q3,MSIF,1535778,,,,,excluded_not_verified_listed_equity,,Target equity listing was not verified.,
2024-09-30,2024Q3,SCM,1551901,10-Q,0001558370-24-014910,2024-11-07T22:29:54.000Z,10-Q,verified,https://www.sec.gov/Archives/edgar/data/1551901/000155837024014910/scm-20240930x10q.htm,10-Q reportDate exactly equals 2024-09-30,38
2024-09-30,2024Q3,OBDC,1655888,8-K,0001193125-24-252064,2024-11-06T21:24:49.000Z,8-K_ITEM_2.02_RESULTS,verified,https://www.sec.gov/Archives/edgar/data/1655888/000119312524252064/d854376dex991.htm,verified EX-99 results/NAV metrics; exact period-end date 2024-09-30 found in exhibit,37
2024-09-30,2024Q3,OTF,1747777,8-K,0001193125-24-257192,2024-11-13T21:04:01.000Z,8-K_EX-99_RESULTS,verified,https://www.sec.gov/Archives/edgar/data/1747777/000119312524257192/d860936dex991.htm,verified EX-99 results/NAV metrics; exact period-end date 2024-09-30 found in exhibit,44
2024-09-30,2024Q3,MSDL,1782524,8-K,0001193125-24-253290,2024-11-07T22:09:01.000Z,8-K_ITEM_2.02_RESULTS,verified,https://www.sec.gov/Archives/edgar/data/1782524/000119312524253290/d862399dex991.htm,verified EX-99 results/NAV metrics; exact period-end date 2024-09-30 found in exhibit,38
2024-09-30,2024Q3,PGIM,1923622,,,,,excluded_not_verified_listed_equity,,Target equity listing was not verified.,
2024-12-31,2024Q4,GAIN,1321741,8-K,0001321741-25-000006,2025-02-12T21:18:54.000Z,8-K_ITEM_2.02_RESULTS,verified,https://www.sec.gov/Archives/edgar/data/1321741/000132174125000006/gain123124er8-kex991x21225.htm,verified EX-99 results/NAV metrics; exact period-end date 2024-12-31 found in exhibit,43
2024-12-31,2024Q4,OFS,1487918,8-K,0001487918-25-000007,2025-03-03T21:33:11.000Z,8-K_ITEM_2.02_RESULTS,verified,https://www.sec.gov/Archives/edgar/data/1487918/000148791825000007/ofsccq424resultspr3325.htm,verified EX-99 results/NAV metrics; exact period-end date 2024-12-31 found in exhibit,62
2024-12-31,2024Q4,CICB,1534254,8-K,0001104659-25-023248,2025-03-13T12:30:50.000Z,8-K_ITEM_2.02_RESULTS,verified,https://www.sec.gov/Archives/edgar/data/1534254/000110465925023248/tm258752d1_ex99-1.htm,verified EX-99 results/NAV metrics; exact period-end date 2024-12-31 found in exhibit,72
2024-12-31,2024Q4,MSIF,1535778,,,,,excluded_not_verified_listed_equity,,Target equity listing was not verified.,
2024-12-31,2024Q4,WHF,1552198,8-K,0001558370-25-002454,2025-03-07T12:30:23.000Z,8-K_ITEM_2.02_RESULTS,verified,https://www.sec.gov/Archives/edgar/data/1552198/000155837025002454/whf-20250307xex99d1.htm,verified EX-99 results/NAV metrics; exact period-end date 2024-12-31 found in exhibit,66
2024-12-31,2024Q4,OTF,1747777,8-K,0001628280-25-014413,2025-03-24T12:30:17.000Z,8-K_EX-99_NAV,verified,https://www.sec.gov/Archives/edgar/data/1747777/000162828025014413/exhibit991-otf8xk.htm,verified EX-99 results/NAV metrics; exact period-end date 2024-12-31 found in exhibit,83
2024-12-31,2024Q4,MSDL,1782524,8-K,0001104659-25-018239,2025-02-27T21:18:13.000Z,8-K_ITEM_2.02_RESULTS,verified,https://www.sec.gov/Archives/edgar/data/1782524/000110465925018239/tm257747d1_ex99-1.htm,verified EX-99 results/NAV metrics; exact period-end date 2024-12-31 found in exhibit,58
2024-12-31,2024Q4,LIEN,1843162,8-K,0000950103-25-004068,2025-03-31T11:00:57.000Z,8-K_ITEM_2.02_RESULTS,verified,https://www.sec.gov/Archives/edgar/data/1843162/000095010325004068/dp226957_ex9901.htm,verified EX-99 results/NAV metrics; exact period-end date 2024-12-31 found in exhibit,90
2024-12-31,2024Q4,PGIM,1923622,,,,,excluded_not_verified_listed_equity,,Target equity listing was not verified.,
2025-03-31,2025Q1,CSWC,17313,8-K,0000017313-25-000029,2025-04-14T20:50:08.000Z,8-K_ITEM_2.02_RESULTS,verified,https://www.sec.gov/Archives/edgar/data/17313/000001731325000029/cswc-pressreleasexq42025pr.htm,verified EX-99 results/NAV metrics; exact period-end date 2025-03-31 found in exhibit,14
2025-03-31,2025Q1,GAIN,1321741,8-K,0001321741-25-000012,2025-05-13T20:34:40.000Z,8-K_ITEM_2.02_RESULTS,verified,https://www.sec.gov/Archives/edgar/data/1321741/000132174125000012/gain3312025er8-kex991x51325.htm,verified EX-99 results/NAV metrics; exact period-end date 2025-03-31 found in exhibit,43
2025-03-31,2025Q1,TCPC,1370755,8-K,0000950170-25-066428,2025-05-08T12:10:08.000Z,8-K_ITEM_2.02_RESULTS,verified,https://www.sec.gov/Archives/edgar/data/1370755/000095017025066428/tcpc-ex99_1.htm,verified EX-99 results/NAV metrics; exact period-end date 2025-03-31 found in exhibit,38
2025-03-31,2025Q1,BBDC,1379785,8-K,0001379785-25-000026,2025-05-08T20:15:23.000Z,8-K_ITEM_2.02_RESULTS,verified,https://www.sec.gov/Archives/edgar/data/1379785/000137978525000026/exhibit99120250508earnings.htm,verified EX-99 results/NAV metrics; exact period-end date 2025-03-31 found in exhibit,38
2025-03-31,2025Q1,CICB,1534254,8-K,0001104659-25-045909,2025-05-08T12:30:36.000Z,8-K_ITEM_2.02_RESULTS,verified,https://www.sec.gov/Archives/edgar/data/1534254/000110465925045909/tm2514312d1_99-1.htm,verified EX-99 results/NAV metrics; exact period-end date 2025-03-31 found in exhibit,38
2025-03-31,2025Q1,MSIF,1535778,,,,,excluded_not_verified_listed_equity,,Target equity listing was not verified.,
2025-03-31,2025Q1,OTF,1747777,10-Q,0001747777-25-000015,2025-05-12T21:30:21.000Z,10-Q,verified,https://www.sec.gov/Archives/edgar/data/1747777/000174777725000015/ortf-20250331.htm,10-Q reportDate exactly equals 2025-03-31,42
2025-03-31,2025Q1,MSDL,1782524,8-K,0001193125-25-115968,2025-05-08T20:11:59.000Z,8-K_ITEM_2.02_RESULTS,verified,https://www.sec.gov/Archives/edgar/data/1782524/000119312525115968/d909256dex991.htm,verified EX-99 results/NAV metrics; exact period-end date 2025-03-31 found in exhibit,38
2025-06-30,2025Q2,GAIN,1321741,8-K,0001321741-25-000019,2025-08-12T20:34:25.000Z,8-K_ITEM_2.02_RESULTS,verified,https://www.sec.gov/Archives/edgar/data/1321741/000132174125000019/gain63025er8-kex991x81225.htm,verified EX-99 results/NAV metrics; exact period-end date 2025-06-30 found in exhibit,43
2025-06-30,2025Q2,BBDC,1379785,8-K,0001379785-25-000034,2025-08-07T20:18:01.000Z,8-K_ITEM_2.02_RESULTS,verified,https://www.sec.gov/Archives/edgar/data/1379785/000137978525000034/exhibit99120250807earnings.htm,verified EX-99 results/NAV metrics; exact period-end date 2025-06-30 found in exhibit,38
2025-06-30,2025Q2,CICB,1534254,8-K,0001104659-25-075008,2025-08-07T12:30:53.000Z,8-K_ITEM_2.02_RESULTS,verified,https://www.sec.gov/Archives/edgar/data/1534254/000110465925075008/tm2522663d1_ex99-1.htm,verified EX-99 results/NAV metrics; exact period-end date 2025-06-30 found in exhibit,38
2025-06-30,2025Q2,MSIF,1535778,,,,,excluded_not_verified_listed_equity,,Target equity listing was not verified.,
2025-06-30,2025Q2,WHF,1552198,8-K,0001558370-25-010645,2025-08-07T11:30:17.000Z,8-K_ITEM_2.02_RESULTS,verified,https://www.sec.gov/Archives/edgar/data/1552198/000155837025010645/whf-20250807xex99d1.htm,verified EX-99 results/NAV metrics; exact period-end date 2025-06-30 found in exhibit,38
2025-06-30,2025Q2,OBDC,1655888,8-K,0001193125-25-174536,2025-08-06T20:47:34.000Z,8-K_ITEM_2.02_RESULTS,verified,https://www.sec.gov/Archives/edgar/data/1655888/000119312525174536/d64457dex991.htm,verified EX-99 results/NAV metrics; exact period-end date 2025-06-30 found in exhibit,37
2025-06-30,2025Q2,OTF,1747777,8-K,0001193125-25-174527,2025-08-06T20:41:30.000Z,8-K_ITEM_2.02_RESULTS,verified,https://www.sec.gov/Archives/edgar/data/1747777/000119312525174527/d13717dex991.htm,verified EX-99 results/NAV metrics; exact period-end date 2025-06-30 found in exhibit,37
2026-03-31,2026Q1,CSWC,17313,8-K,0000017313-26-000023,2026-04-16T20:19:04.000Z,8-K_ITEM_2.02_RESULTS,verified,https://www.sec.gov/Archives/edgar/data/17313/000001731326000023/cswc-pressreleasexq42026pr.htm,verified EX-99 results/NAV metrics; exact period-end date 2026-03-31 found in exhibit,16
2026-03-31,2026Q1,GAIN,1321741,8-K,0001321741-26-000012,2026-05-12T20:25:49.000Z,8-K_ITEM_2.02_RESULTS,verified,https://www.sec.gov/Archives/edgar/data/1321741/000132174126000012/gain3312026er8-kex991x51226.htm,verified EX-99 results/NAV metrics; exact period-end date 2026-03-31 found in exhibit,42
2026-03-31,2026Q1,BBDC,1379785,8-K,0001379785-26-000021,2026-05-07T20:17:14.000Z,8-K_ITEM_2.02_RESULTS,verified,https://www.sec.gov/Archives/edgar/data/1379785/000137978526000021/exhibit99120260507earnings.htm,verified EX-99 results/NAV metrics; exact period-end date 2026-03-31 found in exhibit,37
2026-03-31,2026Q1,PFLA,1504619,8-K,0001171843-26-003158,2026-05-07T20:08:10.000Z,8-K_ITEM_2.02_RESULTS,verified,https://www.sec.gov/Archives/edgar/data/1504619/000117184326003158/exh_991.htm,verified EX-99 results/NAV metrics; exact period-end date 2026-03-31 found in exhibit,37
2026-03-31,2026Q1,MSIF,1535778,,,,,excluded_not_verified_listed_equity,,Target equity listing was not verified.,
2026-03-31,2026Q1,WHF,1552198,8-K,0001104659-26-056685,2026-05-07T11:31:14.000Z,8-K_ITEM_2.02_RESULTS,verified,https://www.sec.gov/Archives/edgar/data/1552198/000110465926056685/whf-20260507xex99d1.htm,verified EX-99 results/NAV metrics; exact period-end date 2026-03-31 found in exhibit,37
