event_id,security_code,issuer,fiscal_period,publication_timestamp_jst,title_jp,old_revenue,new_revenue,old_operating_profit,new_operating_profit,old_ordinary_profit,new_ordinary_profit,old_net_income,new_net_income,revenue_change_pct,operating_change_pct,ordinary_change_pct,net_change_pct,direction,recovery_status,source_type,evidence_url,failure_reason,period_length,consolidation_scope,fiscal_year_change,units,market_segment_at_event,jp_document_timestamp,english_document_status,english_timestamp,english_lag_minutes,prior_bilingual_behavior,foreign_ownership_pct,treatment_status,sample_seed,sample_locked,seed_fixture,seed_validation_status,yanoshin_id,yanoshin_document_url
JP_1887_20240115,1887,Japan National Land Development,,2024-01-15 17:00,業績予想の修正 (supplied fixed seed),149000,139000,6500,-5600,6500,-5700,4600,-3800,-0.06711409,-1.86153846,-1.87692308,-1.82608696,downward,recovered_provisional,IRBank,https://irbank.net/1887/140120240115515111,IRBank rejected automated validation with HTTP 403; supplied values retained as provisional fixtures,,,,,,,,,,,,incomplete,20260813,True,True,blocked_http_403_flagged_not_silently_corrected,,
JP_2173_20231212,2173,Hakuten,,2023-12-12 15:00,業績予想の修正 (supplied fixed seed),11000,12900,400,690,370,695,250,390,0.17272727,0.72500000,0.87837838,0.56000000,upward,recovered_provisional,IRBank,https://irbank.net/E05737/091220231211501221,IRBank rejected automated validation with HTTP 403; supplied values retained as provisional fixtures,,,,,,,,,,,,incomplete,20260813,True,True,blocked_http_403_flagged_not_silently_corrected,,
JP_2294_20231212,2294,Kakiyasu Honten,,2023-12-12 15:30,業績予想の修正 (supplied fixed seed),38700,37000,3050,2400,3050,2400,1900,1500,-0.04392765,-0.21311475,-0.21311475,-0.21052632,downward,recovered_provisional,IRBank,https://irbank.net/2294/140120231211501703,IRBank rejected automated validation with HTTP 403; supplied values retained as provisional fixtures,,,,,,,,,,,,incomplete,20260813,True,True,blocked_http_403_flagged_not_silently_corrected,,
JP_3657_20231212,3657,Pole To Win Holdings,,2023-12-12 15:30,業績予想の修正 (supplied fixed seed),47113,46217,1744,644,1776,788,440,-514,-0.01901811,-0.63073394,-0.55630631,-2.16818182,downward,recovered_provisional,IRBank,https://irbank.net/3657/ir,IRBank rejected automated validation with HTTP 403; supplied values retained as provisional fixtures,,,,,,,,,,,,incomplete,20260813,True,True,blocked_http_403_flagged_not_silently_corrected,,
JP_7347_20231212,7347,Mercuria Holdings,,2023-12-12 15:00,業績予想の修正 (supplied fixed seed),6700,5800,2450,1000,2450,1200,1700,800,-0.13432836,-0.59183673,-0.51020408,-0.52941176,downward,recovered_provisional,IRBank,https://irbank.net/7347/140120231211501232,IRBank rejected automated validation with HTTP 403; supplied values retained as provisional fixtures,,,,,,,,,,,,incomplete,20260813,True,True,blocked_http_403_flagged_not_silently_corrected,,
JP_7494_20231212,7494,Konaka,,2023-12-12 15:00,業績予想の修正 (supplied fixed seed),71194,70015,1414,683,1593,887,777,85,-0.01656038,-0.51697313,-0.44318895,-0.89060489,downward,recovered_provisional,IRBank,https://irbank.net/7494/140120231209500019,IRBank rejected automated validation with HTTP 403; supplied values retained as provisional fixtures,,,,,,,,,,,,incomplete,20260813,True,True,blocked_http_403_flagged_not_silently_corrected,,
JP_7561_20231212,7561,HURXLEY,,2023-12-12 15:00,業績予想の修正 (supplied fixed seed),44500,47335,1650,2259,1750,2561,1400,2038,0.06370787,0.36909091,0.46342857,0.45571429,upward,recovered_provisional,IRBank,https://irbank.net/7561,IRBank rejected automated validation with HTTP 403; supplied values retained as provisional fixtures,,,,,,,,,,,,incomplete,20260813,True,True,blocked_http_403_flagged_not_silently_corrected,,
JP_7829_20231212,7829,Samantha Thavasa Japan,,2023-12-12 15:00,業績予想の修正 (supplied fixed seed),26119,23640,430,-1050,241,-1225,326,-1140,-0.09491175,-3.44186047,-6.08298755,-4.49693252,downward,recovered_provisional,IRBank,https://irbank.net/7829,IRBank rejected automated validation with HTTP 403; supplied values retained as provisional fixtures,,,,,,,,,,,,incomplete,20260813,True,True,blocked_http_403_flagged_not_silently_corrected,,
JP_Y1023659,4250,Ｑ－フロンティア,,2024-07-12 15:30:00,2024年11月期第２四半期連結業績予想と実績値との差異および通期業績予想の修正に関するお知らせ,,,,,,,,,,,,,,failed,,,official=dead; J-Quants unavailable; IRBank 403; archival recovery deferred,,,,,,,,,,,,not_attempted_no_clean_numeric_recovery,20260813,True,False,not_applicable,1023659,https://webapi.yanoshin.jp/rd.php?https://www.release.tdnet.info/inbs/140120240711548061.pdf
JP_Y1024273,7172,ＪＩＡ,,2024-07-17 15:00:00,2024年12月期第２四半期（累計）連結業績予想の修正および通期連結業績予想の修正に関するお知らせ　,,,,,,,,,,,,,,failed,,,official=dead; J-Quants unavailable; IRBank 403; archival recovery deferred,,,,,,,,,,,,not_attempted_no_clean_numeric_recovery,20260813,True,False,not_applicable,1024273,https://webapi.yanoshin.jp/rd.php?https://www.release.tdnet.info/inbs/140120240716549358.pdf
JP_Y1024520,4849,エン・ジャパン,,2024-07-18 16:30:00,営業外費用・特別利益の計上ならびに業績予想の修正に関するお知らせ,,,,,,,,,,,,,,failed,,,official=dead; J-Quants unavailable; IRBank 403; archival recovery deferred,,,,,,,,,,,,not_attempted_no_clean_numeric_recovery,20260813,True,False,not_applicable,1024520,https://webapi.yanoshin.jp/rd.php?https://www.release.tdnet.info/inbs/140120240718551130.pdf
JP_Y1026373,6623,愛知電,,2024-07-30 15:20:00,2025年3月期第２四半期連結業績予想の修正に関するお知らせ,,,,,,,,,,,,,,failed,,,official=dead; J-Quants unavailable; IRBank 403; archival recovery deferred,,,,,,,,,,,,not_attempted_no_clean_numeric_recovery,20260813,True,False,not_applicable,1026373,https://webapi.yanoshin.jp/rd.php?https://www.release.tdnet.info/inbs/140120240730557298.pdf
JP_Y1026377,2208,ブルボン,,2024-07-30 15:15:00,2025年３月期第２四半期連結累計期間業績予想の修正に関するお知らせ,,,,,,,,,,,,,,failed,,,official=dead; J-Quants unavailable; IRBank 403; archival recovery deferred,,,,,,,,,,,,not_attempted_no_clean_numeric_recovery,20260813,True,False,not_applicable,1026377,https://webapi.yanoshin.jp/rd.php?https://www.release.tdnet.info/inbs/140120240729556849.pdf
JP_Y1026561,6902,デンソー,,2024-07-31 11:20:00,業績予想の修正に関するお知らせ,,,,,,,,,,,,,,failed,,,official=dead; J-Quants unavailable; IRBank 403; archival recovery deferred,,,,,,,,,,,,not_attempted_no_clean_numeric_recovery,20260813,True,False,not_applicable,1026561,https://webapi.yanoshin.jp/rd.php?https://www.release.tdnet.info/inbs/140120240729556234.pdf
JP_Y1026847,6857,アドバンテス,,2024-07-31 15:00:00,通期連結業績予想の修正に関するお知らせ,,,,,,,,,,,,,,failed,,,official=dead; J-Quants unavailable; IRBank 403; archival recovery deferred,,,,,,,,,,,,not_attempted_no_clean_numeric_recovery,20260813,True,False,not_applicable,1026847,https://webapi.yanoshin.jp/rd.php?https://www.release.tdnet.info/inbs/140120240725554911.pdf
JP_Y900061,4432,ウイングアーク,,2023-01-12 15:00:00,業績予想の修正に関するお知らせ,,,,,,,,,,,,,,failed,,,official=dead; J-Quants unavailable; IRBank 403; archival recovery deferred,,,,,,,,,,,,not_attempted_no_clean_numeric_recovery,20260813,True,False,not_applicable,900061,https://webapi.yanoshin.jp/rd.php?https://www.release.tdnet.info/inbs/140120230112587965.pdf
JP_Y900686,1822,大豊建,,2023-01-13 16:00:00,業績予想の修正に関するお知らせ,,,,,,,,,,,,,,failed,,,official=dead; J-Quants unavailable; IRBank 403; archival recovery deferred,,,,,,,,,,,,not_attempted_no_clean_numeric_recovery,20260813,True,False,not_applicable,900686,https://webapi.yanoshin.jp/rd.php?https://www.release.tdnet.info/inbs/140120230111587701.pdf
JP_Y900691,2798,Ｙ’ｓ,,2023-01-13 16:00:00,営業外収益、営業外費用及び特別損失の計上、固定資産の取得、並びに2023年２月期通期連結業績予想の修正に関するお知らせ,,,,,,,,,,,,,,failed,,,official=dead; J-Quants unavailable; IRBank 403; archival recovery deferred,,,,,,,,,,,,not_attempted_no_clean_numeric_recovery,20260813,True,False,not_applicable,900691,https://webapi.yanoshin.jp/rd.php?https://www.release.tdnet.info/inbs/140120230113589326.pdf
JP_Y900998,8143,ラピーヌ,,2023-01-16 16:50:00,2023年２月期通期業績予想の修正に関するお知らせ,,,,,,,,,,,,,,failed,,,official=dead; J-Quants unavailable; IRBank 403; archival recovery deferred,,,,,,,,,,,,not_attempted_no_clean_numeric_recovery,20260813,True,False,not_applicable,900998,https://webapi.yanoshin.jp/rd.php?https://www.release.tdnet.info/inbs/140120230112588385.pdf
JP_Y901009,7074,Ｇ－２４７,,2023-01-16 19:30:00,特別損失の計上及び業績予想の修正に関するお知らせ,,,,,,,,,,,,,,failed,,,official=dead; J-Quants unavailable; IRBank 403; archival recovery deferred,,,,,,,,,,,,not_attempted_no_clean_numeric_recovery,20260813,True,False,not_applicable,901009,https://webapi.yanoshin.jp/rd.php?https://www.release.tdnet.info/inbs/140120230116590046.pdf
JP_Y901913,6356,日ギア,,2023-01-25 17:10:00,業績予想の修正に関するお知らせ,,,,,,,,,,,,,,failed,,,official=dead; J-Quants unavailable; IRBank 403; archival recovery deferred,,,,,,,,,,,,not_attempted_no_clean_numeric_recovery,20260813,True,False,not_applicable,901913,https://webapi.yanoshin.jp/rd.php?https://www.release.tdnet.info/inbs/140120230123592243.pdf
JP_Y902243,6042,ニッキ,,2023-01-27 15:00:00,業績予想の修正に関するお知らせ,,,,,,,,,,,,,,failed,,,official=dead; J-Quants unavailable; IRBank 403; archival recovery deferred,,,,,,,,,,,,not_attempted_no_clean_numeric_recovery,20260813,True,False,not_applicable,902243,https://webapi.yanoshin.jp/rd.php?https://www.release.tdnet.info/inbs/140120230120591927.pdf
JP_Y902654,7995,バルカー,,2023-01-30 15:00:00,業績予想の修正に関するお知らせ,,,,,,,,,,,,,,failed,,,official=dead; J-Quants unavailable; IRBank 403; archival recovery deferred,,,,,,,,,,,,not_attempted_no_clean_numeric_recovery,20260813,True,False,not_applicable,902654,https://webapi.yanoshin.jp/rd.php?https://www.release.tdnet.info/inbs/140120230124592704.pdf
JP_Y903088,4531,有機薬,,2023-01-31 15:00:00,営業外費用の計上並びに2023年3月期通期業績予想の修正に関するお知らせ,,,,,,,,,,,,,,failed,,,official=dead; J-Quants unavailable; IRBank 403; archival recovery deferred,,,,,,,,,,,,not_attempted_no_clean_numeric_recovery,20260813,True,False,not_applicable,903088,https://webapi.yanoshin.jp/rd.php?https://www.release.tdnet.info/inbs/140120230130596539.pdf
JP_Y903094,4617,中国塗料,,2023-01-31 15:00:00,業績予想の修正に関するお知らせ,,,,,,,,,,,,,,failed,,,official=dead; J-Quants unavailable; IRBank 403; archival recovery deferred,,,,,,,,,,,,not_attempted_no_clean_numeric_recovery,20260813,True,False,not_applicable,903094,https://webapi.yanoshin.jp/rd.php?https://www.release.tdnet.info/inbs/140120230130596597.pdf
JP_Y903108,5332,ＴＯＴＯ,,2023-01-31 15:00:00,2023年３月期 通期連結業績予想の修正に関するお知らせ,,,,,,,,,,,,,,failed,,,official=dead; J-Quants unavailable; IRBank 403; archival recovery deferred,,,,,,,,,,,,not_attempted_no_clean_numeric_recovery,20260813,True,False,not_applicable,903108,https://webapi.yanoshin.jp/rd.php?https://www.release.tdnet.info/inbs/140120230131597237.pdf
JP_Y943118,4673,川崎地質,,2023-07-13 15:00:00,2023年11月期第２四半期累計期間の連結業績予想と実績値との差異及び通期連結業績予想の修正に関するお知らせ,,,,,,,,,,,,,,failed,,,official=dead; J-Quants unavailable; IRBank 403; archival recovery deferred,,,,,,,,,,,,not_attempted_no_clean_numeric_recovery,20260813,True,False,not_applicable,943118,https://webapi.yanoshin.jp/rd.php?https://www.release.tdnet.info/inbs/140120230711520391.pdf
JP_Y944027,9145,ビーイングＨＤ,,2023-07-18 15:00:00,（数値データ訂正） 「2023年12月期　第２四半期連結業績予想の修正に関するお知らせ」における 数値データ（XBRL）の一部訂正のお知らせ,,,,,,,,,,,,,,failed,,,official=dead; J-Quants unavailable; IRBank 403; archival recovery deferred,,,,,,,,,,,,not_attempted_no_clean_numeric_recovery,20260813,True,False,not_applicable,944027,https://webapi.yanoshin.jp/rd.php?https://www.release.tdnet.info/inbs/140120230718523409.pdf
JP_Y944991,6176,Ｇ－ブランジスタ,,2023-07-25 15:30:00,通期連結業績予想の修正に関するお知らせ,,,,,,,,,,,,,,failed,,,official=dead; J-Quants unavailable; IRBank 403; archival recovery deferred,,,,,,,,,,,,not_attempted_no_clean_numeric_recovery,20260813,True,False,not_applicable,944991,https://webapi.yanoshin.jp/rd.php?https://www.release.tdnet.info/inbs/140120230724526013.pdf
JP_Y945400,7625,Ｇダイニング,,2023-07-27 15:00:00,第2四半期連結業績着地見通し及び通期連結業績予想の修正に関するお知らせ,,,,,,,,,,,,,,failed,,,official=dead; J-Quants unavailable; IRBank 403; archival recovery deferred,,,,,,,,,,,,not_attempted_no_clean_numeric_recovery,20260813,True,False,not_applicable,945400,https://webapi.yanoshin.jp/rd.php?https://www.release.tdnet.info/inbs/140120230726527590.pdf
JP_Y945813,6524,湖北工業,,2023-07-28 15:00:00,第２四半期（累計）業績予想の修正に関するお知らせ,,,,,,,,,,,,,,failed,,,official=dead; J-Quants unavailable; IRBank 403; archival recovery deferred,,,,,,,,,,,,not_attempted_no_clean_numeric_recovery,20260813,True,False,not_applicable,945813,https://webapi.yanoshin.jp/rd.php?https://www.release.tdnet.info/inbs/140120230728529326.pdf
JP_Y945955,4186,東応化,,2023-07-28 15:30:00,業績予想の修正に関するお知らせ,,,,,,,,,,,,,,failed,,,official=dead; J-Quants unavailable; IRBank 403; archival recovery deferred,,,,,,,,,,,,not_attempted_no_clean_numeric_recovery,20260813,True,False,not_applicable,945955,https://webapi.yanoshin.jp/rd.php?https://www.release.tdnet.info/inbs/140120230728529266.pdf
JP_Y945969,5572,Ｇ－リッジアイ,,2023-07-28 15:30:00,通期業績予想の修正に関するお知らせ,,,,,,,,,,,,,,failed,,,official=dead; J-Quants unavailable; IRBank 403; archival recovery deferred,,,,,,,,,,,,not_attempted_no_clean_numeric_recovery,20260813,True,False,not_applicable,945969,https://webapi.yanoshin.jp/rd.php?https://www.release.tdnet.info/inbs/140120230720524731.pdf
JP_Y978846,6047,Ｇｕｎｏｓｙ,,2024-01-15 15:00:00,2024年5月期通期業績予想の修正に関するお知らせ,,,,,,,,,,,,,,failed,,,official=dead; J-Quants unavailable; IRBank 403; archival recovery deferred,,,,,,,,,,,,not_attempted_no_clean_numeric_recovery,20260813,True,False,not_applicable,978846,https://webapi.yanoshin.jp/rd.php?https://www.release.tdnet.info/inbs/140120240115515165.pdf
JP_Y979335,5135,Ｐ－ＡＩＲ－Ｕ,,2024-01-18 16:30:00,業績予想の修正に関するお知らせ,,,,,,,,,,,,,,failed,,,official=dead; J-Quants unavailable; IRBank 403; archival recovery deferred,,,,,,,,,,,,not_attempted_no_clean_numeric_recovery,20260813,True,False,not_applicable,979335,https://webapi.yanoshin.jp/rd.php?https://www.release.tdnet.info/inbs/140120240118516645.pdf
JP_Y979390,2411,ゲンダイＡＧ,,2024-01-19 15:00:00,業績予想の修正に関するお知らせ,,,,,,,,,,,,,,failed,,,official=dead; J-Quants unavailable; IRBank 403; archival recovery deferred,,,,,,,,,,,,not_attempted_no_clean_numeric_recovery,20260813,True,False,not_applicable,979390,https://webapi.yanoshin.jp/rd.php?https://www.release.tdnet.info/inbs/140120240116515626.pdf
JP_Y980360,6882,三社電機製作所,,2024-01-29 15:00:00,業績予想の修正に関するお知らせ,,,,,,,,,,,,,,failed,,,official=dead; J-Quants unavailable; IRBank 403; archival recovery deferred,,,,,,,,,,,,not_attempted_no_clean_numeric_recovery,20260813,True,False,not_applicable,980360,https://webapi.yanoshin.jp/rd.php?https://www.release.tdnet.info/inbs/140120240125519135.pdf
JP_Y981136,6135,牧野フライス,,2024-01-31 15:00:00,業績予想の修正に関するお知らせ,,,,,,,,,,,,,,failed,,,official=dead; J-Quants unavailable; IRBank 403; archival recovery deferred,,,,,,,,,,,,not_attempted_no_clean_numeric_recovery,20260813,True,False,not_applicable,981136,https://webapi.yanoshin.jp/rd.php?https://www.release.tdnet.info/inbs/140120240130521672.pdf
JP_Y981145,6262,ＰＥＧＡＳＵＳ,,2024-01-31 15:00:00,2024年３月期連結業績予想の修正に関するお知らせ,,,,,,,,,,,,,,failed,,,official=dead; J-Quants unavailable; IRBank 403; archival recovery deferred,,,,,,,,,,,,not_attempted_no_clean_numeric_recovery,20260813,True,False,not_applicable,981145,https://webapi.yanoshin.jp/rd.php?https://www.release.tdnet.info/inbs/140120240130522485.pdf
JP_Y981529,7358,ポピンズ,,2024-01-31 16:00:00,2023年12月期通期連結業績予想の修正に関するお知らせ,,,,,,,,,,,,,,failed,,,official=dead; J-Quants unavailable; IRBank 403; archival recovery deferred,,,,,,,,,,,,not_attempted_no_clean_numeric_recovery,20260813,True,False,not_applicable,981529,https://webapi.yanoshin.jp/rd.php?https://www.release.tdnet.info/inbs/140120240131523044.pdf
