review_observation_id,source_event_cluster_id,period_end,report_period_label,normalized_borrower,source_ticker,target_ticker,source_manager,target_manager,manager_relationship,source_current_raw_identifier,source_current_facility_type,source_current_lien,source_current_currency,source_current_reference_rate,source_current_spread,source_current_maturity,source_current_funded_status,source_current_acquisition_date,source_current_constituent_raw_identifiers_json,source_current_aggregation_lot_count,source_current_accepted_timestamp_utc,source_current_filing_evidence_url,source_current_raw_provenance_json,source_prior_raw_identifier,source_prior_facility_type,source_prior_lien,source_prior_currency,source_prior_reference_rate,source_prior_spread,source_prior_maturity,source_prior_funded_status,source_prior_acquisition_date,source_prior_constituent_raw_identifiers_json,source_prior_aggregation_lot_count,source_prior_accepted_timestamp_utc,source_prior_filing_evidence_url,source_prior_raw_provenance_json,target_prior_raw_identifier,target_prior_facility_type,target_prior_lien,target_prior_currency,target_prior_reference_rate,target_prior_spread,target_prior_maturity,target_prior_funded_status,target_prior_acquisition_date,target_prior_constituent_raw_identifiers_json,target_prior_aggregation_lot_count,target_prior_accepted_timestamp_utc,target_prior_filing_evidence_url,target_prior_raw_provenance_json,source_results_public_timestamp_utc,source_mark_public_timestamp_utc,source_information_timestamp_utc,source_mark_public_evidence,source_results_evidence_url,source_results_verification_evidence,source_prior_public_timestamp_utc,source_prior_reporting_evidence_url,target_prior_public_timestamp_utc,target_prior_reporting_evidence_url,target_cutoff_timestamp_utc,target_cutoff_evidence_url,target_cutoff_verification_evidence,source_temporal_same_facility,source_to_target_prior_same_facility,source_aggregation_valid,target_prior_aggregation_valid,include_for_confirmatory_test,review_notes
D4R_01b641c9bfd7e18df2abdc79,D4C_726f7af6b188074e15c9dcf4,2025-06-30,2025Q2,physician partners,NMFC,OBDC,New Mountain Capital,Blue Owl Credit,cross_manager,"Physician Partners, LLC 1, First Lien - Funded | Physician Partners, LLC 1, First lien - Funded",other_debt,first_lien,UNKNOWN,UNKNOWN,0.06,,funded,,"[""Physician Partners, LLC 1, First Lien - Funded"",""Physician Partners, LLC 1, First lien - Funded""]",2,2025-08-04T16:49:00Z,https://www.sec.gov/Archives/edgar/data/1496099/000149609925000027/,"[""2025q3:25059"",""2025q3:25258""]","Physician Partners, LLC 1, First lien - Funded",other_debt,first_lien,UNKNOWN,UNKNOWN,0.06,,funded,,"[""Physician Partners, LLC 1, First lien - Funded""]",1,2025-05-05T16:21:00Z,https://www.sec.gov/Archives/edgar/data/1496099/000149609925000018/,"[""2025q2:22367"",""2025q2:22565""]","Physician Partners, LLC, First lien senior secured loan 1",other_debt,first_lien,UNKNOWN,UNKNOWN,0.06,,funded,,"[""Physician Partners, LLC, First lien senior secured loan 1""]",1,2025-05-07T16:16:00Z,https://www.sec.gov/Archives/edgar/data/1655888/000165588825000012/,"[""2025q2:100119""]",2025-08-04T20:39:28Z,2025-08-04T16:49:00Z,2025-08-04T20:39:28Z,SOI acceptance; no earlier exact facility mark verified in EX-99,https://www.sec.gov/Archives/edgar/data/1496099/000149609925000025/nmfcearningspressreleaseq2.htm,selection and timestamp preserved from verified Day 1/Day 2 reporting_order.csv,2025-05-05T20:16:38Z,https://www.sec.gov/Archives/edgar/data/1496099/000149609925000017/nmfcearningspressreleaseq1.htm,2025-05-07T20:15:44Z,https://www.sec.gov/Archives/edgar/data/1655888/000165588825000012/obdc-20250331.htm,2025-08-06T20:05:51Z,https://www.sec.gov/Archives/edgar/data/1655888/000165588825000020/obdc-20250630.htm,selection and timestamp preserved from verified Day 1/Day 2 reporting_order.csv,,,,,,
D4R_028c15dec94cf5c22ab6c5d8,D4C_fc49f8fdbe4691bf868cd29f,2024-09-30,2024Q3,asurion,NMFC,OBDC,New Mountain Capital,Blue Owl Credit,cross_manager,"Asurion, LLC, First lien - Funded",other_debt,first_lien,UNKNOWN,UNKNOWN,0.0425,,funded,,"[""Asurion, LLC, First lien - Funded""]",1,2024-10-30T16:35:00Z,https://www.sec.gov/Archives/edgar/data/1496099/000149609924000040/,"[""2024q4:21419"",""2024q4:21621""]","Asurion, LLC, First lien - Funded",other_debt,first_lien,UNKNOWN,UNKNOWN,0.0425,,funded,,"[""Asurion, LLC, First lien - Funded""]",1,2024-07-31T17:12:00Z,https://www.sec.gov/Archives/edgar/data/1496099/000149609924000034/,"[""2024q3:20707"",""2024q3:20912""]","Asurion, LLC, First lien senior secured loan",other_debt,first_lien,UNKNOWN,UNKNOWN,0.0425,,funded,,"[""Asurion, LLC, First lien senior secured loan""]",1,2024-08-07T16:28:00Z,https://www.sec.gov/Archives/edgar/data/1655888/000165588824000019/,"[""2024q3:20246""]",2024-10-30T20:14:36Z,2024-10-30T16:35:00Z,2024-10-30T20:14:36Z,SOI acceptance; no earlier exact facility mark verified in EX-99,https://www.sec.gov/Archives/edgar/data/1496099/000149609924000038/nmfcearningspressreleaseq3.htm,verified EX-99 results/NAV metrics; exact period-end date 2024-09-30 found in exhibit,2024-07-31T21:02:57Z,https://www.sec.gov/Archives/edgar/data/1496099/000149609924000032/nmfcearningspressreleaseq2.htm,2024-08-07T20:16:31Z,https://www.sec.gov/Archives/edgar/data/1655888/000119312524195906/d857906dex991.htm,2024-11-06T21:06:55Z,https://www.sec.gov/Archives/edgar/data/1655888/000165588824000023/obdc-20240930.htm,10-Q reportDate exactly equals 2024-09-30,,,,,,
D4R_046729c04cd85bad77f0e986,D4C_8c98b5883e8bbdde26bf5240,2024-03-31,2024Q1,realpage,ARCC,OBDC,Ares Management,Blue Owl Credit,cross_manager,"RealPage, Inc., Second lien senior secured loan",other_debt,second_lien,UNKNOWN,UNKNOWN,0.065,,funded,,"[""RealPage, Inc., Second lien senior secured loan""]",1,2024-04-30T21:41:00Z,https://www.sec.gov/Archives/edgar/data/1287750/000128775024000028/,"[""2024q2:80723""]","RealPage, Inc., Second lien senior secured loan",other_debt,second_lien,UNKNOWN,UNKNOWN,0.065,,funded,,"[""RealPage, Inc., Second lien senior secured loan""]",1,2024-02-07T06:13:00Z,https://www.sec.gov/Archives/edgar/data/1287750/000128775024000011/,"[""2024q1:69168""]","REALPAGE, INC., Second lien senior secured loan",other_debt,second_lien,UNKNOWN,UNKNOWN,0.065,,funded,,"[""REALPAGE, INC., Second lien senior secured loan""]",1,2024-02-21T16:56:00Z,https://www.sec.gov/Archives/edgar/data/1655888/000165588824000008/,"[""2024q1:69179""]",2024-04-30T21:30:34Z,2024-04-30T21:41:00Z,2024-04-30T21:41:00Z,SOI acceptance; no earlier exact facility mark verified in EX-99,https://www.sec.gov/Archives/edgar/data/1287750/000128775024000026/arccq1-24exhibit991.htm,verified EX-99 results/NAV metrics; exact period-end date 2024-03-31 found in exhibit,2024-02-07T06:13:00Z,https://www.sec.gov/Archives/edgar/data/1287750/000128775024000009/arccq4-23exhibit991.htm,2024-02-21T21:56:10Z,https://www.sec.gov/Archives/edgar/data/1655888/000165588824000008/obdc-20231231.htm,2024-05-08T20:11:16Z,https://www.sec.gov/Archives/edgar/data/1655888/000165588824000014/obdc-20240331.htm,10-Q reportDate exactly equals 2024-03-31,,,,,,
D4R_050d9952c90eef752ebed47c,D4C_510f33a4eae2b40af398912b,2024-06-30,2024Q2,pluralsight,ARCC,OBDC,Ares Management,Blue Owl Credit,cross_manager,"Pluralsight, Inc., First lien senior secured revolving loan",revolver,first_lien,UNKNOWN,UNKNOWN,,,funded,,"[""Pluralsight, Inc., First lien senior secured revolving loan""]",1,2024-07-29T21:10:00Z,https://www.sec.gov/Archives/edgar/data/1287750/000128775024000039/,"[""2024q3:79013""]","Pluralsight, Inc., First lien senior secured revolving loan",revolver,first_lien,UNKNOWN,UNKNOWN,0.08,,funded,,"[""Pluralsight, Inc., First lien senior secured revolving loan""]",1,2024-04-30T21:41:00Z,https://www.sec.gov/Archives/edgar/data/1287750/000128775024000028/,"[""2024q2:76911""]","Pluralsight, LLC, First lien senior secured revolving loan",revolver,first_lien,UNKNOWN,UNKNOWN,0.08,,funded,,"[""Pluralsight, LLC, First lien senior secured revolving loan""]",1,2024-05-08T16:11:00Z,https://www.sec.gov/Archives/edgar/data/1655888/000165588824000014/,"[""2024q2:76931""]",2024-07-29T20:56:19Z,2024-07-29T21:10:00Z,2024-07-29T21:10:00Z,SOI acceptance; no earlier exact facility mark verified in EX-99,https://www.sec.gov/Archives/edgar/data/1287750/000128775024000037/arccq2-24exhibit991.htm,verified EX-99 results/NAV metrics; exact period-end date 2024-06-30 found in exhibit,2024-04-30T21:41:00Z,https://www.sec.gov/Archives/edgar/data/1287750/000128775024000026/arccq1-24exhibit991.htm,2024-05-08T20:11:16Z,https://www.sec.gov/Archives/edgar/data/1655888/000165588824000014/obdc-20240331.htm,2024-08-07T20:16:31Z,https://www.sec.gov/Archives/edgar/data/1655888/000119312524195906/d857906dex991.htm,verified EX-99 results/NAV metrics; exact period-end date 2024-06-30 found in exhibit,,,,,,
D4R_0b4a0e10f02e2742cd04854e,D4C_92d72f298af2d6b7ed4efb32,2025-03-31,2025Q1,forescout technologies,ARCC,OBDC,Ares Management,Blue Owl Credit,cross_manager,"Forescout Technologies, Inc., First lien senior secured loan",other_debt,first_lien,UNKNOWN,UNKNOWN,0.05,,funded,,"[""Forescout Technologies, Inc., First lien senior secured loan""]",1,2025-04-28T21:50:00Z,https://www.sec.gov/Archives/edgar/data/1287750/000128775025000020/,"[""2025q2:54703""]","Forescout Technologies, Inc., First lien senior secured loan",other_debt,first_lien,UNKNOWN,UNKNOWN,0.05,,funded,,"[""Forescout Technologies, Inc., First lien senior secured loan""]",1,2025-02-04T21:36:00Z,https://www.sec.gov/Archives/edgar/data/1287750/000128775025000007/,"[""2025q1:48370""]","Forescout Technologies, Inc., First lien senior secured loan",other_debt,first_lien,UNKNOWN,UNKNOWN,0.05,,funded,,"[""Forescout Technologies, Inc., First lien senior secured loan""]",1,2025-02-19T16:33:00Z,https://www.sec.gov/Archives/edgar/data/1655888/000165588825000007/,"[""2025q1:48374""]",2025-04-28T21:50:25Z,2025-04-28T21:50:00Z,2025-04-28T21:50:25Z,SOI acceptance; no earlier exact facility mark verified in EX-99,https://www.sec.gov/Archives/edgar/data/1287750/000128775025000020/arcc-20250331.htm,selection and timestamp preserved from verified Day 1/Day 2 reporting_order.csv,2025-02-04T21:36:00Z,https://www.sec.gov/Archives/edgar/data/1287750/000128775025000004/arccq4-2024exhibit991.htm,2025-02-19T16:33:00Z,https://www.sec.gov/Archives/edgar/data/1655888/000119312525007423/d917816dex991.htm,2025-05-07T20:15:44Z,https://www.sec.gov/Archives/edgar/data/1655888/000165588825000012/obdc-20250331.htm,selection and timestamp preserved from verified Day 1/Day 2 reporting_order.csv,,,,,,
D4R_21c096069e35b49db469c480,D4C_eb6f8f4c18848dc686d23284,2024-06-30,2024Q2,confluent health,NMFC,OBDC,New Mountain Capital,Blue Owl Credit,cross_manager,"Confluent Health, LLC, First lien - Funded",other_debt,first_lien,UNKNOWN,UNKNOWN,0.04,,funded,,"[""Confluent Health, LLC, First lien - Funded""]",1,2024-07-31T17:12:00Z,https://www.sec.gov/Archives/edgar/data/1496099/000149609924000034/,"[""2024q3:20739"",""2024q3:20946""]","Confluent Health, LLC, First lien - Funded",other_debt,first_lien,UNKNOWN,UNKNOWN,0.04,,funded,,"[""Confluent Health, LLC, First lien - Funded""]",1,2024-05-01T17:09:00Z,https://www.sec.gov/Archives/edgar/data/1496099/000149609924000023/,"[""2024q2:19702"",""2024q2:19904""]","Confluent Health, LLC, First lien senior secured loan",other_debt,first_lien,UNKNOWN,UNKNOWN,0.04,,funded,,"[""Confluent Health, LLC, First lien senior secured loan""]",1,2024-05-08T16:11:00Z,https://www.sec.gov/Archives/edgar/data/1655888/000165588824000014/,"[""2024q2:19241""]",2024-07-31T21:02:57Z,2024-07-31T17:12:00Z,2024-07-31T21:02:57Z,SOI acceptance; no earlier exact facility mark verified in EX-99,https://www.sec.gov/Archives/edgar/data/1496099/000149609924000032/nmfcearningspressreleaseq2.htm,verified EX-99 results/NAV metrics; exact period-end date 2024-06-30 found in exhibit,2024-05-01T21:02:05Z,https://www.sec.gov/Archives/edgar/data/1496099/000149609924000021/nmfcearningspressreleaseq1.htm,2024-05-08T20:11:16Z,https://www.sec.gov/Archives/edgar/data/1655888/000165588824000014/obdc-20240331.htm,2024-08-07T20:16:31Z,https://www.sec.gov/Archives/edgar/data/1655888/000119312524195906/d857906dex991.htm,verified EX-99 results/NAV metrics; exact period-end date 2024-06-30 found in exhibit,,,,,,
D4R_26c3db52d7ddff45d7602bfa,D4C_5ab47a588b6b9c56bee69906,2024-03-31,2024Q1,physician partners,NMFC,OBDC,New Mountain Capital,Blue Owl Credit,cross_manager,"Physician Partners, LLC, First lien - Funded",other_debt,first_lien,UNKNOWN,UNKNOWN,0.04,,funded,,"[""Physician Partners, LLC, First lien - Funded""]",1,2024-05-01T17:09:00Z,https://www.sec.gov/Archives/edgar/data/1496099/000149609924000023/,"[""2024q2:19799"",""2024q2:19987""]","Physician Partners, LLC, First lien - Funded",other_debt,first_lien,UNKNOWN,UNKNOWN,0.04,,funded,,"[""Physician Partners, LLC, First lien - Funded""]",1,2024-02-26T16:48:00Z,https://www.sec.gov/Archives/edgar/data/1496099/000149609924000012/,"[""2024q1:18118"",""2024q1:18304""]","Physician Partners, LLC, First lien senior secured loan",other_debt,first_lien,UNKNOWN,UNKNOWN,0.04,,funded,,"[""Physician Partners, LLC, First lien senior secured loan""]",1,2024-02-21T16:56:00Z,https://www.sec.gov/Archives/edgar/data/1655888/000165588824000008/,"[""2024q1:17571""]",2024-05-01T21:02:05Z,2024-05-01T17:09:00Z,2024-05-01T21:02:05Z,SOI acceptance; no earlier exact facility mark verified in EX-99,https://www.sec.gov/Archives/edgar/data/1496099/000149609924000021/nmfcearningspressreleaseq1.htm,verified EX-99 results/NAV metrics; exact period-end date 2024-03-31 found in exhibit,2024-02-26T16:48:00Z,https://www.sec.gov/Archives/edgar/data/1496099/000110465924004666/tm243476d1_ex99-1.htm,2024-02-21T21:56:10Z,https://www.sec.gov/Archives/edgar/data/1655888/000165588824000008/obdc-20231231.htm,2024-05-08T20:11:16Z,https://www.sec.gov/Archives/edgar/data/1655888/000165588824000014/obdc-20240331.htm,10-Q reportDate exactly equals 2024-03-31,,,,,,
D4R_2c41a2784f9e7481c762adab,D4C_838b5fc640471bf1cf299f0d,2024-06-30,2024Q2,dealer tire financial,NMFC,OBDC,New Mountain Capital,Blue Owl Credit,cross_manager,"Dealer Tire Financial, LLC, First lien - Funded",other_debt,first_lien,UNKNOWN,UNKNOWN,0.0375,,funded,,"[""Dealer Tire Financial, LLC, First lien - Funded""]",1,2024-07-31T17:12:00Z,https://www.sec.gov/Archives/edgar/data/1496099/000149609924000034/,"[""2024q3:20956""]","Dealer Tire Financial, LLC, First lien - Funded",other_debt,first_lien,UNKNOWN,UNKNOWN,0.0375,,funded,,"[""Dealer Tire Financial, LLC, First lien - Funded""]",1,2024-05-01T17:09:00Z,https://www.sec.gov/Archives/edgar/data/1496099/000149609924000023/,"[""2024q2:19716"",""2024q2:19914""]","Dealer Tire Financial, LLC, First lien senior secured loan",other_debt,first_lien,UNKNOWN,UNKNOWN,0.0375,,funded,,"[""Dealer Tire Financial, LLC, First lien senior secured loan""]",1,2024-05-08T16:11:00Z,https://www.sec.gov/Archives/edgar/data/1655888/000165588824000014/,"[""2024q2:19257""]",2024-07-31T21:02:57Z,2024-07-31T17:12:00Z,2024-07-31T21:02:57Z,SOI acceptance; no earlier exact facility mark verified in EX-99,https://www.sec.gov/Archives/edgar/data/1496099/000149609924000032/nmfcearningspressreleaseq2.htm,verified EX-99 results/NAV metrics; exact period-end date 2024-06-30 found in exhibit,2024-05-01T21:02:05Z,https://www.sec.gov/Archives/edgar/data/1496099/000149609924000021/nmfcearningspressreleaseq1.htm,2024-05-08T20:11:16Z,https://www.sec.gov/Archives/edgar/data/1655888/000165588824000014/obdc-20240331.htm,2024-08-07T20:16:31Z,https://www.sec.gov/Archives/edgar/data/1655888/000119312524195906/d857906dex991.htm,verified EX-99 results/NAV metrics; exact period-end date 2024-06-30 found in exhibit,,,,,,
D4R_3070014a3ffa405cf7447809,D4C_6d35b374372a09cc8ed21d3b,2024-09-30,2024Q3,confluent health,NMFC,OBDC,New Mountain Capital,Blue Owl Credit,cross_manager,"Confluent Health, LLC, First lien - Funded",other_debt,first_lien,UNKNOWN,UNKNOWN,0.04,,funded,,"[""Confluent Health, LLC, First lien - Funded""]",1,2024-10-30T16:35:00Z,https://www.sec.gov/Archives/edgar/data/1496099/000149609924000040/,"[""2024q4:21451"",""2024q4:21654""]","Confluent Health, LLC, First lien - Funded",other_debt,first_lien,UNKNOWN,UNKNOWN,0.04,,funded,,"[""Confluent Health, LLC, First lien - Funded""]",1,2024-07-31T17:12:00Z,https://www.sec.gov/Archives/edgar/data/1496099/000149609924000034/,"[""2024q3:20739"",""2024q3:20946""]","Confluent Health, LLC, First lien senior secured loan",other_debt,first_lien,UNKNOWN,UNKNOWN,0.04,,funded,,"[""Confluent Health, LLC, First lien senior secured loan""]",1,2024-08-07T16:28:00Z,https://www.sec.gov/Archives/edgar/data/1655888/000165588824000019/,"[""2024q3:20274""]",2024-10-30T20:14:36Z,2024-10-30T16:35:00Z,2024-10-30T20:14:36Z,SOI acceptance; no earlier exact facility mark verified in EX-99,https://www.sec.gov/Archives/edgar/data/1496099/000149609924000038/nmfcearningspressreleaseq3.htm,verified EX-99 results/NAV metrics; exact period-end date 2024-09-30 found in exhibit,2024-07-31T21:02:57Z,https://www.sec.gov/Archives/edgar/data/1496099/000149609924000032/nmfcearningspressreleaseq2.htm,2024-08-07T20:16:31Z,https://www.sec.gov/Archives/edgar/data/1655888/000119312524195906/d857906dex991.htm,2024-11-06T21:06:55Z,https://www.sec.gov/Archives/edgar/data/1655888/000165588824000023/obdc-20240930.htm,10-Q reportDate exactly equals 2024-09-30,,,,,,
D4R_30ed528dd88c7b13eb5023e1,D4C_c0f70d021fecb6ca1d12e263,2024-09-30,2024Q3,realpage,ARCC,OBDC,Ares Management,Blue Owl Credit,cross_manager,"RealPage, Inc., Second lien senior secured loan",other_debt,second_lien,UNKNOWN,UNKNOWN,0.065,,funded,,"[""RealPage, Inc., Second lien senior secured loan""]",1,2024-10-29T20:56:00Z,https://www.sec.gov/Archives/edgar/data/1287750/000128775024000054/,"[""2024q4:87878""]","RealPage, Inc., Second lien senior secured loan",other_debt,second_lien,UNKNOWN,UNKNOWN,0.065,,funded,,"[""RealPage, Inc., Second lien senior secured loan""]",1,2024-07-29T21:10:00Z,https://www.sec.gov/Archives/edgar/data/1287750/000128775024000039/,"[""2024q3:82785""]","REALPAGE, INC., Second lien senior secured loan",other_debt,second_lien,UNKNOWN,UNKNOWN,0.065,,funded,,"[""REALPAGE, INC., Second lien senior secured loan""]",1,2024-08-07T16:28:00Z,https://www.sec.gov/Archives/edgar/data/1655888/000165588824000019/,"[""2024q3:82796""]",2024-10-29T20:49:55Z,2024-10-29T20:56:00Z,2024-10-29T20:56:00Z,SOI acceptance; no earlier exact facility mark verified in EX-99,https://www.sec.gov/Archives/edgar/data/1287750/000128775024000053/arccq3-2024exhibit991.htm,verified EX-99 results/NAV metrics; exact period-end date 2024-09-30 found in exhibit,2024-07-29T21:10:00Z,https://www.sec.gov/Archives/edgar/data/1287750/000128775024000037/arccq2-24exhibit991.htm,2024-08-07T20:16:31Z,https://www.sec.gov/Archives/edgar/data/1655888/000119312524195906/d857906dex991.htm,2024-11-06T21:06:55Z,https://www.sec.gov/Archives/edgar/data/1655888/000165588824000023/obdc-20240930.htm,10-Q reportDate exactly equals 2024-09-30,,,,,,
D4R_412a13d3322f85b3e81def5d,D4C_088389f54e4f357eb5bc8eca,2024-06-30,2024Q2,dealer tire financial,NMFC,OBDC,New Mountain Capital,Blue Owl Credit,cross_manager,"Dealer Tire Financial, LLC 1, First lien - Funded",other_debt,first_lien,UNKNOWN,UNKNOWN,0.0375,,funded,,"[""Dealer Tire Financial, LLC 1, First lien - Funded""]",1,2024-07-31T17:12:00Z,https://www.sec.gov/Archives/edgar/data/1496099/000149609924000034/,"[""2024q3:20752""]","Dealer Tire Financial, LLC, First lien - Funded",other_debt,first_lien,UNKNOWN,UNKNOWN,0.0375,,funded,,"[""Dealer Tire Financial, LLC, First lien - Funded""]",1,2024-05-01T17:09:00Z,https://www.sec.gov/Archives/edgar/data/1496099/000149609924000023/,"[""2024q2:19716"",""2024q2:19914""]","Dealer Tire Financial, LLC, First lien senior secured loan",other_debt,first_lien,UNKNOWN,UNKNOWN,0.0375,,funded,,"[""Dealer Tire Financial, LLC, First lien senior secured loan""]",1,2024-05-08T16:11:00Z,https://www.sec.gov/Archives/edgar/data/1655888/000165588824000014/,"[""2024q2:19257""]",2024-07-31T21:02:57Z,2024-07-31T17:12:00Z,2024-07-31T21:02:57Z,SOI acceptance; no earlier exact facility mark verified in EX-99,https://www.sec.gov/Archives/edgar/data/1496099/000149609924000032/nmfcearningspressreleaseq2.htm,verified EX-99 results/NAV metrics; exact period-end date 2024-06-30 found in exhibit,2024-05-01T21:02:05Z,https://www.sec.gov/Archives/edgar/data/1496099/000149609924000021/nmfcearningspressreleaseq1.htm,2024-05-08T20:11:16Z,https://www.sec.gov/Archives/edgar/data/1655888/000165588824000014/obdc-20240331.htm,2024-08-07T20:16:31Z,https://www.sec.gov/Archives/edgar/data/1655888/000119312524195906/d857906dex991.htm,verified EX-99 results/NAV metrics; exact period-end date 2024-06-30 found in exhibit,,,,,,
D4R_44182bb1be3a426d5b0ad4b6,D4C_05f7b9915aace57c227c2759,2024-09-30,2024Q3,bw,NMFC,OBDC,New Mountain Capital,Blue Owl Credit,cross_manager,"BW Holding, Inc., First lien - Funded",other_debt,first_lien,UNKNOWN,UNKNOWN,0.04,,funded,,"[""BW Holding, Inc., First lien - Funded""]",1,2024-10-30T16:35:00Z,https://www.sec.gov/Archives/edgar/data/1496099/000149609924000040/,"[""2024q4:21435"",""2024q4:21641""]","BW Holding, Inc., First lien - Funded",other_debt,first_lien,UNKNOWN,UNKNOWN,0.04,,funded,,"[""BW Holding, Inc., First lien - Funded""]",1,2024-07-31T17:12:00Z,https://www.sec.gov/Archives/edgar/data/1496099/000149609924000034/,"[""2024q3:20723"",""2024q3:20933""]","BW Holding, Inc., First lien senior secured loan",other_debt,first_lien,UNKNOWN,UNKNOWN,0.04,,funded,,"[""BW Holding, Inc., First lien senior secured loan""]",1,2024-08-07T16:28:00Z,https://www.sec.gov/Archives/edgar/data/1655888/000165588824000019/,"[""2024q3:20262""]",2024-10-30T20:14:36Z,2024-10-30T16:35:00Z,2024-10-30T20:14:36Z,SOI acceptance; no earlier exact facility mark verified in EX-99,https://www.sec.gov/Archives/edgar/data/1496099/000149609924000038/nmfcearningspressreleaseq3.htm,verified EX-99 results/NAV metrics; exact period-end date 2024-09-30 found in exhibit,2024-07-31T21:02:57Z,https://www.sec.gov/Archives/edgar/data/1496099/000149609924000032/nmfcearningspressreleaseq2.htm,2024-08-07T20:16:31Z,https://www.sec.gov/Archives/edgar/data/1655888/000119312524195906/d857906dex991.htm,2024-11-06T21:06:55Z,https://www.sec.gov/Archives/edgar/data/1655888/000165588824000023/obdc-20240930.htm,10-Q reportDate exactly equals 2024-09-30,,,,,,
D4R_471ad39ad464824a5083dcec,D4C_73c5d7239c7547b083e185eb,2024-03-31,2024Q1,imprivata,ARCC,OBDC,Ares Management,Blue Owl Credit,cross_manager,"Imprivata, Inc., Second lien senior secured loan",other_debt,second_lien,UNKNOWN,UNKNOWN,0.0625,,funded,,"[""Imprivata, Inc., Second lien senior secured loan""]",1,2024-04-30T21:41:00Z,https://www.sec.gov/Archives/edgar/data/1287750/000128775024000028/,"[""2024q2:52246""]","Imprivata, Inc., Second lien senior secured loan",other_debt,second_lien,UNKNOWN,UNKNOWN,0.0625,,funded,,"[""Imprivata, Inc., Second lien senior secured loan""]",1,2024-02-07T06:13:00Z,https://www.sec.gov/Archives/edgar/data/1287750/000128775024000011/,"[""2024q1:45849""]","Imprivata, Inc., Second lien senior secured loan",other_debt,second_lien,UNKNOWN,UNKNOWN,0.0625,,funded,,"[""Imprivata, Inc., Second lien senior secured loan""]",1,2024-02-21T16:56:00Z,https://www.sec.gov/Archives/edgar/data/1655888/000165588824000008/,"[""2024q1:45853""]",2024-04-30T21:30:34Z,2024-04-30T21:41:00Z,2024-04-30T21:41:00Z,SOI acceptance; no earlier exact facility mark verified in EX-99,https://www.sec.gov/Archives/edgar/data/1287750/000128775024000026/arccq1-24exhibit991.htm,verified EX-99 results/NAV metrics; exact period-end date 2024-03-31 found in exhibit,2024-02-07T06:13:00Z,https://www.sec.gov/Archives/edgar/data/1287750/000128775024000009/arccq4-23exhibit991.htm,2024-02-21T21:56:10Z,https://www.sec.gov/Archives/edgar/data/1655888/000165588824000008/obdc-20231231.htm,2024-05-08T20:11:16Z,https://www.sec.gov/Archives/edgar/data/1655888/000165588824000014/obdc-20240331.htm,10-Q reportDate exactly equals 2024-03-31,,,,,,
D4R_5cf37f37d8cc75658fecf0cd,D4C_2f148f8a7178279f44b55e68,2024-09-30,2024Q3,realpage,NMFC,OBDC,New Mountain Capital,Blue Owl Credit,cross_manager,"RealPage, Inc., Second lien",other_debt,second_lien,UNKNOWN,UNKNOWN,0.065,,funded,,"[""RealPage, Inc., Second lien""]",1,2024-10-30T16:35:00Z,https://www.sec.gov/Archives/edgar/data/1496099/000149609924000040/,"[""2024q4:87893""]","RealPage, Inc., Second lien",other_debt,second_lien,UNKNOWN,UNKNOWN,0.065,,funded,,"[""RealPage, Inc., Second lien""]",1,2024-07-31T17:12:00Z,https://www.sec.gov/Archives/edgar/data/1496099/000149609924000034/,"[""2024q3:82800""]","REALPAGE, INC., Second lien senior secured loan",other_debt,second_lien,UNKNOWN,UNKNOWN,0.065,,funded,,"[""REALPAGE, INC., Second lien senior secured loan""]",1,2024-08-07T16:28:00Z,https://www.sec.gov/Archives/edgar/data/1655888/000165588824000019/,"[""2024q3:82796""]",2024-10-30T20:14:36Z,2024-10-30T16:35:00Z,2024-10-30T20:14:36Z,SOI acceptance; no earlier exact facility mark verified in EX-99,https://www.sec.gov/Archives/edgar/data/1496099/000149609924000038/nmfcearningspressreleaseq3.htm,verified EX-99 results/NAV metrics; exact period-end date 2024-09-30 found in exhibit,2024-07-31T21:02:57Z,https://www.sec.gov/Archives/edgar/data/1496099/000149609924000032/nmfcearningspressreleaseq2.htm,2024-08-07T20:16:31Z,https://www.sec.gov/Archives/edgar/data/1655888/000119312524195906/d857906dex991.htm,2024-11-06T21:06:55Z,https://www.sec.gov/Archives/edgar/data/1655888/000165588824000023/obdc-20240930.htm,10-Q reportDate exactly equals 2024-09-30,,,,,,
D4R_61ecd3e1bf882f44a1da82eb,D4C_b69a59ba23fe389efbf23655,2024-06-30,2024Q2,dealer tire financial,NMFC,OBDC,New Mountain Capital,Blue Owl Credit,cross_manager,"Dealer Tire Financial, LLC 2, First lien - Funded",other_debt,first_lien,UNKNOWN,UNKNOWN,0.0375,,funded,,"[""Dealer Tire Financial, LLC 2, First lien - Funded""]",1,2024-07-31T17:12:00Z,https://www.sec.gov/Archives/edgar/data/1496099/000149609924000034/,"[""2024q3:20753""]","Dealer Tire Financial, LLC, First lien - Funded",other_debt,first_lien,UNKNOWN,UNKNOWN,0.0375,,funded,,"[""Dealer Tire Financial, LLC, First lien - Funded""]",1,2024-05-01T17:09:00Z,https://www.sec.gov/Archives/edgar/data/1496099/000149609924000023/,"[""2024q2:19716"",""2024q2:19914""]","Dealer Tire Financial, LLC, First lien senior secured loan",other_debt,first_lien,UNKNOWN,UNKNOWN,0.0375,,funded,,"[""Dealer Tire Financial, LLC, First lien senior secured loan""]",1,2024-05-08T16:11:00Z,https://www.sec.gov/Archives/edgar/data/1655888/000165588824000014/,"[""2024q2:19257""]",2024-07-31T21:02:57Z,2024-07-31T17:12:00Z,2024-07-31T21:02:57Z,SOI acceptance; no earlier exact facility mark verified in EX-99,https://www.sec.gov/Archives/edgar/data/1496099/000149609924000032/nmfcearningspressreleaseq2.htm,verified EX-99 results/NAV metrics; exact period-end date 2024-06-30 found in exhibit,2024-05-01T21:02:05Z,https://www.sec.gov/Archives/edgar/data/1496099/000149609924000021/nmfcearningspressreleaseq1.htm,2024-05-08T20:11:16Z,https://www.sec.gov/Archives/edgar/data/1655888/000165588824000014/obdc-20240331.htm,2024-08-07T20:16:31Z,https://www.sec.gov/Archives/edgar/data/1655888/000119312524195906/d857906dex991.htm,verified EX-99 results/NAV metrics; exact period-end date 2024-06-30 found in exhibit,,,,,,
D4R_63b2a05cc278206fb1ea62f5,D4C_de4b0b522f99cae982e64890,2024-12-31,2024Q4,physician partners,OBDC,NMFC,Blue Owl Credit,New Mountain Capital,cross_manager,"Physician Partners, LLC, First lien senior secured loan",other_debt,first_lien,UNKNOWN,UNKNOWN,0.04,,funded,,"[""Physician Partners, LLC, First lien senior secured loan""]",1,2025-02-19T16:33:00Z,https://www.sec.gov/Archives/edgar/data/1655888/000165588825000007/,"[""2025q1:84079""]","Physician Partners, LLC, First lien senior secured loan",other_debt,first_lien,UNKNOWN,UNKNOWN,0.04,,funded,,"[""Physician Partners, LLC, First lien senior secured loan""]",1,2024-11-06T16:07:00Z,https://www.sec.gov/Archives/edgar/data/1655888/000165588824000023/,"[""2024q4:21018""]","Physician Partners, LLC, First lien - Funded",other_debt,first_lien,UNKNOWN,UNKNOWN,0.04,,funded,,"[""Physician Partners, LLC, First lien - Funded""]",1,2024-10-30T16:35:00Z,https://www.sec.gov/Archives/edgar/data/1496099/000149609924000040/,"[""2024q4:21545"",""2024q4:21733""]",2025-01-16T13:30:14Z,2025-02-19T16:33:00Z,2025-02-19T16:33:00Z,SOI acceptance; no earlier exact facility mark verified in EX-99,https://www.sec.gov/Archives/edgar/data/1655888/000119312525007423/d917816dex991.htm,verified EX-99 results/NAV metrics; exact period-end date 2024-12-31 found in exhibit,2024-11-06T21:06:55Z,https://www.sec.gov/Archives/edgar/data/1655888/000165588824000023/obdc-20240930.htm,2024-10-30T20:14:36Z,https://www.sec.gov/Archives/edgar/data/1496099/000149609924000038/nmfcearningspressreleaseq3.htm,2025-02-26T21:25:39Z,https://www.sec.gov/Archives/edgar/data/1496099/000149609925000008/nmfcearningspressreleaseq4.htm,verified EX-99 results/NAV metrics; exact period-end date 2024-12-31 found in exhibit,,,,,,
D4R_6ee2291c04b00d1b22b7b267,D4C_4a7fcd14285a77567413401c,2024-09-30,2024Q3,icefall parent,ARCC,NMFC,Ares Management,New Mountain Capital,cross_manager,"Icefall Parent, Inc., First lien senior secured loan",other_debt,first_lien,UNKNOWN,UNKNOWN,0.065,,funded,,"[""Icefall Parent, Inc., First lien senior secured loan""]",1,2024-10-29T20:56:00Z,https://www.sec.gov/Archives/edgar/data/1287750/000128775024000054/,"[""2024q4:55602""]","Icefall Parent, Inc., First lien senior secured loan",other_debt,first_lien,UNKNOWN,UNKNOWN,0.065,,funded,,"[""Icefall Parent, Inc., First lien senior secured loan""]",1,2024-07-29T21:10:00Z,https://www.sec.gov/Archives/edgar/data/1287750/000128775024000039/,"[""2024q3:52509""]","Icefall Parent, Inc. First lien",other_debt,first_lien,UNKNOWN,UNKNOWN,0.065,,funded,,"[""Icefall Parent, Inc. First lien""]",1,2024-07-31T17:12:00Z,https://www.sec.gov/Archives/edgar/data/1496099/000149609924000034/,"[""2024q3:52496""]",2024-10-29T20:49:55Z,2024-10-29T20:56:00Z,2024-10-29T20:56:00Z,SOI acceptance; no earlier exact facility mark verified in EX-99,https://www.sec.gov/Archives/edgar/data/1287750/000128775024000053/arccq3-2024exhibit991.htm,verified EX-99 results/NAV metrics; exact period-end date 2024-09-30 found in exhibit,2024-07-29T21:10:00Z,https://www.sec.gov/Archives/edgar/data/1287750/000128775024000037/arccq2-24exhibit991.htm,2024-07-31T21:02:57Z,https://www.sec.gov/Archives/edgar/data/1496099/000149609924000032/nmfcearningspressreleaseq2.htm,2024-10-30T20:14:36Z,https://www.sec.gov/Archives/edgar/data/1496099/000149609924000038/nmfcearningspressreleaseq3.htm,verified EX-99 results/NAV metrics; exact period-end date 2024-09-30 found in exhibit,,,,,,
D4R_727e71576f0adc597105703e,D4C_882104d237f3d6dd3c7b3486,2024-03-31,2024Q1,confluent health,NMFC,OBDC,New Mountain Capital,Blue Owl Credit,cross_manager,"Confluent Health, LLC, First lien - Funded",other_debt,first_lien,UNKNOWN,UNKNOWN,0.04,,funded,,"[""Confluent Health, LLC, First lien - Funded""]",1,2024-05-01T17:09:00Z,https://www.sec.gov/Archives/edgar/data/1496099/000149609924000023/,"[""2024q2:19702"",""2024q2:19904""]","Confluent Health, LLC, First lien - Funded",other_debt,first_lien,UNKNOWN,UNKNOWN,0.04,,funded,,"[""Confluent Health, LLC, First lien - Funded""]",1,2024-02-26T16:48:00Z,https://www.sec.gov/Archives/edgar/data/1496099/000149609924000012/,"[""2024q1:18224""]","Confluent Health, LLC, First lien senior secured loan",other_debt,first_lien,UNKNOWN,UNKNOWN,0.04,,funded,,"[""Confluent Health, LLC, First lien senior secured loan""]",1,2024-02-21T16:56:00Z,https://www.sec.gov/Archives/edgar/data/1655888/000165588824000008/,"[""2024q1:17506""]",2024-05-01T21:02:05Z,2024-05-01T17:09:00Z,2024-05-01T21:02:05Z,SOI acceptance; no earlier exact facility mark verified in EX-99,https://www.sec.gov/Archives/edgar/data/1496099/000149609924000021/nmfcearningspressreleaseq1.htm,verified EX-99 results/NAV metrics; exact period-end date 2024-03-31 found in exhibit,2024-02-26T16:48:00Z,https://www.sec.gov/Archives/edgar/data/1496099/000110465924004666/tm243476d1_ex99-1.htm,2024-02-21T21:56:10Z,https://www.sec.gov/Archives/edgar/data/1655888/000165588824000008/obdc-20231231.htm,2024-05-08T20:11:16Z,https://www.sec.gov/Archives/edgar/data/1655888/000165588824000014/obdc-20240331.htm,10-Q reportDate exactly equals 2024-03-31,,,,,,
D4R_7670a049ffc59284be623965,D4C_12345993a9ab095734458c90,2024-06-30,2024Q2,athenahealth,NMFC,OBDC,New Mountain Capital,Blue Owl Credit,cross_manager,"athenahealth Group Inc., First lien - Funded",other_debt,first_lien,UNKNOWN,UNKNOWN,0.0325,,funded,,"[""athenahealth Group Inc., First lien - Funded""]",1,2024-07-31T17:12:00Z,https://www.sec.gov/Archives/edgar/data/1496099/000149609924000034/,"[""2024q3:20709"",""2024q3:20914""]","athenahealth Group Inc., First lien - Funded",other_debt,first_lien,UNKNOWN,UNKNOWN,0.0325,,funded,,"[""athenahealth Group Inc., First lien - Funded""]",1,2024-05-01T17:09:00Z,https://www.sec.gov/Archives/edgar/data/1496099/000149609924000023/,"[""2024q2:19674"",""2024q2:19875""]","Athenahealth Group Inc., First lien senior secured loan",other_debt,first_lien,UNKNOWN,UNKNOWN,0.0325,,funded,,"[""Athenahealth Group Inc., First lien senior secured loan""]",1,2024-05-08T16:11:00Z,https://www.sec.gov/Archives/edgar/data/1655888/000165588824000014/,"[""2024q2:19215""]",2024-07-31T21:02:57Z,2024-07-31T17:12:00Z,2024-07-31T21:02:57Z,SOI acceptance; no earlier exact facility mark verified in EX-99,https://www.sec.gov/Archives/edgar/data/1496099/000149609924000032/nmfcearningspressreleaseq2.htm,verified EX-99 results/NAV metrics; exact period-end date 2024-06-30 found in exhibit,2024-05-01T21:02:05Z,https://www.sec.gov/Archives/edgar/data/1496099/000149609924000021/nmfcearningspressreleaseq1.htm,2024-05-08T20:11:16Z,https://www.sec.gov/Archives/edgar/data/1655888/000165588824000014/obdc-20240331.htm,2024-08-07T20:16:31Z,https://www.sec.gov/Archives/edgar/data/1655888/000119312524195906/d857906dex991.htm,verified EX-99 results/NAV metrics; exact period-end date 2024-06-30 found in exhibit,,,,,,
D4R_76b859d80360a81d9d5c270a,D4C_a1017863b41dfa6536a58b29,2024-03-31,2024Q1,confluent medical technologies,NMFC,OBDC,New Mountain Capital,Blue Owl Credit,cross_manager,"Confluent Medical Technologies, Inc., First lien - Funded",other_debt,first_lien,UNKNOWN,UNKNOWN,0.0375,,funded,,"[""Confluent Medical Technologies, Inc., First lien - Funded""]",1,2024-05-01T17:09:00Z,https://www.sec.gov/Archives/edgar/data/1496099/000149609924000023/,"[""2024q2:19704"",""2024q2:19906""]","Confluent Medical Technologies, Inc., First lien - Funded",other_debt,first_lien,UNKNOWN,UNKNOWN,0.0375,,funded,,"[""Confluent Medical Technologies, Inc., First lien - Funded""]",1,2024-02-26T16:48:00Z,https://www.sec.gov/Archives/edgar/data/1496099/000149609924000012/,"[""2024q1:18028"",""2024q1:18227""]","Confluent Medical Technologies, Inc., First lien senior secured loan",other_debt,first_lien,UNKNOWN,UNKNOWN,0.0375,,funded,,"[""Confluent Medical Technologies, Inc., First lien senior secured loan""]",1,2024-02-21T16:56:00Z,https://www.sec.gov/Archives/edgar/data/1655888/000165588824000008/,"[""2024q1:17508""]",2024-05-01T21:02:05Z,2024-05-01T17:09:00Z,2024-05-01T21:02:05Z,SOI acceptance; no earlier exact facility mark verified in EX-99,https://www.sec.gov/Archives/edgar/data/1496099/000149609924000021/nmfcearningspressreleaseq1.htm,verified EX-99 results/NAV metrics; exact period-end date 2024-03-31 found in exhibit,2024-02-26T16:48:00Z,https://www.sec.gov/Archives/edgar/data/1496099/000110465924004666/tm243476d1_ex99-1.htm,2024-02-21T21:56:10Z,https://www.sec.gov/Archives/edgar/data/1655888/000165588824000008/obdc-20231231.htm,2024-05-08T20:11:16Z,https://www.sec.gov/Archives/edgar/data/1655888/000165588824000014/obdc-20240331.htm,10-Q reportDate exactly equals 2024-03-31,,,,,,
D4R_777e7c967340248687097994,D4C_f1fa67b3c71fc9ca511097e7,2025-03-31,2025Q1,associations,NMFC,OBDC,New Mountain Capital,Blue Owl Credit,cross_manager,"Associations, Inc., First lien",other_debt,first_lien,UNKNOWN,UNKNOWN,0.065,,funded,,"[""Associations, Inc., First lien""]",1,2025-05-05T16:21:00Z,https://www.sec.gov/Archives/edgar/data/1496099/000149609925000018/,"[""2025q2:29017""]","Associations, Inc., First lien",other_debt,first_lien,UNKNOWN,UNKNOWN,0.065,,funded,,"[""Associations, Inc., First lien""]",1,2025-02-26T16:42:00Z,https://www.sec.gov/Archives/edgar/data/1496099/000149609925000010/,"[""2025q1:26291""]","Associations, Inc., First lien senior secured loan",other_debt,first_lien,UNKNOWN,UNKNOWN,0.065,,funded,,"[""Associations, Inc., First lien senior secured loan""]",1,2025-02-19T16:33:00Z,https://www.sec.gov/Archives/edgar/data/1655888/000165588825000007/,"[""2025q1:26278""]",2025-05-05T20:16:38Z,2025-05-05T16:21:00Z,2025-05-05T20:16:38Z,SOI acceptance; no earlier exact facility mark verified in EX-99,https://www.sec.gov/Archives/edgar/data/1496099/000149609925000017/nmfcearningspressreleaseq1.htm,selection and timestamp preserved from verified Day 1/Day 2 reporting_order.csv,2025-02-26T21:25:39Z,https://www.sec.gov/Archives/edgar/data/1496099/000149609925000008/nmfcearningspressreleaseq4.htm,2025-02-19T16:33:00Z,https://www.sec.gov/Archives/edgar/data/1655888/000119312525007423/d917816dex991.htm,2025-05-07T20:15:44Z,https://www.sec.gov/Archives/edgar/data/1655888/000165588825000012/obdc-20250331.htm,selection and timestamp preserved from verified Day 1/Day 2 reporting_order.csv,,,,,,
D4R_89011b3c621fd1f9e6856963,D4C_6f17e958867337e7b952aecb,2025-06-30,2025Q2,forescout technologies,ARCC,OBDC,Ares Management,Blue Owl Credit,cross_manager,"Forescout Technologies, Inc., First lien senior secured loan",other_debt,first_lien,UNKNOWN,UNKNOWN,0.05,,funded,,"[""Forescout Technologies, Inc., First lien senior secured loan""]",1,2025-07-28T21:23:00Z,https://www.sec.gov/Archives/edgar/data/1287750/000128775025000038/,"[""2025q3:56880""]","Forescout Technologies, Inc., First lien senior secured loan",other_debt,first_lien,UNKNOWN,UNKNOWN,0.05,,funded,,"[""Forescout Technologies, Inc., First lien senior secured loan""]",1,2025-04-28T21:50:00Z,https://www.sec.gov/Archives/edgar/data/1287750/000128775025000020/,"[""2025q2:54703""]","Forescout Technologies, Inc., First lien senior secured loan",other_debt,first_lien,UNKNOWN,UNKNOWN,0.05,,funded,,"[""Forescout Technologies, Inc., First lien senior secured loan""]",1,2025-05-07T16:16:00Z,https://www.sec.gov/Archives/edgar/data/1655888/000165588825000012/,"[""2025q2:54707""]",2025-07-28T21:11:20Z,2025-07-28T21:23:00Z,2025-07-28T21:23:00Z,SOI acceptance; no earlier exact facility mark verified in EX-99,https://www.sec.gov/Archives/edgar/data/1287750/000128775025000036/arccq2-2025exhibit991.htm,selection and timestamp preserved from verified Day 1/Day 2 reporting_order.csv,2025-04-28T21:50:25Z,https://www.sec.gov/Archives/edgar/data/1287750/000128775025000020/arcc-20250331.htm,2025-05-07T20:15:44Z,https://www.sec.gov/Archives/edgar/data/1655888/000165588825000012/obdc-20250331.htm,2025-08-06T20:05:51Z,https://www.sec.gov/Archives/edgar/data/1655888/000165588825000020/obdc-20250630.htm,selection and timestamp preserved from verified Day 1/Day 2 reporting_order.csv,,,,,,
D4R_92c14af825841f163b269f1a,D4C_d8e62707d06fcd67ca0d7e7d,2024-06-30,2024Q2,community brands parentco,ARCC,NMFC,Ares Management,New Mountain Capital,cross_manager,"Community Brands ParentCo, LLC, First lien senior secured loan",other_debt,first_lien,UNKNOWN,UNKNOWN,0.055,,funded,,"[""Community Brands ParentCo, LLC, First lien senior secured loan""]",1,2024-07-29T21:10:00Z,https://www.sec.gov/Archives/edgar/data/1287750/000128775024000039/,"[""2024q3:34428""]","Community Brands ParentCo, LLC, First lien senior secured loan",other_debt,first_lien,UNKNOWN,UNKNOWN,0.055,,funded,,"[""Community Brands ParentCo, LLC, First lien senior secured loan""]",1,2024-04-30T21:41:00Z,https://www.sec.gov/Archives/edgar/data/1287750/000128775024000028/,"[""2024q2:33288""]","Community Brands ParentCo, LLC, First lien",other_debt,first_lien,UNKNOWN,UNKNOWN,0.055,,funded,,"[""Community Brands ParentCo, LLC, First lien""]",1,2024-05-01T17:09:00Z,https://www.sec.gov/Archives/edgar/data/1496099/000149609924000023/,"[""2024q2:33306""]",2024-07-29T20:56:19Z,2024-07-29T21:10:00Z,2024-07-29T21:10:00Z,SOI acceptance; no earlier exact facility mark verified in EX-99,https://www.sec.gov/Archives/edgar/data/1287750/000128775024000037/arccq2-24exhibit991.htm,verified EX-99 results/NAV metrics; exact period-end date 2024-06-30 found in exhibit,2024-04-30T21:41:00Z,https://www.sec.gov/Archives/edgar/data/1287750/000128775024000026/arccq1-24exhibit991.htm,2024-05-01T21:02:05Z,https://www.sec.gov/Archives/edgar/data/1496099/000149609924000021/nmfcearningspressreleaseq1.htm,2024-07-31T21:02:57Z,https://www.sec.gov/Archives/edgar/data/1496099/000149609924000032/nmfcearningspressreleaseq2.htm,verified EX-99 results/NAV metrics; exact period-end date 2024-06-30 found in exhibit,,,,,,
D4R_94d631ce61b94754d8e2e7ac,D4C_430edc2d182c7ce0d6e2ca71,2024-03-31,2024Q1,community brands parentco,ARCC,NMFC,Ares Management,New Mountain Capital,cross_manager,"Community Brands ParentCo, LLC, First lien senior secured loan",other_debt,first_lien,UNKNOWN,UNKNOWN,0.055,,funded,,"[""Community Brands ParentCo, LLC, First lien senior secured loan""]",1,2024-04-30T21:41:00Z,https://www.sec.gov/Archives/edgar/data/1287750/000128775024000028/,"[""2024q2:33288""]","Community Brands ParentCo, LLC, First lien senior secured loan",other_debt,first_lien,UNKNOWN,UNKNOWN,0.055,,funded,,"[""Community Brands ParentCo, LLC, First lien senior secured loan""]",1,2024-02-07T06:13:00Z,https://www.sec.gov/Archives/edgar/data/1287750/000128775024000011/,"[""2024q1:29809""]","Community Brands ParentCo, LLC, First Lien",other_debt,first_lien,UNKNOWN,UNKNOWN,0.055,,funded,,"[""Community Brands ParentCo, LLC, First Lien""]",1,2024-02-26T16:48:00Z,https://www.sec.gov/Archives/edgar/data/1496099/000149609924000012/,"[""2024q1:29828""]",2024-04-30T21:30:34Z,2024-04-30T21:41:00Z,2024-04-30T21:41:00Z,SOI acceptance; no earlier exact facility mark verified in EX-99,https://www.sec.gov/Archives/edgar/data/1287750/000128775024000026/arccq1-24exhibit991.htm,verified EX-99 results/NAV metrics; exact period-end date 2024-03-31 found in exhibit,2024-02-07T06:13:00Z,https://www.sec.gov/Archives/edgar/data/1287750/000128775024000009/arccq4-23exhibit991.htm,2024-02-26T16:48:00Z,https://www.sec.gov/Archives/edgar/data/1496099/000110465924004666/tm243476d1_ex99-1.htm,2024-05-01T21:02:05Z,https://www.sec.gov/Archives/edgar/data/1496099/000149609924000021/nmfcearningspressreleaseq1.htm,verified EX-99 results/NAV metrics; exact period-end date 2024-03-31 found in exhibit,,,,,,
D4R_a090c63f75ee562bc6f9ef0a,D4C_916829a2249a81a0b8cdecc7,2024-06-30,2024Q2,pluralsight,OCSL,OBDC,Oaktree Capital Management,Blue Owl Credit,cross_manager,"Pluralsight, LLC, First Lien Revolver",revolver,first_lien,UNKNOWN,UNKNOWN,0.08,,funded,,"[""Pluralsight, LLC, First Lien Revolver""]",1,2024-07-31T20:23:00Z,https://www.sec.gov/Archives/edgar/data/1414932/000141493224000012/,"[""2024q3:21171"",""2024q3:21795""]","Pluralsight, LLC, First Lien Revolver",revolver,first_lien,UNKNOWN,UNKNOWN,0.08,,funded,,"[""Pluralsight, LLC, First Lien Revolver""]",1,2024-04-29T18:41:00Z,https://www.sec.gov/Archives/edgar/data/1414932/000141493224000008/,"[""2024q2:20128"",""2024q2:20736""]","Pluralsight, LLC, First lien senior secured revolving loan",revolver,first_lien,UNKNOWN,UNKNOWN,0.08,,funded,,"[""Pluralsight, LLC, First lien senior secured revolving loan""]",1,2024-05-08T16:11:00Z,https://www.sec.gov/Archives/edgar/data/1655888/000165588824000014/,"[""2024q2:76931""]",2024-08-01T00:22:39Z,2024-07-31T20:23:00Z,2024-08-01T00:22:39Z,SOI acceptance; no earlier exact facility mark verified in EX-99,https://www.sec.gov/Archives/edgar/data/1414932/000141493224000012/ocsl-20240630.htm,10-Q reportDate exactly equals 2024-06-30,2024-04-29T22:41:19Z,https://www.sec.gov/Archives/edgar/data/1414932/000141493224000008/ocsl-20240331.htm,2024-05-08T20:11:16Z,https://www.sec.gov/Archives/edgar/data/1655888/000165588824000014/obdc-20240331.htm,2024-08-07T20:16:31Z,https://www.sec.gov/Archives/edgar/data/1655888/000119312524195906/d857906dex991.htm,verified EX-99 results/NAV metrics; exact period-end date 2024-06-30 found in exhibit,,,,,,
D4R_a1156685a562cbc4e55d9dac,D4C_0b4a61e9bc5641cbaf2a0a49,2024-06-30,2024Q2,pluralsight,ARCC,OBDC,Ares Management,Blue Owl Credit,cross_manager,"Pluralsight, Inc., First lien senior secured loan",other_debt,first_lien,UNKNOWN,UNKNOWN,,,funded,,"[""Pluralsight, Inc., First lien senior secured loan""]",1,2024-07-29T21:10:00Z,https://www.sec.gov/Archives/edgar/data/1287750/000128775024000039/,"[""2024q3:79011""]","Pluralsight, Inc., First lien senior secured loan",other_debt,first_lien,UNKNOWN,UNKNOWN,0.08,,funded,,"[""Pluralsight, Inc., First lien senior secured loan""]",1,2024-04-30T21:41:00Z,https://www.sec.gov/Archives/edgar/data/1287750/000128775024000028/,"[""2024q2:76909""]","Pluralsight, LLC, First lien senior secured loan",other_debt,first_lien,UNKNOWN,UNKNOWN,0.08,,funded,,"[""Pluralsight, LLC, First lien senior secured loan""]",1,2024-05-08T16:11:00Z,https://www.sec.gov/Archives/edgar/data/1655888/000165588824000014/,"[""2024q2:76921""]",2024-07-29T20:56:19Z,2024-07-29T21:10:00Z,2024-07-29T21:10:00Z,SOI acceptance; no earlier exact facility mark verified in EX-99,https://www.sec.gov/Archives/edgar/data/1287750/000128775024000037/arccq2-24exhibit991.htm,verified EX-99 results/NAV metrics; exact period-end date 2024-06-30 found in exhibit,2024-04-30T21:41:00Z,https://www.sec.gov/Archives/edgar/data/1287750/000128775024000026/arccq1-24exhibit991.htm,2024-05-08T20:11:16Z,https://www.sec.gov/Archives/edgar/data/1655888/000165588824000014/obdc-20240331.htm,2024-08-07T20:16:31Z,https://www.sec.gov/Archives/edgar/data/1655888/000119312524195906/d857906dex991.htm,verified EX-99 results/NAV metrics; exact period-end date 2024-06-30 found in exhibit,,,,,,
D4R_a9e710e23cea3368c91e9215,D4C_181eac36dc737a830ceeca8e,2024-06-30,2024Q2,next holdco,ARCC,NMFC,Ares Management,New Mountain Capital,cross_manager,"Next Holdco, LLC, First lien senior secured loan",other_debt,first_lien,UNKNOWN,UNKNOWN,0.06,,funded,,"[""Next Holdco, LLC, First lien senior secured loan""]",1,2024-07-29T21:10:00Z,https://www.sec.gov/Archives/edgar/data/1287750/000128775024000039/,"[""2024q3:70923""]","Next Holdco, LLC, First lien senior secured loan",other_debt,first_lien,UNKNOWN,UNKNOWN,0.06,,funded,,"[""Next Holdco, LLC, First lien senior secured loan""]",1,2024-04-30T21:41:00Z,https://www.sec.gov/Archives/edgar/data/1287750/000128775024000028/,"[""2024q2:69009""]","Next Holdco, LLC, First lien",other_debt,first_lien,UNKNOWN,UNKNOWN,0.06,,funded,,"[""Next Holdco, LLC, First lien""]",1,2024-05-01T17:09:00Z,https://www.sec.gov/Archives/edgar/data/1496099/000149609924000023/,"[""2024q2:69017""]",2024-07-29T20:56:19Z,2024-07-29T21:10:00Z,2024-07-29T21:10:00Z,SOI acceptance; no earlier exact facility mark verified in EX-99,https://www.sec.gov/Archives/edgar/data/1287750/000128775024000037/arccq2-24exhibit991.htm,verified EX-99 results/NAV metrics; exact period-end date 2024-06-30 found in exhibit,2024-04-30T21:41:00Z,https://www.sec.gov/Archives/edgar/data/1287750/000128775024000026/arccq1-24exhibit991.htm,2024-05-01T21:02:05Z,https://www.sec.gov/Archives/edgar/data/1496099/000149609924000021/nmfcearningspressreleaseq1.htm,2024-07-31T21:02:57Z,https://www.sec.gov/Archives/edgar/data/1496099/000149609924000032/nmfcearningspressreleaseq2.htm,verified EX-99 results/NAV metrics; exact period-end date 2024-06-30 found in exhibit,,,,,,
D4R_b2efd7a01d55a72bb3cf4893,D4C_dc612bcff91fce1eae770132,2024-09-30,2024Q3,physician partners,NMFC,OBDC,New Mountain Capital,Blue Owl Credit,cross_manager,"Physician Partners, LLC, First lien - Funded",other_debt,first_lien,UNKNOWN,UNKNOWN,0.04,,funded,,"[""Physician Partners, LLC, First lien - Funded""]",1,2024-10-30T16:35:00Z,https://www.sec.gov/Archives/edgar/data/1496099/000149609924000040/,"[""2024q4:21545"",""2024q4:21733""]","Physician Partners, LLC, First lien - Funded",other_debt,first_lien,UNKNOWN,UNKNOWN,0.04,,funded,,"[""Physician Partners, LLC, First lien - Funded""]",1,2024-07-31T17:12:00Z,https://www.sec.gov/Archives/edgar/data/1496099/000149609924000034/,"[""2024q3:20838"",""2024q3:21030""]","Physician Partners, LLC, First lien senior secured loan",other_debt,first_lien,UNKNOWN,UNKNOWN,0.04,,funded,,"[""Physician Partners, LLC, First lien senior secured loan""]",1,2024-08-07T16:28:00Z,https://www.sec.gov/Archives/edgar/data/1655888/000165588824000019/,"[""2024q3:20344""]",2024-10-30T20:14:36Z,2024-10-30T16:35:00Z,2024-10-30T20:14:36Z,SOI acceptance; no earlier exact facility mark verified in EX-99,https://www.sec.gov/Archives/edgar/data/1496099/000149609924000038/nmfcearningspressreleaseq3.htm,verified EX-99 results/NAV metrics; exact period-end date 2024-09-30 found in exhibit,2024-07-31T21:02:57Z,https://www.sec.gov/Archives/edgar/data/1496099/000149609924000032/nmfcearningspressreleaseq2.htm,2024-08-07T20:16:31Z,https://www.sec.gov/Archives/edgar/data/1655888/000119312524195906/d857906dex991.htm,2024-11-06T21:06:55Z,https://www.sec.gov/Archives/edgar/data/1655888/000165588824000023/obdc-20240930.htm,10-Q reportDate exactly equals 2024-09-30,,,,,,
D4R_b3b49c043061744f181cd79b,D4C_64f123b672360c7612788afa,2024-06-30,2024Q2,physician partners,NMFC,OBDC,New Mountain Capital,Blue Owl Credit,cross_manager,"Physician Partners, LLC, First lien - Funded",other_debt,first_lien,UNKNOWN,UNKNOWN,0.04,,funded,,"[""Physician Partners, LLC, First lien - Funded""]",1,2024-07-31T17:12:00Z,https://www.sec.gov/Archives/edgar/data/1496099/000149609924000034/,"[""2024q3:20838"",""2024q3:21030""]","Physician Partners, LLC, First lien - Funded",other_debt,first_lien,UNKNOWN,UNKNOWN,0.04,,funded,,"[""Physician Partners, LLC, First lien - Funded""]",1,2024-05-01T17:09:00Z,https://www.sec.gov/Archives/edgar/data/1496099/000149609924000023/,"[""2024q2:19799"",""2024q2:19987""]","Physician Partners, LLC, First lien senior secured loan",other_debt,first_lien,UNKNOWN,UNKNOWN,0.04,,funded,,"[""Physician Partners, LLC, First lien senior secured loan""]",1,2024-05-08T16:11:00Z,https://www.sec.gov/Archives/edgar/data/1655888/000165588824000014/,"[""2024q2:19309""]",2024-07-31T21:02:57Z,2024-07-31T17:12:00Z,2024-07-31T21:02:57Z,SOI acceptance; no earlier exact facility mark verified in EX-99,https://www.sec.gov/Archives/edgar/data/1496099/000149609924000032/nmfcearningspressreleaseq2.htm,verified EX-99 results/NAV metrics; exact period-end date 2024-06-30 found in exhibit,2024-05-01T21:02:05Z,https://www.sec.gov/Archives/edgar/data/1496099/000149609924000021/nmfcearningspressreleaseq1.htm,2024-05-08T20:11:16Z,https://www.sec.gov/Archives/edgar/data/1655888/000165588824000014/obdc-20240331.htm,2024-08-07T20:16:31Z,https://www.sec.gov/Archives/edgar/data/1655888/000119312524195906/d857906dex991.htm,verified EX-99 results/NAV metrics; exact period-end date 2024-06-30 found in exhibit,,,,,,
D4R_bcd7e11422b37f9973fb78ad,D4C_c5a67382e14f05e5e4985e28,2024-06-30,2024Q2,bamboo us bidco,ARCC,OBDC,Ares Management,Blue Owl Credit,cross_manager,"Bamboo US BidCo LLC, First lien senior secured loan",other_debt,first_lien,UNKNOWN,UNKNOWN,0.0675,,funded,,"[""Bamboo US BidCo LLC, First lien senior secured loan""]",1,2024-07-29T21:10:00Z,https://www.sec.gov/Archives/edgar/data/1287750/000128775024000039/,"[""2024q3:28295""]","Bamboo US BidCo LLC, First lien senior secured loan",other_debt,first_lien,UNKNOWN,UNKNOWN,0.0675,,funded,,"[""Bamboo US BidCo LLC, First lien senior secured loan""]",1,2024-04-30T21:41:00Z,https://www.sec.gov/Archives/edgar/data/1287750/000128775024000028/,"[""2024q2:27131""]","Bamboo US BidCo LLC, First lien senior secured loan",other_debt,first_lien,UNKNOWN,UNKNOWN,0.0675,,funded,,"[""Bamboo US BidCo LLC, First lien senior secured loan""]",1,2024-05-08T16:11:00Z,https://www.sec.gov/Archives/edgar/data/1655888/000165588824000014/,"[""2024q2:27133""]",2024-07-29T20:56:19Z,2024-07-29T21:10:00Z,2024-07-29T21:10:00Z,SOI acceptance; no earlier exact facility mark verified in EX-99,https://www.sec.gov/Archives/edgar/data/1287750/000128775024000037/arccq2-24exhibit991.htm,verified EX-99 results/NAV metrics; exact period-end date 2024-06-30 found in exhibit,2024-04-30T21:41:00Z,https://www.sec.gov/Archives/edgar/data/1287750/000128775024000026/arccq1-24exhibit991.htm,2024-05-08T20:11:16Z,https://www.sec.gov/Archives/edgar/data/1655888/000165588824000014/obdc-20240331.htm,2024-08-07T20:16:31Z,https://www.sec.gov/Archives/edgar/data/1655888/000119312524195906/d857906dex991.htm,verified EX-99 results/NAV metrics; exact period-end date 2024-06-30 found in exhibit,,,,,,
D4R_c555b82e85acc84fe8831cda,D4C_c0f70d021fecb6ca1d12e263,2024-09-30,2024Q3,realpage,ARCC,NMFC,Ares Management,New Mountain Capital,cross_manager,"RealPage, Inc., Second lien senior secured loan",other_debt,second_lien,UNKNOWN,UNKNOWN,0.065,,funded,,"[""RealPage, Inc., Second lien senior secured loan""]",1,2024-10-29T20:56:00Z,https://www.sec.gov/Archives/edgar/data/1287750/000128775024000054/,"[""2024q4:87878""]","RealPage, Inc., Second lien senior secured loan",other_debt,second_lien,UNKNOWN,UNKNOWN,0.065,,funded,,"[""RealPage, Inc., Second lien senior secured loan""]",1,2024-07-29T21:10:00Z,https://www.sec.gov/Archives/edgar/data/1287750/000128775024000039/,"[""2024q3:82785""]","RealPage, Inc., Second lien",other_debt,second_lien,UNKNOWN,UNKNOWN,0.065,,funded,,"[""RealPage, Inc., Second lien""]",1,2024-07-31T17:12:00Z,https://www.sec.gov/Archives/edgar/data/1496099/000149609924000034/,"[""2024q3:82800""]",2024-10-29T20:49:55Z,2024-10-29T20:56:00Z,2024-10-29T20:56:00Z,SOI acceptance; no earlier exact facility mark verified in EX-99,https://www.sec.gov/Archives/edgar/data/1287750/000128775024000053/arccq3-2024exhibit991.htm,verified EX-99 results/NAV metrics; exact period-end date 2024-09-30 found in exhibit,2024-07-29T21:10:00Z,https://www.sec.gov/Archives/edgar/data/1287750/000128775024000037/arccq2-24exhibit991.htm,2024-07-31T21:02:57Z,https://www.sec.gov/Archives/edgar/data/1496099/000149609924000032/nmfcearningspressreleaseq2.htm,2024-10-30T20:14:36Z,https://www.sec.gov/Archives/edgar/data/1496099/000149609924000038/nmfcearningspressreleaseq3.htm,verified EX-99 results/NAV metrics; exact period-end date 2024-09-30 found in exhibit,,,,,,
D4R_c59e2fbd47dd9290110be570,D4C_4f57e27d18e7bde197fcd808,2024-03-31,2024Q1,valcour packaging,NMFC,OBDC,New Mountain Capital,Blue Owl Credit,cross_manager,"Valcour Packaging, LLC, First lien - Funded",other_debt,first_lien,UNKNOWN,UNKNOWN,0.0375,,funded,,"[""Valcour Packaging, LLC, First lien - Funded""]",1,2024-05-01T17:09:00Z,https://www.sec.gov/Archives/edgar/data/1496099/000149609924000023/,"[""2024q2:19846"",""2024q2:20023""]","Valcour Packaging, LLC, First lien - Funded",other_debt,first_lien,UNKNOWN,UNKNOWN,0.0375,,funded,,"[""Valcour Packaging, LLC, First lien - Funded""]",1,2024-02-26T16:48:00Z,https://www.sec.gov/Archives/edgar/data/1496099/000149609924000012/,"[""2024q1:18161"",""2024q1:18339""]","Valcour Packaging, LLC, First lien senior secured loan",other_debt,first_lien,UNKNOWN,UNKNOWN,0.0375,,funded,,"[""Valcour Packaging, LLC, First lien senior secured loan""]",1,2024-02-21T16:56:00Z,https://www.sec.gov/Archives/edgar/data/1655888/000165588824000008/,"[""2024q1:17593""]",2024-05-01T21:02:05Z,2024-05-01T17:09:00Z,2024-05-01T21:02:05Z,SOI acceptance; no earlier exact facility mark verified in EX-99,https://www.sec.gov/Archives/edgar/data/1496099/000149609924000021/nmfcearningspressreleaseq1.htm,verified EX-99 results/NAV metrics; exact period-end date 2024-03-31 found in exhibit,2024-02-26T16:48:00Z,https://www.sec.gov/Archives/edgar/data/1496099/000110465924004666/tm243476d1_ex99-1.htm,2024-02-21T21:56:10Z,https://www.sec.gov/Archives/edgar/data/1655888/000165588824000008/obdc-20231231.htm,2024-05-08T20:11:16Z,https://www.sec.gov/Archives/edgar/data/1655888/000165588824000014/obdc-20240331.htm,10-Q reportDate exactly equals 2024-03-31,,,,,,
D4R_c5db0844b0670f466f90470e,D4C_1f87b99a69fce8374e786473,2024-09-30,2024Q3,xplor t1,NMFC,OBDC,New Mountain Capital,Blue Owl Credit,cross_manager,"Xplor T1, LLC, First lien - Funded",other_debt,first_lien,UNKNOWN,UNKNOWN,0.0425,,funded,,"[""Xplor T1, LLC, First lien - Funded""]",1,2024-10-30T16:35:00Z,https://www.sec.gov/Archives/edgar/data/1496099/000149609924000040/,"[""2024q4:21601"",""2024q4:21778""]","Xplor T1, LLC, First lien - Funded",other_debt,first_lien,UNKNOWN,UNKNOWN,0.0425,,funded,,"[""Xplor T1, LLC, First lien - Funded""]",1,2024-07-31T17:12:00Z,https://www.sec.gov/Archives/edgar/data/1496099/000149609924000034/,"[""2024q3:20892"",""2024q3:21075""]","XPLOR T1, LLC, First lien senior secured loan",other_debt,first_lien,UNKNOWN,UNKNOWN,0.0425,,funded,,"[""XPLOR T1, LLC, First lien senior secured loan""]",1,2024-08-07T16:28:00Z,https://www.sec.gov/Archives/edgar/data/1655888/000165588824000019/,"[""2024q3:20376""]",2024-10-30T20:14:36Z,2024-10-30T16:35:00Z,2024-10-30T20:14:36Z,SOI acceptance; no earlier exact facility mark verified in EX-99,https://www.sec.gov/Archives/edgar/data/1496099/000149609924000038/nmfcearningspressreleaseq3.htm,verified EX-99 results/NAV metrics; exact period-end date 2024-09-30 found in exhibit,2024-07-31T21:02:57Z,https://www.sec.gov/Archives/edgar/data/1496099/000149609924000032/nmfcearningspressreleaseq2.htm,2024-08-07T20:16:31Z,https://www.sec.gov/Archives/edgar/data/1655888/000119312524195906/d857906dex991.htm,2024-11-06T21:06:55Z,https://www.sec.gov/Archives/edgar/data/1655888/000165588824000023/obdc-20240930.htm,10-Q reportDate exactly equals 2024-09-30,,,,,,
D4R_c7a35a9d412cb38465fea24f,D4C_510f33a4eae2b40af398912b,2024-06-30,2024Q2,pluralsight,ARCC,OCSL,Ares Management,Oaktree Capital Management,cross_manager,"Pluralsight, Inc., First lien senior secured revolving loan",revolver,first_lien,UNKNOWN,UNKNOWN,,,funded,,"[""Pluralsight, Inc., First lien senior secured revolving loan""]",1,2024-07-29T21:10:00Z,https://www.sec.gov/Archives/edgar/data/1287750/000128775024000039/,"[""2024q3:79013""]","Pluralsight, Inc., First lien senior secured revolving loan",revolver,first_lien,UNKNOWN,UNKNOWN,0.08,,funded,,"[""Pluralsight, Inc., First lien senior secured revolving loan""]",1,2024-04-30T21:41:00Z,https://www.sec.gov/Archives/edgar/data/1287750/000128775024000028/,"[""2024q2:76911""]","Pluralsight, LLC, First Lien Revolver",revolver,first_lien,UNKNOWN,UNKNOWN,0.08,,funded,,"[""Pluralsight, LLC, First Lien Revolver""]",1,2024-04-29T18:41:00Z,https://www.sec.gov/Archives/edgar/data/1414932/000141493224000008/,"[""2024q2:20128"",""2024q2:20736""]",2024-07-29T20:56:19Z,2024-07-29T21:10:00Z,2024-07-29T21:10:00Z,SOI acceptance; no earlier exact facility mark verified in EX-99,https://www.sec.gov/Archives/edgar/data/1287750/000128775024000037/arccq2-24exhibit991.htm,verified EX-99 results/NAV metrics; exact period-end date 2024-06-30 found in exhibit,2024-04-30T21:41:00Z,https://www.sec.gov/Archives/edgar/data/1287750/000128775024000026/arccq1-24exhibit991.htm,2024-04-29T22:41:19Z,https://www.sec.gov/Archives/edgar/data/1414932/000141493224000008/ocsl-20240331.htm,2024-08-01T00:22:39Z,https://www.sec.gov/Archives/edgar/data/1414932/000141493224000012/ocsl-20240630.htm,10-Q reportDate exactly equals 2024-06-30,,,,,,
D4R_d23ddea383be2a00ce5ace83,D4C_fd2626873ba1814fc4688875,2024-03-31,2024Q1,pluralsight,OCSL,ARCC,Oaktree Capital Management,Ares Management,cross_manager,"Pluralsight, LLC, First Lien Revolver",revolver,first_lien,UNKNOWN,UNKNOWN,0.08,,funded,,"[""Pluralsight, LLC, First Lien Revolver""]",1,2024-04-29T18:41:00Z,https://www.sec.gov/Archives/edgar/data/1414932/000141493224000008/,"[""2024q2:20128"",""2024q2:20736""]","Pluralsight, LLC, First Lien Revolver",revolver,first_lien,UNKNOWN,UNKNOWN,0.08,,funded,,"[""Pluralsight, LLC, First Lien Revolver""]",1,2024-01-31T17:58:00Z,https://www.sec.gov/Archives/edgar/data/1414932/000141493224000004/,"[""2024q1:18444"",""2024q1:18898""]","Pluralsight, Inc., First lien senior secured revolving loan",revolver,first_lien,UNKNOWN,UNKNOWN,0.08,,funded,,"[""Pluralsight, Inc., First lien senior secured revolving loan""]",1,2024-02-07T06:13:00Z,https://www.sec.gov/Archives/edgar/data/1287750/000128775024000011/,"[""2024q1:65748""]",2024-04-29T22:41:19Z,2024-04-29T18:41:00Z,2024-04-29T22:41:19Z,SOI acceptance; no earlier exact facility mark verified in EX-99,https://www.sec.gov/Archives/edgar/data/1414932/000141493224000008/ocsl-20240331.htm,10-Q reportDate exactly equals 2024-03-31,2024-01-31T22:57:51Z,https://www.sec.gov/Archives/edgar/data/1414932/000141493224000004/ocsl-20231231.htm,2024-02-07T06:13:00Z,https://www.sec.gov/Archives/edgar/data/1287750/000128775024000009/arccq4-23exhibit991.htm,2024-04-30T21:30:34Z,https://www.sec.gov/Archives/edgar/data/1287750/000128775024000026/arccq1-24exhibit991.htm,verified EX-99 results/NAV metrics; exact period-end date 2024-03-31 found in exhibit,,,,,,
D4R_e38b31b606d83404d95f1d81,D4C_b87134d35399076a925362c5,2024-03-31,2024Q1,athenahealth,NMFC,OBDC,New Mountain Capital,Blue Owl Credit,cross_manager,"athenahealth Group Inc., First lien - Funded",other_debt,first_lien,UNKNOWN,UNKNOWN,0.0325,,funded,,"[""athenahealth Group Inc., First lien - Funded""]",1,2024-05-01T17:09:00Z,https://www.sec.gov/Archives/edgar/data/1496099/000149609924000023/,"[""2024q2:19674"",""2024q2:19875""]","athenahealth Group Inc., First lien - Funded",other_debt,first_lien,UNKNOWN,UNKNOWN,0.0325,,funded,,"[""athenahealth Group Inc., First lien - Funded""]",1,2024-02-26T16:48:00Z,https://www.sec.gov/Archives/edgar/data/1496099/000149609924000012/,"[""2024q1:18194""]","Athenahealth Group Inc., First lien senior secured loan",other_debt,first_lien,UNKNOWN,UNKNOWN,0.0325,,funded,,"[""Athenahealth Group Inc., First lien senior secured loan""]",1,2024-02-21T16:56:00Z,https://www.sec.gov/Archives/edgar/data/1655888/000165588824000008/,"[""2024q1:17478""]",2024-05-01T21:02:05Z,2024-05-01T17:09:00Z,2024-05-01T21:02:05Z,SOI acceptance; no earlier exact facility mark verified in EX-99,https://www.sec.gov/Archives/edgar/data/1496099/000149609924000021/nmfcearningspressreleaseq1.htm,verified EX-99 results/NAV metrics; exact period-end date 2024-03-31 found in exhibit,2024-02-26T16:48:00Z,https://www.sec.gov/Archives/edgar/data/1496099/000110465924004666/tm243476d1_ex99-1.htm,2024-02-21T21:56:10Z,https://www.sec.gov/Archives/edgar/data/1655888/000165588824000008/obdc-20231231.htm,2024-05-08T20:11:16Z,https://www.sec.gov/Archives/edgar/data/1655888/000165588824000014/obdc-20240331.htm,10-Q reportDate exactly equals 2024-03-31,,,,,,
D4R_ed23c600624f149c46a880f7,D4C_55dfd2019040460395679faa,2024-06-30,2024Q2,broadcast music,ARCC,OBDC,Ares Management,Blue Owl Credit,cross_manager,"Broadcast Music, Inc., First lien senior secured loan",other_debt,first_lien,UNKNOWN,UNKNOWN,0.0575,,funded,,"[""Broadcast Music, Inc., First lien senior secured loan""]",1,2024-07-29T21:10:00Z,https://www.sec.gov/Archives/edgar/data/1287750/000128775024000039/,"[""2024q3:30609""]","Broadcast Music, Inc., First lien senior secured loan",other_debt,first_lien,UNKNOWN,UNKNOWN,0.0575,,funded,,"[""Broadcast Music, Inc., First lien senior secured loan""]",1,2024-04-30T21:41:00Z,https://www.sec.gov/Archives/edgar/data/1287750/000128775024000028/,"[""2024q2:29482""]","Broadcast Music, Inc., First lien senior secured loan",other_debt,first_lien,UNKNOWN,UNKNOWN,0.0575,,funded,,"[""Broadcast Music, Inc., First lien senior secured loan""]",1,2024-05-08T16:11:00Z,https://www.sec.gov/Archives/edgar/data/1655888/000165588824000014/,"[""2024q2:29484""]",2024-07-29T20:56:19Z,2024-07-29T21:10:00Z,2024-07-29T21:10:00Z,SOI acceptance; no earlier exact facility mark verified in EX-99,https://www.sec.gov/Archives/edgar/data/1287750/000128775024000037/arccq2-24exhibit991.htm,verified EX-99 results/NAV metrics; exact period-end date 2024-06-30 found in exhibit,2024-04-30T21:41:00Z,https://www.sec.gov/Archives/edgar/data/1287750/000128775024000026/arccq1-24exhibit991.htm,2024-05-08T20:11:16Z,https://www.sec.gov/Archives/edgar/data/1655888/000165588824000014/obdc-20240331.htm,2024-08-07T20:16:31Z,https://www.sec.gov/Archives/edgar/data/1655888/000119312524195906/d857906dex991.htm,verified EX-99 results/NAV metrics; exact period-end date 2024-06-30 found in exhibit,,,,,,
D4R_f9ee8a08a03864c69a263b5c,D4C_fd2626873ba1814fc4688875,2024-03-31,2024Q1,pluralsight,OCSL,OBDC,Oaktree Capital Management,Blue Owl Credit,cross_manager,"Pluralsight, LLC, First Lien Revolver",revolver,first_lien,UNKNOWN,UNKNOWN,0.08,,funded,,"[""Pluralsight, LLC, First Lien Revolver""]",1,2024-04-29T18:41:00Z,https://www.sec.gov/Archives/edgar/data/1414932/000141493224000008/,"[""2024q2:20128"",""2024q2:20736""]","Pluralsight, LLC, First Lien Revolver",revolver,first_lien,UNKNOWN,UNKNOWN,0.08,,funded,,"[""Pluralsight, LLC, First Lien Revolver""]",1,2024-01-31T17:58:00Z,https://www.sec.gov/Archives/edgar/data/1414932/000141493224000004/,"[""2024q1:18444"",""2024q1:18898""]","Pluralsight, LLC, First lien senior secured revolving loan",revolver,first_lien,UNKNOWN,UNKNOWN,0.08,,funded,,"[""Pluralsight, LLC, First lien senior secured revolving loan""]",1,2024-02-21T16:56:00Z,https://www.sec.gov/Archives/edgar/data/1655888/000165588824000008/,"[""2024q1:65768""]",2024-04-29T22:41:19Z,2024-04-29T18:41:00Z,2024-04-29T22:41:19Z,SOI acceptance; no earlier exact facility mark verified in EX-99,https://www.sec.gov/Archives/edgar/data/1414932/000141493224000008/ocsl-20240331.htm,10-Q reportDate exactly equals 2024-03-31,2024-01-31T22:57:51Z,https://www.sec.gov/Archives/edgar/data/1414932/000141493224000004/ocsl-20231231.htm,2024-02-21T21:56:10Z,https://www.sec.gov/Archives/edgar/data/1655888/000165588824000008/obdc-20231231.htm,2024-05-08T20:11:16Z,https://www.sec.gov/Archives/edgar/data/1655888/000165588824000014/obdc-20240331.htm,10-Q reportDate exactly equals 2024-03-31,,,,,,
D4R_fc57517b64adfa4c18b260dd,D4C_94269c6f296bd2c364595c64,2025-06-30,2025Q2,baker tilly advisory,NMFC,OBDC,New Mountain Capital,Blue Owl Credit,cross_manager,"Baker Tilly Advisory Group, LP, First lien 1",other_debt,first_lien,UNKNOWN,UNKNOWN,0.0475,,funded,,"[""Baker Tilly Advisory Group, LP, First lien 1""]",1,2025-08-04T16:49:00Z,https://www.sec.gov/Archives/edgar/data/1496099/000149609925000027/,"[""2025q3:33055""]","Baker Tilly Advisory Group, LP, First lien",other_debt,first_lien,UNKNOWN,UNKNOWN,0.0475,,funded,,"[""Baker Tilly Advisory Group, LP, First lien""]",1,2025-05-05T16:21:00Z,https://www.sec.gov/Archives/edgar/data/1496099/000149609925000018/,"[""2025q2:30391""]","Baker Tilly Advisory Group, LP, First lien senior secured loan",other_debt,first_lien,UNKNOWN,UNKNOWN,0.0475,,funded,,"[""Baker Tilly Advisory Group, LP, First lien senior secured loan""]",1,2025-05-07T16:16:00Z,https://www.sec.gov/Archives/edgar/data/1655888/000165588825000012/,"[""2025q2:30387""]",2025-08-04T20:39:28Z,2025-08-04T16:49:00Z,2025-08-04T20:39:28Z,SOI acceptance; no earlier exact facility mark verified in EX-99,https://www.sec.gov/Archives/edgar/data/1496099/000149609925000025/nmfcearningspressreleaseq2.htm,selection and timestamp preserved from verified Day 1/Day 2 reporting_order.csv,2025-05-05T20:16:38Z,https://www.sec.gov/Archives/edgar/data/1496099/000149609925000017/nmfcearningspressreleaseq1.htm,2025-05-07T20:15:44Z,https://www.sec.gov/Archives/edgar/data/1655888/000165588825000012/obdc-20250331.htm,2025-08-06T20:05:51Z,https://www.sec.gov/Archives/edgar/data/1655888/000165588825000020/obdc-20250630.htm,selection and timestamp preserved from verified Day 1/Day 2 reporting_order.csv,,,,,,
D4R_fc6618fb908c370b856b077e,D4C_71631df32270cbca236ef53d,2024-03-31,2024Q1,pluralsight,ARCC,OBDC,Ares Management,Blue Owl Credit,cross_manager,"Pluralsight, Inc., First lien senior secured loan",other_debt,first_lien,UNKNOWN,UNKNOWN,0.08,,funded,,"[""Pluralsight, Inc., First lien senior secured loan""]",1,2024-04-30T21:41:00Z,https://www.sec.gov/Archives/edgar/data/1287750/000128775024000028/,"[""2024q2:76909""]","Pluralsight, Inc., First lien senior secured loan",other_debt,first_lien,UNKNOWN,UNKNOWN,0.08,,funded,,"[""Pluralsight, Inc., First lien senior secured loan""]",1,2024-02-07T06:13:00Z,https://www.sec.gov/Archives/edgar/data/1287750/000128775024000011/,"[""2024q1:65746""]","Pluralsight, LLC, First lien senior secured loan",other_debt,first_lien,UNKNOWN,UNKNOWN,0.08,,funded,,"[""Pluralsight, LLC, First lien senior secured loan""]",1,2024-02-21T16:56:00Z,https://www.sec.gov/Archives/edgar/data/1655888/000165588824000008/,"[""2024q1:65758""]",2024-04-30T21:30:34Z,2024-04-30T21:41:00Z,2024-04-30T21:41:00Z,SOI acceptance; no earlier exact facility mark verified in EX-99,https://www.sec.gov/Archives/edgar/data/1287750/000128775024000026/arccq1-24exhibit991.htm,verified EX-99 results/NAV metrics; exact period-end date 2024-03-31 found in exhibit,2024-02-07T06:13:00Z,https://www.sec.gov/Archives/edgar/data/1287750/000128775024000009/arccq4-23exhibit991.htm,2024-02-21T21:56:10Z,https://www.sec.gov/Archives/edgar/data/1655888/000165588824000008/obdc-20231231.htm,2024-05-08T20:11:16Z,https://www.sec.gov/Archives/edgar/data/1655888/000165588824000014/obdc-20240331.htm,10-Q reportDate exactly equals 2024-03-31,,,,,,
