ticker,cik,quarter,period_end,first_results_timestamp_utc,first_results_timestamp_et,market_session,event_type,accession,source_url,verification_status,exclusion_reason
MAIN,1396440,2025Q1,2025-03-31,2025-04-16T16:35:16.000Z,2025-04-16T12:35:16-04:00,market-hours,8-K_EX-99_RESULTS,0001396440-25-000045,https://www.sec.gov/Archives/edgar/data/1396440/000139644025000045/main-q12025xprexerxexx991.htm,verified_exhibit_content,0001396440-25-000042: Item 2.02 exhibit lacks verified quarterly results/NAV metrics
ARCC,1287750,2025Q1,2025-03-31,2025-04-28T21:50:25.000Z,2025-04-28T17:50:25-04:00,after-market,10-Q,0001287750-25-000020,https://www.sec.gov/Archives/edgar/data/1287750/000128775025000020/arcc-20250331.htm,verified_filing_fallback,0001287750-25-000018: dividend/distribution announcement without results or NAV
TSLX,1508655,2025Q1,2025-03-31,2025-04-30T20:01:57.000Z,2025-04-30T16:01:57-04:00,after-market,10-Q,0000950170-25-061008,https://www.sec.gov/Archives/edgar/data/1508655/000095017025061008/tslx-20250331.htm,verified_filing_fallback,
OCSL,1414932,2025Q1,2025-03-31,2025-04-30T21:41:41.000Z,2025-04-30T17:41:41-04:00,after-market,10-Q,0001414932-25-000010,https://www.sec.gov/Archives/edgar/data/1414932/000141493225000010/ocsl-20250331.htm,verified_filing_fallback,
HTGC,1280784,2025Q1,2025-03-31,2025-05-01T20:16:15.000Z,2025-05-01T16:16:15-04:00,after-market,10-Q,0001280784-25-000022,https://www.sec.gov/Archives/edgar/data/1280784/000128078425000022/htgc-20250331.htm,verified_filing_fallback,
GBDC,1476765,2025Q1,2025-03-31,2025-05-05T20:07:27.000Z,2025-05-05T16:07:27-04:00,after-market,8-K_EX-99_RESULTS,0001476765-25-000037,https://www.sec.gov/Archives/edgar/data/1476765/000147676525000037/gbdcfy2025q2earningsprxex.htm,verified_exhibit_content,0001476765-25-000026: scheduling announcement; future results date only
NMFC,1496099,2025Q1,2025-03-31,2025-05-05T20:16:38.000Z,2025-05-05T16:16:38-04:00,after-market,8-K_EX-99_RESULTS,0001496099-25-000017,https://www.sec.gov/Archives/edgar/data/1496099/000149609925000017/nmfcearningspressreleaseq1.htm,verified_exhibit_content,
CGBD,1544206,2025Q1,2025-03-31,2025-05-06T20:21:50.000Z,2025-05-06T16:21:50-04:00,after-market,8-K_EX-99_RESULTS,0001544206-25-000046,https://www.sec.gov/Archives/edgar/data/1544206/000154420625000046/cgbd_2025331xxex991earning.htm,verified_exhibit_content,
BXSL,1736035,2025Q1,2025-03-31,2025-05-07T10:02:08.000Z,2025-05-07T06:02:08-04:00,pre-market,10-Q,0001736035-25-000013,https://www.sec.gov/Archives/edgar/data/1736035/000173603525000013/bxsl-20250331.htm,verified_filing_fallback,0001213900-25-040378: Item 2.02 exhibit lacks verified quarterly results/NAV metrics
OBDC,1655888,2025Q1,2025-03-31,2025-05-07T20:15:44.000Z,2025-05-07T16:15:44-04:00,after-market,10-Q,0001655888-25-000012,https://www.sec.gov/Archives/edgar/data/1655888/000165588825000012/obdc-20250331.htm,verified_filing_fallback,0001193125-25-072406: scheduling announcement; future results date only
FSK,1422183,2025Q1,2025-03-31,2025-05-07T20:28:15.000Z,2025-05-07T16:28:15-04:00,after-market,10-Q,0001628280-25-023202,https://www.sec.gov/Archives/edgar/data/1422183/000162828025023202/fsk-20250331.htm,verified_filing_fallback,0001104659-25-033778: Item 2.02 exhibit lacks verified quarterly results/NAV metrics
BBDC,1379785,2025Q1,2025-03-31,2025-05-08T20:15:23.000Z,2025-05-08T16:15:23-04:00,after-market,8-K_EX-99_RESULTS,0001379785-25-000026,https://www.sec.gov/Archives/edgar/data/1379785/000137978525000026/exhibit99120250508earnings.htm,verified_exhibit_content,
PSEC,1287032,2025Q1,2025-03-31,2025-05-08T20:19:42.000Z,2025-05-08T16:19:42-04:00,after-market,10-Q,0001287032-25-000115,https://www.sec.gov/Archives/edgar/data/1287032/000128703225000115/psec-20250331.htm,verified_filing_fallback,
GSBD,1572694,2025Q1,2025-03-31,2025-05-08T20:38:08.000Z,2025-05-08T16:38:08-04:00,after-market,10-Q,0000950170-25-067098,https://www.sec.gov/Archives/edgar/data/1572694/000095017025067098/gsbd-20250331.htm,verified_filing_fallback,
OCIC,1812554,2025Q1,2025-03-31,2025-05-08T20:57:45.000Z,2025-05-08T16:57:45-04:00,after-market,10-Q,0001812554-25-000030,https://www.sec.gov/Archives/edgar/data/1812554/000181255425000030/orcic-20250331.htm,verified_filing_fallback,
MFIC,1278752,2025Q1,2025-03-31,2025-05-12T20:03:10.000Z,2025-05-12T16:03:10-04:00,after-market,10-Q,0000950170-25-069131,https://www.sec.gov/Archives/edgar/data/1278752/000095017025069131/mfic-20250331.htm,verified_filing_fallback,
BCRED,1803498,2025Q1,2025-03-31,2025-05-12T21:13:49.000Z,2025-05-12T17:13:49-04:00,after-market,10-Q,0001803498-25-000038,https://www.sec.gov/Archives/edgar/data/1803498/000180349825000038/bcred-20250331.htm,verified_filing_fallback,
ASIF,1918712,2025Q1,2025-03-31,2025-05-14T20:19:28.000Z,2025-05-14T16:19:28-04:00,after-market,10-Q,0001918712-25-000030,https://www.sec.gov/Archives/edgar/data/1918712/000191871225000030/asif-20250331.htm,verified_filing_fallback,
HPS,1838126,2025Q1,2025-03-31,2025-05-15T00:49:18.000Z,2025-05-14T20:49:18-04:00,after-market,10-Q,0001838126-25-000031,https://www.sec.gov/Archives/edgar/data/1838126/000183812625000031/hps-20250331.htm,verified_filing_fallback,
MAIN,1396440,2025Q2,2025-06-30,2025-07-17T14:11:40.000Z,2025-07-17T10:11:40-04:00,market-hours,8-K_EX-99_RESULTS,0001396440-25-000092,https://www.sec.gov/Archives/edgar/data/1396440/000139644025000092/main-q22025xprexerxexx991.htm,verified_exhibit_content,0001396440-25-000090: Item 2.02 exhibit lacks verified quarterly results/NAV metrics
ARCC,1287750,2025Q2,2025-06-30,2025-07-28T21:11:20.000Z,2025-07-28T17:11:20-04:00,after-market,8-K_EX-99_RESULTS,0001287750-25-000036,https://www.sec.gov/Archives/edgar/data/1287750/000128775025000036/arccq2-2025exhibit991.htm,verified_exhibit_content,
TSLX,1508655,2025Q2,2025-06-30,2025-07-30T20:01:53.000Z,2025-07-30T16:01:53-04:00,after-market,10-Q,0000950170-25-100204,https://www.sec.gov/Archives/edgar/data/1508655/000095017025100204/tslx-20250630.htm,verified_filing_fallback,
HTGC,1280784,2025Q2,2025-06-30,2025-07-31T20:17:31.000Z,2025-07-31T16:17:31-04:00,after-market,10-Q,0001280784-25-000032,https://www.sec.gov/Archives/edgar/data/1280784/000128078425000032/htgc-20250630.htm,verified_filing_fallback,
GBDC,1476765,2025Q2,2025-06-30,2025-08-04T20:02:24.000Z,2025-08-04T16:02:24-04:00,after-market,8-K_EX-99_RESULTS,0001476765-25-000074,https://www.sec.gov/Archives/edgar/data/1476765/000147676525000074/gbdcfy2025q3earningsprxex.htm,verified_exhibit_content,0001476765-25-000066: scheduling announcement; future results date only
NMFC,1496099,2025Q2,2025-06-30,2025-08-04T20:39:28.000Z,2025-08-04T16:39:28-04:00,after-market,8-K_EX-99_RESULTS,0001496099-25-000025,https://www.sec.gov/Archives/edgar/data/1496099/000149609925000025/nmfcearningspressreleaseq2.htm,verified_exhibit_content,
OCSL,1414932,2025Q2,2025-06-30,2025-08-04T21:51:02.000Z,2025-08-04T17:51:02-04:00,after-market,10-Q,0001414932-25-000016,https://www.sec.gov/Archives/edgar/data/1414932/000141493225000016/ocsl-20250630.htm,verified_filing_fallback,
CGBD,1544206,2025Q2,2025-06-30,2025-08-05T20:00:22.000Z,2025-08-05T16:00:22-04:00,after-market,8-K_EX-99_RESULTS,0001544206-25-000065,https://www.sec.gov/Archives/edgar/data/1544206/000154420625000065/cgbd_2025630xxex991earning.htm,verified_exhibit_content,
BXSL,1736035,2025Q2,2025-06-30,2025-08-06T10:09:52.000Z,2025-08-06T06:09:52-04:00,pre-market,10-Q,0001736035-25-000018,https://www.sec.gov/Archives/edgar/data/1736035/000173603525000018/bxsl-20250630.htm,verified_filing_fallback,
OBDC,1655888,2025Q2,2025-06-30,2025-08-06T20:05:51.000Z,2025-08-06T16:05:51-04:00,after-market,10-Q,0001655888-25-000020,https://www.sec.gov/Archives/edgar/data/1655888/000165588825000020/obdc-20250630.htm,verified_filing_fallback,0001193125-25-153464: scheduling announcement; future results date only
FSK,1422183,2025Q2,2025-06-30,2025-08-06T20:29:09.000Z,2025-08-06T16:29:09-04:00,after-market,10-Q,0001628280-25-038368,https://www.sec.gov/Archives/edgar/data/1422183/000162828025038368/fsk-20250630.htm,verified_filing_fallback,0001104659-25-067008: Item 2.02 exhibit lacks verified quarterly results/NAV metrics
OCIC,1812554,2025Q2,2025-06-30,2025-08-07T20:11:51.000Z,2025-08-07T16:11:51-04:00,after-market,10-Q,0001812554-25-000052,https://www.sec.gov/Archives/edgar/data/1812554/000181255425000052/orcic-20250630.htm,verified_filing_fallback,
BBDC,1379785,2025Q2,2025-06-30,2025-08-07T20:18:01.000Z,2025-08-07T16:18:01-04:00,after-market,8-K_EX-99_RESULTS,0001379785-25-000034,https://www.sec.gov/Archives/edgar/data/1379785/000137978525000034/exhibit99120250807earnings.htm,verified_exhibit_content,
GSBD,1572694,2025Q2,2025-06-30,2025-08-07T20:40:28.000Z,2025-08-07T16:40:28-04:00,after-market,10-Q,0000950170-25-105134,https://www.sec.gov/Archives/edgar/data/1572694/000095017025105134/gsbd-20250630.htm,verified_filing_fallback,
ASIF,1918712,2025Q2,2025-06-30,2025-08-08T20:13:45.000Z,2025-08-08T16:13:45-04:00,after-market,10-Q,0001918712-25-000065,https://www.sec.gov/Archives/edgar/data/1918712/000191871225000065/asif-20250630.htm,verified_filing_fallback,
MFIC,1278752,2025Q2,2025-06-30,2025-08-11T20:04:04.000Z,2025-08-11T16:04:04-04:00,after-market,10-Q,0000950170-25-106526,https://www.sec.gov/Archives/edgar/data/1278752/000095017025106526/mfic-20250630.htm,verified_filing_fallback,
BCRED,1803498,2025Q2,2025-06-30,2025-08-12T20:30:23.000Z,2025-08-12T16:30:23-04:00,after-market,10-Q,0001803498-25-000062,https://www.sec.gov/Archives/edgar/data/1803498/000180349825000062/bcred-20250630.htm,verified_filing_fallback,
HPS,1838126,2025Q2,2025-06-30,2025-08-13T21:03:05.000Z,2025-08-13T17:03:05-04:00,after-market,10-Q,0001838126-25-000055,https://www.sec.gov/Archives/edgar/data/1838126/000183812625000055/hps-20250630.htm,verified_filing_fallback,
PSEC,1287032,2025Q2,2025-06-30,2025-08-26T21:25:29.000Z,2025-08-26T17:25:29-04:00,after-market,10-K,0001287032-25-000232,https://www.sec.gov/Archives/edgar/data/1287032/000128703225000232/psec-20250630.htm,verified_filing_fallback,
MAIN,1396440,2025Q3,2025-09-30,2025-10-14T13:39:18.000Z,2025-10-14T09:39:18-04:00,market-hours,8-K_EX-99_RESULTS,0001396440-25-000167,https://www.sec.gov/Archives/edgar/data/1396440/000139644025000167/main-q32025xprexerxexx991.htm,verified_exhibit_content,0001396440-25-000165: Item 2.02 exhibit lacks verified quarterly results/NAV metrics
ARCC,1287750,2025Q3,2025-09-30,2025-10-27T20:29:59.000Z,2025-10-27T16:29:59-04:00,after-market,8-K_EX-99_RESULTS,0001287750-25-000044,https://www.sec.gov/Archives/edgar/data/1287750/000128775025000044/arccq3-2025exhibit991.htm,verified_exhibit_content,
HTGC,1280784,2025Q3,2025-09-30,2025-10-30T20:17:32.000Z,2025-10-30T16:17:32-04:00,after-market,10-Q,0001280784-25-000041,https://www.sec.gov/Archives/edgar/data/1280784/000128078425000041/htgc-20250930.htm,verified_filing_fallback,
NMFC,1496099,2025Q3,2025-09-30,2025-11-03T21:39:20.000Z,2025-11-03T16:39:20-05:00,after-market,8-K_EX-99_RESULTS,0001496099-25-000034,https://www.sec.gov/Archives/edgar/data/1496099/000149609925000034/nmfcearningspressreleaseq3.htm,verified_exhibit_content,
CGBD,1544206,2025Q3,2025-09-30,2025-11-04T21:02:18.000Z,2025-11-04T16:02:18-05:00,after-market,10-Q,0001544206-25-000077,https://www.sec.gov/Archives/edgar/data/1544206/000154420625000077/csl-20250930.htm,verified_filing_fallback,
TSLX,1508655,2025Q3,2025-09-30,2025-11-04T21:02:36.000Z,2025-11-04T16:02:36-05:00,after-market,10-Q,0001193125-25-264618,https://www.sec.gov/Archives/edgar/data/1508655/000119312525264618/tslx-20250930.htm,verified_filing_fallback,
FSK,1422183,2025Q3,2025-09-30,2025-11-05T21:22:01.000Z,2025-11-05T16:22:01-05:00,after-market,8-K_EX-99_RESULTS,0001104659-25-107029,https://www.sec.gov/Archives/edgar/data/1422183/000110465925107029/tm2530215d1_ex99-1.htm,verified_exhibit_content,0001104659-25-097997: Item 2.02 exhibit lacks verified quarterly results/NAV metrics
OBDC,1655888,2025Q3,2025-09-30,2025-11-05T21:36:07.000Z,2025-11-05T16:36:07-05:00,after-market,10-Q,0001655888-25-000024,https://www.sec.gov/Archives/edgar/data/1655888/000165588825000024/obdc-20250930.htm,verified_filing_fallback,0001193125-25-225925: scheduling announcement; future results date only
OCIC,1812554,2025Q3,2025-09-30,2025-11-06T21:04:34.000Z,2025-11-06T16:04:34-05:00,after-market,10-Q,0001812554-25-000081,https://www.sec.gov/Archives/edgar/data/1812554/000181255425000081/orcic-20250930.htm,verified_filing_fallback,
MFIC,1278752,2025Q3,2025-09-30,2025-11-06T21:12:39.000Z,2025-11-06T16:12:39-05:00,after-market,10-Q,0001193125-25-269512,https://www.sec.gov/Archives/edgar/data/1278752/000119312525269512/mfic-20250930.htm,verified_filing_fallback,
PSEC,1287032,2025Q3,2025-09-30,2025-11-06T21:18:21.000Z,2025-11-06T16:18:21-05:00,after-market,10-Q,0001287032-25-000339,https://www.sec.gov/Archives/edgar/data/1287032/000128703225000339/psec-20250930.htm,verified_filing_fallback,
BBDC,1379785,2025Q3,2025-09-30,2025-11-06T21:18:29.000Z,2025-11-06T16:18:29-05:00,after-market,8-K_EX-99_RESULTS,0001379785-25-000051,https://www.sec.gov/Archives/edgar/data/1379785/000137978525000051/exhibit99120251106earnings.htm,verified_exhibit_content,
GSBD,1572694,2025Q3,2025-09-30,2025-11-06T21:47:26.000Z,2025-11-06T16:47:26-05:00,after-market,10-Q,0001193125-25-269840,https://www.sec.gov/Archives/edgar/data/1572694/000119312525269840/gsbd-20250930.htm,verified_filing_fallback,
BXSL,1736035,2025Q3,2025-09-30,2025-11-10T11:10:01.000Z,2025-11-10T06:10:01-05:00,pre-market,10-Q,0001736035-25-000021,https://www.sec.gov/Archives/edgar/data/1736035/000173603525000021/bxsl-20250930.htm,verified_filing_fallback,
BCRED,1803498,2025Q3,2025-09-30,2025-11-13T21:37:02.000Z,2025-11-13T16:37:02-05:00,after-market,10-Q,0001803498-25-000081,https://www.sec.gov/Archives/edgar/data/1803498/000180349825000081/bcred-20250930.htm,verified_filing_fallback,
HPS,1838126,2025Q3,2025-09-30,2025-11-14T18:58:29.000Z,2025-11-14T13:58:29-05:00,market-hours,10-Q,0001838126-25-000073,https://www.sec.gov/Archives/edgar/data/1838126/000183812625000073/hps-20250930.htm,verified_filing_fallback,
ASIF,1918712,2025Q3,2025-09-30,2025-11-14T21:21:34.000Z,2025-11-14T16:21:34-05:00,after-market,10-Q,0001918712-25-000092,https://www.sec.gov/Archives/edgar/data/1918712/000191871225000092/asif-20250930.htm,verified_filing_fallback,
OCSL,1414932,2025Q3,2025-09-30,2025-11-17T23:00:27.000Z,2025-11-17T18:00:27-05:00,after-market,10-K,0001414932-25-000022,https://www.sec.gov/Archives/edgar/data/1414932/000141493225000022/ocsl-20250930.htm,verified_filing_fallback,
GBDC,1476765,2025Q3,2025-09-30,2025-11-18T21:04:03.000Z,2025-11-18T16:04:03-05:00,after-market,8-K_EX-99_RESULTS,0001476765-25-000094,https://www.sec.gov/Archives/edgar/data/1476765/000147676525000094/gbdcfy202510-kearningsprxex.htm,verified_exhibit_content,0001476765-25-000080: scheduling announcement; future results date only
MAIN,1396440,2025Q4,2025-12-31,2026-01-15T15:34:23.000Z,2026-01-15T10:34:23-05:00,market-hours,8-K_EX-99_RESULTS,0001396440-26-000005,https://www.sec.gov/Archives/edgar/data/1396440/000139644026000005/main-q42025xprexerxexx991.htm,verified_exhibit_content,0001396440-26-000003: Item 2.02 exhibit lacks verified quarterly results/NAV metrics
OCSL,1414932,2025Q4,2025-12-31,2026-02-03T23:50:51.000Z,2026-02-03T18:50:51-05:00,after-market,10-Q,0001414932-26-000005,https://www.sec.gov/Archives/edgar/data/1414932/000141493226000005/ocsl-20251231.htm,verified_filing_fallback,
ARCC,1287750,2025Q4,2025-12-31,2026-02-04T06:04:52.000Z,2026-02-04T01:04:52-05:00,pre-market,8-K_EX-99_RESULTS,0001287750-26-000004,https://www.sec.gov/Archives/edgar/data/1287750/000128775026000004/arccq4-2025exhibit991.htm,verified_exhibit_content,
GBDC,1476765,2025Q4,2025-12-31,2026-02-04T21:01:08.000Z,2026-02-04T16:01:08-05:00,after-market,8-K_EX-99_RESULTS,0001476765-26-000010,https://www.sec.gov/Archives/edgar/data/1476765/000147676526000010/gbdcfy2026q1earningsprxex.htm,verified_exhibit_content,0001476765-26-000003: scheduling announcement; future results date only
PSEC,1287032,2025Q4,2025-12-31,2026-02-09T21:06:34.000Z,2026-02-09T16:06:34-05:00,after-market,10-Q,0001287032-26-000045,https://www.sec.gov/Archives/edgar/data/1287032/000128703226000045/psec-20251231.htm,verified_filing_fallback,
TSLX,1508655,2025Q4,2025-12-31,2026-02-12T21:02:45.000Z,2026-02-12T16:02:45-05:00,after-market,10-K,0001193125-26-048664,https://www.sec.gov/Archives/edgar/data/1508655/000119312526048664/tslx-20251231.htm,verified_filing_fallback,
HTGC,1280784,2025Q4,2025-12-31,2026-02-12T21:17:15.000Z,2026-02-12T16:17:15-05:00,after-market,10-K,0001280784-26-000009,https://www.sec.gov/Archives/edgar/data/1280784/000128078426000009/htgc-20251231.htm,verified_filing_fallback,0001193125-26-034539: Item 2.02 filing has no EX-99 results/NAV exhibit
OBDC,1655888,2025Q4,2025-12-31,2026-02-18T21:10:08.000Z,2026-02-18T16:10:08-05:00,after-market,8-K_EX-99_RESULTS,0001655888-26-000009,https://www.sec.gov/Archives/edgar/data/1655888/000165588826000009/exhibit991-obdcxpressrelea.htm,verified_exhibit_content,0001193125-26-005489: scheduling announcement; future results date only
BBDC,1379785,2025Q4,2025-12-31,2026-02-19T21:15:15.000Z,2026-02-19T16:15:15-05:00,after-market,8-K_EX-99_RESULTS,0001379785-26-000008,https://www.sec.gov/Archives/edgar/data/1379785/000137978526000008/exhibit99120260219earnings.htm,verified_exhibit_content,
CGBD,1544206,2025Q4,2025-12-31,2026-02-24T21:00:55.000Z,2026-02-24T16:00:55-05:00,after-market,8-K_EX-99_RESULTS,0001544206-26-000012,https://www.sec.gov/Archives/edgar/data/1544206/000154420626000012/cgbd_20251231xxex991earnin.htm,verified_exhibit_content,
NMFC,1496099,2025Q4,2025-12-31,2026-02-24T21:28:40.000Z,2026-02-24T16:28:40-05:00,after-market,8-K_EX-99_RESULTS,0001496099-26-000007,https://www.sec.gov/Archives/edgar/data/1496099/000149609926000007/nmfcearningspressreleaseq4.htm,verified_exhibit_content,
BXSL,1736035,2025Q4,2025-12-31,2026-02-25T11:07:25.000Z,2026-02-25T06:07:25-05:00,pre-market,10-K,0001736035-26-000004,https://www.sec.gov/Archives/edgar/data/1736035/000173603526000004/bxsl-20251231.htm,verified_filing_fallback,
FSK,1422183,2025Q4,2025-12-31,2026-02-25T21:32:09.000Z,2026-02-25T16:32:09-05:00,after-market,8-K_EX-99_RESULTS,0001104659-26-019719,https://www.sec.gov/Archives/edgar/data/1422183/000110465926019719/tm267104d1_ex99-1.htm,verified_exhibit_content,0001104659-26-005404: Item 2.02 exhibit lacks verified quarterly results/NAV metrics
MFIC,1278752,2025Q4,2025-12-31,2026-02-26T21:03:32.000Z,2026-02-26T16:03:32-05:00,after-market,10-K,0001193125-26-076499,https://www.sec.gov/Archives/edgar/data/1278752/000119312526076499/mfic-20251231.htm,verified_filing_fallback,
GSBD,1572694,2025Q4,2025-12-31,2026-02-26T22:30:05.000Z,2026-02-26T17:30:05-05:00,after-market,10-K,0001193125-26-077458,https://www.sec.gov/Archives/edgar/data/1572694/000119312526077458/gsbd-20251231.htm,verified_filing_fallback,
OCIC,1812554,2025Q4,2025-12-31,2026-03-03T21:05:50.000Z,2026-03-03T16:05:50-05:00,after-market,10-K,0001812554-26-000011,https://www.sec.gov/Archives/edgar/data/1812554/000181255426000011/orcic-20251231.htm,verified_filing_fallback,
ASIF,1918712,2025Q4,2025-12-31,2026-03-09T20:57:50.000Z,2026-03-09T16:57:50-04:00,after-market,10-K,0001918712-26-000018,https://www.sec.gov/Archives/edgar/data/1918712/000191871226000018/asif-20251231.htm,verified_filing_fallback,
BCRED,1803498,2025Q4,2025-12-31,2026-03-13T20:23:09.000Z,2026-03-13T16:23:09-04:00,after-market,10-K,0001803498-26-000014,https://www.sec.gov/Archives/edgar/data/1803498/000180349826000014/bcred-20251231.htm,verified_filing_fallback,
HPS,1838126,2025Q4,2025-12-31,2026-03-20T20:38:57.000Z,2026-03-20T16:38:57-04:00,after-market,10-K,0001628280-26-020206,https://www.sec.gov/Archives/edgar/data/1838126/000162828026020206/hps-20251231.htm,verified_filing_fallback,
MAIN,1396440,2026Q1,2026-03-31,2026-04-16T13:33:38.000Z,2026-04-16T09:33:38-04:00,market-hours,8-K_EX-99_RESULTS,0001396440-26-000058,https://www.sec.gov/Archives/edgar/data/1396440/000139644026000058/main-q12026xprexerxexx991.htm,verified_exhibit_content,0001396440-26-000051: Item 2.02 exhibit lacks verified quarterly results/NAV metrics
ARCC,1287750,2026Q1,2026-03-31,2026-04-27T20:37:26.000Z,2026-04-27T16:37:26-04:00,after-market,8-K_EX-99_RESULTS,0001628280-26-027685,https://www.sec.gov/Archives/edgar/data/1287750/000162828026027685/arccq1-2026exhibit991.htm,verified_exhibit_content,
GBDC,1476765,2026Q1,2026-03-31,2026-05-04T20:05:05.000Z,2026-05-04T16:05:05-04:00,after-market,8-K_EX-99_RESULTS,0001476765-26-000029,https://www.sec.gov/Archives/edgar/data/1476765/000147676526000029/gbdcfy2026q2earningsprxex.htm,verified_exhibit_content,0001476765-26-000016: scheduling announcement; future results date only
NMFC,1496099,2026Q1,2026-03-31,2026-05-04T20:23:00.000Z,2026-05-04T16:23:00-04:00,after-market,8-K_EX-99_RESULTS,0001496099-26-000014,https://www.sec.gov/Archives/edgar/data/1496099/000149609926000014/nmfcearningspressreleaseq1.htm,verified_exhibit_content,
OCSL,1414932,2026Q1,2026-03-31,2026-05-04T22:21:00.000Z,2026-05-04T18:21:00-04:00,after-market,10-Q,0001414932-26-000012,https://www.sec.gov/Archives/edgar/data/1414932/000141493226000012/ocsl-20260331.htm,verified_filing_fallback,
TSLX,1508655,2026Q1,2026-03-31,2026-05-05T20:02:33.000Z,2026-05-05T16:02:33-04:00,after-market,10-Q,0001193125-26-206313,https://www.sec.gov/Archives/edgar/data/1508655/000119312526206313/tslx-20260331.htm,verified_filing_fallback,
HTGC,1280784,2026Q1,2026-03-31,2026-05-05T20:17:04.000Z,2026-05-05T16:17:04-04:00,after-market,10-Q,0001280784-26-000027,https://www.sec.gov/Archives/edgar/data/1280784/000128078426000027/htgc-20260331.htm,verified_filing_fallback,
MFIC,1278752,2026Q1,2026-03-31,2026-05-06T20:09:03.000Z,2026-05-06T16:09:03-04:00,after-market,10-Q,0001193125-26-208941,https://www.sec.gov/Archives/edgar/data/1278752/000119312526208941/mfic-20260331.htm,verified_filing_fallback,
OBDC,1655888,2026Q1,2026-03-31,2026-05-06T20:09:19.000Z,2026-05-06T16:09:19-04:00,after-market,10-Q,0001655888-26-000033,https://www.sec.gov/Archives/edgar/data/1655888/000165588826000033/obdc-20260331.htm,verified_filing_fallback,0001193125-26-137925: scheduling announcement; future results date only
BXSL,1736035,2026Q1,2026-03-31,2026-05-07T10:13:37.000Z,2026-05-07T06:13:37-04:00,pre-market,10-Q,0001736035-26-000010,https://www.sec.gov/Archives/edgar/data/1736035/000173603526000010/bxsl-20260331.htm,verified_filing_fallback,
BBDC,1379785,2026Q1,2026-03-31,2026-05-07T20:17:14.000Z,2026-05-07T16:17:14-04:00,after-market,8-K_EX-99_RESULTS,0001379785-26-000021,https://www.sec.gov/Archives/edgar/data/1379785/000137978526000021/exhibit99120260507earnings.htm,verified_exhibit_content,
PSEC,1287032,2026Q1,2026-03-31,2026-05-07T20:45:13.000Z,2026-05-07T16:45:13-04:00,after-market,10-Q,0001287032-26-000164,https://www.sec.gov/Archives/edgar/data/1287032/000128703226000164/psec-20260331.htm,verified_filing_fallback,
GSBD,1572694,2026Q1,2026-03-31,2026-05-07T21:19:04.000Z,2026-05-07T17:19:04-04:00,after-market,10-Q,0001193125-26-212431,https://www.sec.gov/Archives/edgar/data/1572694/000119312526212431/gsbd-20260331.htm,verified_filing_fallback,
CGBD,1544206,2026Q1,2026-03-31,2026-05-11T10:01:15.000Z,2026-05-11T06:01:15-04:00,pre-market,8-K_EX-99_RESULTS,0001544206-26-000032,https://www.sec.gov/Archives/edgar/data/1544206/000154420626000032/cgbd_2026331xxex991earning.htm,verified_exhibit_content,
FSK,1422183,2026Q1,2026-03-31,2026-05-11T10:59:03.000Z,2026-05-11T06:59:03-04:00,pre-market,8-K_EX-99_RESULTS,0001104659-26-058250,https://www.sec.gov/Archives/edgar/data/1422183/000110465926058250/tm2614112d1_ex99-1.htm,verified_exhibit_content,0001104659-26-041534: Item 2.02 exhibit lacks verified quarterly results/NAV metrics
HPS,1838126,2026Q1,2026-03-31,2026-05-11T16:57:40.000Z,2026-05-11T12:57:40-04:00,market-hours,10-Q,0001628280-26-033248,https://www.sec.gov/Archives/edgar/data/1838126/000162828026033248/hps-20260331.htm,verified_filing_fallback,
OCIC,1812554,2026Q1,2026-03-31,2026-05-11T21:04:26.000Z,2026-05-11T17:04:26-04:00,after-market,10-Q,0001812554-26-000027,https://www.sec.gov/Archives/edgar/data/1812554/000181255426000027/orcic-20260331.htm,verified_filing_fallback,
ASIF,1918712,2026Q1,2026-03-31,2026-05-12T20:24:49.000Z,2026-05-12T16:24:49-04:00,after-market,10-Q,0001628280-26-034133,https://www.sec.gov/Archives/edgar/data/1918712/000162828026034133/asif-20260331.htm,verified_filing_fallback,
BCRED,1803498,2026Q1,2026-03-31,2026-05-14T20:14:02.000Z,2026-05-14T16:14:02-04:00,after-market,10-Q,0001803498-26-000031,https://www.sec.gov/Archives/edgar/data/1803498/000180349826000031/bcred-20260331.htm,verified_filing_fallback,
MAIN,1396440,2026Q2,2026-06-30,2026-07-16T13:15:53.000Z,2026-07-16T09:15:53-04:00,pre-market,8-K_EX-99_RESULTS,0001396440-26-000086,https://www.sec.gov/Archives/edgar/data/1396440/000139644026000086/main-q22026xprexerxexx991.htm,verified_exhibit_content,0001396440-26-000084: Item 2.02 exhibit lacks verified quarterly results/NAV metrics
ARCC,1287750,2026Q2,2026-06-30,2026-07-28T20:33:42.000Z,2026-07-28T16:33:42-04:00,after-market,8-K_EX-99_RESULTS,0001628280-26-050303,https://www.sec.gov/Archives/edgar/data/1287750/000162828026050303/arccq2-2026exhibit991.htm,verified_exhibit_content,
HTGC,1280784,2026Q2,2026-06-30,2026-07-30T20:17:08.000Z,2026-07-30T16:17:08-04:00,after-market,10-Q,0001280784-26-000042,https://www.sec.gov/Archives/edgar/data/1280784/000128078426000042/htgc-20260630.htm,verified_filing_fallback,0001280784-26-000032: Item 2.02 filing has no EX-99 results/NAV exhibit
GBDC,1476765,2026Q2,2026-06-30,2026-08-03T20:03:45.000Z,2026-08-03T16:03:45-04:00,after-market,8-K_EX-99_RESULTS,0001476765-26-000045,https://www.sec.gov/Archives/edgar/data/1476765/000147676526000045/gbdcfy2026q3earningsprxex.htm,verified_exhibit_content,0001476765-26-000036: scheduling announcement; future results date only
NMFC,1496099,2026Q2,2026-06-30,2026-08-03T20:17:34.000Z,2026-08-03T16:17:34-04:00,after-market,8-K_EX-99_RESULTS,0001496099-26-000027,https://www.sec.gov/Archives/edgar/data/1496099/000149609926000027/nmfcearningspressreleaseq2.htm,verified_exhibit_content,
TSLX,1508655,2026Q2,2026-06-30,2026-08-04T20:02:32.000Z,2026-08-04T16:02:32-04:00,after-market,10-Q,0001193125-26-332725,https://www.sec.gov/Archives/edgar/data/1508655/000119312526332725/tslx-20260630.htm,verified_filing_fallback,
OCSL,1414932,2026Q2,2026-06-30,2026-08-04T21:55:00.000Z,2026-08-04T17:55:00-04:00,after-market,10-Q,0001414932-26-000017,https://www.sec.gov/Archives/edgar/data/1414932/000141493226000017/ocsl-20260630.htm,verified_filing_fallback,
BBDC,1379785,2026Q2,2026-06-30,2026-08-05T20:15:57.000Z,2026-08-05T16:15:57-04:00,after-market,8-K_EX-99_RESULTS,0001379785-26-000031,https://www.sec.gov/Archives/edgar/data/1379785/000137978526000031/exhibit99120260805earnings.htm,verified_exhibit_content,
OBDC,1655888,2026Q2,2026-06-30,2026-08-05T20:23:21.000Z,2026-08-05T16:23:21-04:00,after-market,8-K_EX-99_RESULTS,0001655888-26-000055,https://www.sec.gov/Archives/edgar/data/1655888/000165588826000055/exhibit991-obdcxpressrelea.htm,verified_exhibit_content,0001193125-26-291625: scheduling announcement; future results date only
MFIC,1278752,2026Q2,2026-06-30,2026-08-05T23:24:54.000Z,2026-08-05T19:24:54-04:00,after-market,10-Q,0001193125-26-335848,https://www.sec.gov/Archives/edgar/data/1278752/000119312526335848/mfic-20260630.htm,verified_filing_fallback,
BXSL,1736035,2026Q2,2026-06-30,2026-08-06T10:13:39.000Z,2026-08-06T06:13:39-04:00,pre-market,10-Q,0001736035-26-000016,https://www.sec.gov/Archives/edgar/data/1736035/000173603526000016/bxsl-20260630.htm,verified_filing_fallback,
FSK,1422183,2026Q2,2026-06-30,2026-08-06T10:27:33.000Z,2026-08-06T06:27:33-04:00,pre-market,10-Q,0001628280-26-053783,https://www.sec.gov/Archives/edgar/data/1422183/000162828026053783/fsk-20260630.htm,verified_filing_fallback,
CGBD,1544206,2026Q2,2026-06-30,2026-08-06T20:02:56.000Z,2026-08-06T16:02:56-04:00,after-market,8-K_EX-99_RESULTS,0001544206-26-000056,https://www.sec.gov/Archives/edgar/data/1544206/000154420626000056/cgbd_2026630xxex991earning.htm,verified_exhibit_content,
GSBD,1572694,2026Q2,2026-06-30,2026-08-06T20:50:00.000Z,2026-08-06T16:50:00-04:00,after-market,10-Q,0001193125-26-338331,https://www.sec.gov/Archives/edgar/data/1572694/000119312526338331/gsbd-20260630.htm,verified_filing_fallback,
OCIC,1812554,2026Q2,2026-06-30,2026-08-06T21:30:43.000Z,2026-08-06T17:30:43-04:00,after-market,10-Q,0001812554-26-000047,https://www.sec.gov/Archives/edgar/data/1812554/000181255426000047/orcic-20260630.htm,verified_filing_fallback,
ASIF,1918712,2026Q2,2026-06-30,2026-08-07T21:20:26.000Z,2026-08-07T17:20:26-04:00,after-market,10-Q,0001628280-26-054923,https://www.sec.gov/Archives/edgar/data/1918712/000162828026054923/asif-20260630.htm,verified_filing_fallback,0001628280-26-052601: Item 2.02 filing has no EX-99 results/NAV exhibit
BCRED,1803498,2026Q2,2026-06-30,2026-08-12T20:10:04.000Z,2026-08-12T16:10:04-04:00,after-market,10-Q,0001803498-26-000048,https://www.sec.gov/Archives/edgar/data/1803498/000180349826000048/bcred-20260630.htm,verified_filing_fallback,
